gene,pvalue,logFC
G6562,8.857775216866369e-06,0.7135024738142677
G954,5.6009132141276354e-05,-0.7200383216889843
G7023,8.106923799147029e-05,0.6163592744262829
G1304,0.0002284299974405302,0.6190895991754032
G7678,0.00029792863980072015,-0.5915746820989154
G3544,0.0003803713646621371,0.5709047334580625
G235,0.0004891762135252585,-0.603092037571732
G2474,0.0005101665729087682,-0.6144121866225893
G490,0.0005778602065884404,-0.6176418787022906
G3871,0.000731853295652251,0.6012839995469443
G1360,0.0007416610149456672,0.5947928181844796
G3706,0.0009401167205635941,0.5790197384232113
G989,0.0011043730175020854,0.5209115345038614
G1580,0.0013327080158932155,-0.5675072424893237
G410,0.0013507491759955593,0.5479564859785666
G2885,0.0016126375471273036,-0.5553894334557041
G1074,0.0016671279075269445,-0.5499952839701707
G3424,0.0017109045687279092,0.5564558445078817
G2100,0.00172657626981088,0.540835805563993
G332,0.001782112261948819,0.5484832779568174
G3286,0.0017950318237920436,0.5361618944079081
G4599,0.001813698830298061,-0.5558175270496029
G7041,0.001860366093830497,-0.5790914983495103
G1892,0.0018892509838910627,0.539558214715901
G7072,0.0018941499497137993,0.5554504147358904
G4069,0.0019145856281759172,0.5428052420574467
G3659,0.0019171000166052913,0.5563432333486216
G7643,0.00206772240958498,0.5481690745051826
G5592,0.0020939300407255518,-0.5116657414242054
G7255,0.002143000423564944,-0.530283245001409
G6301,0.0022233825969086487,-0.49708976313210407
G7467,0.002312987880679087,-0.5326455583305791
G224,0.0023167591524821504,0.5502703665704547
G4384,0.002459300181441697,-0.5090572001523659
G2069,0.0027394655308099233,-0.5126157593219309
G4366,0.0027509985647432445,0.526460433850073
G759,0.00292312180034051,0.50872452377972
G3904,0.0032166138351083463,-0.50480812959754
G5546,0.0032194812962330344,-0.5215114393460705
G5371,0.003360721567936957,-0.5229842160907339
G411,0.0034885609240600324,-0.49751283639451704
G5591,0.0035581635777359477,0.48311856996986585
G1868,0.0037731223081448355,0.5168876396399362
G1162,0.003846154493084792,-0.5102905264917185
G3878,0.0039056057539684254,-0.5165060317068007
G4852,0.0039906043386925836,0.4994501459428624
G6124,0.004054160229421934,0.5181152751783303
G2966,0.004064077044759884,0.49096885170914434
G77,0.004240842661884624,0.5242218783418113
G5405,0.0043196144719268355,-0.48949125155255924
G1332,0.004378205537736131,0.495696616019287
G3712,0.0044983339371835115,-0.4580448159867182
G4033,0.004512689024257655,0.4887250293112168
G4486,0.00453905836035777,-0.4739122312086326
G6192,0.004677384255571658,0.49153687415830255
G7604,0.0047170303570163285,0.4850204019570552
G1306,0.004759024663171109,-0.4830112268602825
G7052,0.004761452161978538,-0.49598202866743035
G7197,0.0048554908796357875,-0.4832821770149345
G220,0.00485698029744629,0.4628666888870815
G7571,0.00489251889282721,-0.4590382541951674
G4987,0.0048952660555829,-0.48707277031201823
G6786,0.005636811055368782,-0.5004747984994316
G3078,0.005757115547542012,0.48921963642420147
G2856,0.006206081223713614,-0.5043641231348044
G6951,0.006428904859920258,-0.4601588791562452
G7593,0.00658291830713471,0.4466797991868966
G4400,0.006692592290312917,0.5049918332787342
G7640,0.006912714062915022,0.45999917503505167
G278,0.007091813326698339,0.47530317155146123
G842,0.007215763386873498,-0.4318430896741974
G6033,0.007225357001227186,-0.4496884325034366
G5817,0.007240392370552802,-0.4705673443401778
G3129,0.007291065610787895,0.45722149665913614
G7032,0.007425151989436914,0.4433844185203327
G4436,0.007448426807511899,0.46557937174821995
G948,0.007482262986962766,-0.4499156804421309
G2180,0.007721281714707305,-0.472563451698132
G3619,0.007787535591553264,-0.44590285977536226
G1631,0.007865726933730756,-0.46769714042595556
G1177,0.007909203287918732,-0.47657997205617236
G4510,0.007958298617832692,-0.45624290442651255
G6918,0.007998546506992372,0.484031797066551
G1578,0.008004644636079809,-0.47514001338131173
G6045,0.008105938556007365,0.4545881825190431
G2732,0.008182460638984493,-0.4518586444229309
G1976,0.008191674437439468,0.45948889254443825
G4504,0.008201944194517124,-0.4762727204713943
G5991,0.008204376161690664,0.4605180874321533
G6848,0.0083713395078807,-0.4518199429434161
G5810,0.00841829394405369,-0.4429608418870673
G5971,0.008440444939676555,-0.44745774540467187
G1437,0.008670820405608555,-0.4310698848349332
G7332,0.008727109716145143,0.4640835046315258
G3635,0.009008132015079676,-0.45115809717363076
G1460,0.009025705690485853,0.44811595322518355
G5227,0.00902880325544079,0.45609409982585736
G6850,0.00904297935793637,-0.43684625444530545
G3295,0.009150176497836757,-0.4401268288533781
G6963,0.009170337500081276,-0.42217740612252264
G7259,0.009292801839584714,-0.4067421767679663
G1728,0.009456356166444382,-0.4523407798588066
G1884,0.009523255782528267,0.4324359051275187
G7435,0.009549939025567977,-0.42672399510886355
G3037,0.009655459309672034,0.4547283699776765
G4938,0.009682943048736254,0.4190647598577367
G5301,0.009859474035556624,0.4553287751196567
G3108,0.009894943034738181,-0.43779223195621586
G4383,0.00997247050760587,-0.43079519376473996
G2454,0.00999760070762089,0.4383906695393728
G5472,0.01004912663263475,-0.4516715932701807
G2148,0.010166374008443944,-0.4174716421958213
G6630,0.010168046491897047,0.43854330674959147
G5535,0.010263894879492886,-0.44406177155125415
G5483,0.010276502352066251,0.45736425699316235
G7063,0.010299772134675419,-0.45294967111870366
G6875,0.010317055013033732,-0.4286497511340118
G2118,0.01033840935129377,0.443414500876815
G4178,0.010423732342859648,-0.45505513240270545
G4097,0.010427213978812558,-0.44689295344946983
G2977,0.01058639392717081,-0.4372595447941534
G5701,0.010702503903875159,0.42602504211730485
G1339,0.01074301869132101,0.42333150483380355
G7727,0.0110153051911052,-0.4369864903322914
G3177,0.011029158053969007,-0.43081995205998636
G2825,0.0112020789761521,-0.46688760120955475
G51,0.011456559901858903,-0.42997290330579224
G5462,0.011712536379315002,0.43576050244511033
G5043,0.01172933571386553,0.446397511754048
G5116,0.011797781600376173,-0.4357895823794383
G5695,0.011811477916261102,0.42231024445044185
G4895,0.01199387322543783,0.45296074041168394
G723,0.01202321019644648,-0.42453551969339093
G5230,0.01216360077596058,0.4403183760237972
G7985,0.012310727451881815,0.427148614941126
G110,0.012318175963612735,0.4391195062074914
G4604,0.012368760685057732,-0.41406883770493197
G2154,0.012431896759069812,0.4655323052159353
G6349,0.012500218877472047,0.40270927801095596
G7078,0.012616641940864832,0.4408786179553392
G1541,0.012759469192142195,0.45414624622769084
G4940,0.012988166751264336,-0.43155033758257283
G3669,0.013123479096595947,-0.4440639309874711
G1198,0.013348539081671218,0.4309076935596129
G5265,0.013363457324950586,-0.41927272732503945
G7731,0.013781776106013681,0.43086853900390265
G6399,0.013790734078039798,0.4017024668527289
G4393,0.013815088785159163,-0.4273875492479071
G1501,0.013817040742363985,0.43152137195335843
G362,0.013964152161024132,0.44377967579913985
G2120,0.013990083292657163,0.40710934119010356
G5874,0.014058095493442455,-0.41588457932488543
G2862,0.014190808547780752,0.40964394062925774
G7347,0.014307073093155515,-0.45731688272341964
G1135,0.014561557359745292,-0.4175260255137338
G3401,0.014673305086550126,0.4200039756852634
G993,0.014713265883812054,-0.41667324780753184
G3535,0.014731403525437173,0.39616712132194876
G3510,0.014756767678567581,-0.42086338424229863
G6436,0.01478284735581804,0.416016424121361
G6906,0.014948164528311447,-0.4301547412777744
G5853,0.01497449656844218,-0.44333522110929596
G3966,0.01501951727408427,0.4220821754359142
G5446,0.015303324231216888,-0.44870835506844275
G703,0.015308727245194154,0.4051463763402866
G388,0.015378883388162401,0.4070179065250461
G6455,0.015484350105596671,0.4235101396741381
G7645,0.015504523992725519,-0.41466764048149624
G1275,0.015509640697373183,0.40751797290839337
G7698,0.015511819392524976,-0.4020538020374014
G3593,0.015580230714619262,-0.4051161469599941
G6254,0.01570080929158174,0.41615955382701825
G6245,0.015716524672741768,-0.4340951863834588
G4035,0.015911094137547627,0.39610225824828466
G2384,0.015998149469949687,0.4272928592594119
G3636,0.0165284495021499,-0.4043119840027478
G1857,0.016609159991504453,-0.4046996748723165
G1623,0.01666631138559698,-0.41422879695710013
G481,0.016849003748571734,0.4079026546414161
G1161,0.016911912886181987,-0.4251794174981058
G3112,0.01707611029516867,-0.3943672043368367
G5622,0.017104217723921573,0.4200407623571719
G7884,0.01712557163132297,0.39903528389124
G7030,0.01714472687889762,0.42233492626809643
G4499,0.01724797588381529,0.40623005571071064
G5947,0.01769711446683685,-0.4139758154060043
G699,0.01769767550017498,0.4314668253833478
G1878,0.01805381113375148,-0.3961595822952649
G665,0.018148069896626325,-0.41228560571131423
G3350,0.018321175002234687,-0.4276913024705383
G2004,0.018385224141385534,-0.3935596084887223
G6744,0.01845461886947049,-0.3962357207477527
G4944,0.018465885997441138,0.41459667989636806
G7526,0.018491352456476446,-0.41354937384979484
G7820,0.01858487083853172,-0.4161994171298776
G6395,0.018609748887793313,0.4122933600633821
G5845,0.01868103539682085,-0.4065384281783341
G339,0.018761914818049195,0.39613074068323484
G5037,0.018765370222744337,0.41623852017204815
G467,0.019038525928616046,-0.4048164884258059
G7365,0.019056948887818715,-0.3733908837176464
G5161,0.019160843673897296,0.4050195477096574
G1973,0.019402115670562957,0.3687217130830761
G5597,0.01947053334987434,-0.39999823503441323
G5625,0.01950533137577814,0.3913466509132928
G5128,0.019517549652943708,-0.43411585524544677
G7632,0.019557536153850884,0.40536859388459556
G1500,0.019625865887108296,-0.38244971727024385
G813,0.019952315535328786,-0.41043135915214124
G932,0.019954267749657938,0.39226254191365895
G2657,0.02003627379908349,0.3886421461229613
G1090,0.02004796998403024,0.39601540891862963
G1895,0.020085157178561932,0.400874992346481
G7462,0.020126750149307805,-0.4028533786408556
G5819,0.020138066994577552,-0.41262760531219045
G5005,0.020169406680324433,-0.40387172892168965
G3255,0.020174506111462612,0.3596305991143732
G866,0.020288423911458478,-0.3849378229424449
G4706,0.02036112363047201,0.40341566012049024
G7705,0.02043264751156925,-0.40923795599003143
G2691,0.0206024575584236,-0.41063829157285714
G1558,0.020878572832686286,-0.4098369612443242
G556,0.021034513649664535,0.3980907179493991
G6733,0.021076537123217595,0.37201224021134904
G143,0.021210674452317637,-0.38906259853496816
G561,0.02131263785369396,0.4196463435090424
G4163,0.021391373581844304,0.3953368539825196
G4267,0.02141553027080492,0.40106279554223734
G5215,0.021471876463597155,-0.38819067190653467
G5326,0.02158175606440563,0.4331938127290224
G257,0.021632643468545387,0.42522310080949405
G214,0.021641104684028058,0.37197351802862416
G2738,0.02172869220875517,0.38996697328293595
G1725,0.021819466608871897,-0.3911059829038369
G6355,0.021905110954951956,0.3875072954293939
G7866,0.0219364531050667,-0.41930076365572455
G674,0.022208025728455,-0.39616819991474195
G3467,0.022241089018809848,0.37946616222248764
G499,0.022246395717561995,0.3691255843157339
G3504,0.02226781086365786,-0.3746041299122873
G5124,0.02244742031978338,-0.4059233050742922
G3596,0.022570415325524004,-0.4094980403510759
G259,0.022573537821179383,0.39097738786260455
G2945,0.022696578660831374,-0.39285007198130556
G6756,0.02274610362747464,-0.38895745402211496
G2779,0.0227653479328807,0.4015213619453999
G981,0.022806104733925834,-0.4119352590881294
G6612,0.022832758386112793,-0.3929053038434348
G322,0.022857130762572956,0.3935190013541856
G7014,0.022863205990731588,-0.3900804104653769
G7158,0.022900561364046015,0.4043504080265835
G1268,0.0230680548813476,-0.4166570680179591
G3453,0.023228837337974217,-0.36705452593114074
G4965,0.02323412665336733,0.4073564180740638
G7806,0.023313441663429604,-0.40506977886493656
G4545,0.02331910201988218,-0.4046162115543906
G6890,0.023386123466004115,-0.3635249031844582
G6450,0.02352938240966159,-0.38105973090479106
G3254,0.023581194100987232,0.36964610958622524
G1390,0.023723359889607092,-0.3888498813096236
G311,0.02398514843660245,-0.4154683010729363
G6189,0.024167363752531888,0.38895540538474516
G5948,0.02432646034530625,-0.42339183278663617
G7610,0.024729455176025747,0.40005908219876496
G3820,0.024933283761681548,0.3849966372463581
G3042,0.025057747572852545,-0.3476762455433381
G1991,0.0251587709995131,0.3844127331591182
G1294,0.02526201854973718,-0.3800073581459873
G5262,0.025343439616749456,-0.40221969611940356
G1005,0.025522155245615425,0.4103141181168244
G3748,0.025533603473476305,0.3915743565022385
G1717,0.02558192113644663,-0.38044336189409256
G686,0.025861494259119336,0.36931576801941957
G7707,0.0261947676323783,-0.37195933031303463
G5440,0.026282850828764446,0.38625494780746916
G7585,0.0263481646589737,0.38210981481156087
G5686,0.026717496440518348,-0.38345043087165154
G7815,0.026857066687252934,-0.37696755098444407
G2544,0.02690352485673581,0.39447885856366
G5746,0.0269422058963115,-0.39928439938713456
G3363,0.027115923148863727,-0.3759729119825147
G2139,0.02715838946871348,-0.37951838468820226
G4296,0.027194242649355813,0.39232437387715013
G5891,0.027199859753296987,-0.38713173698616465
G4843,0.027201597820690204,0.4022976905666973
G2768,0.027243008852914866,0.3771660220479175
G508,0.02748069142658144,0.37200376823365466
G5703,0.02758284087604258,0.4001454655658366
G2314,0.027797017303538337,-0.38210792971689145
G5503,0.027843833906467413,-0.37403843048189656
G5987,0.027865389202850838,-0.3814870098065418
G540,0.027919754999931837,0.3715509145271332
G3423,0.027987727938570236,-0.3558822537268338
G3001,0.02804231778309915,0.3882565903176845
G6584,0.02821465827511041,0.3603621271101516
G3573,0.028367523848459385,-0.3845221937992639
G2659,0.028370673370492473,0.3494261205995276
G6928,0.0284311387582008,-0.38284864990109624
G5260,0.02851002452154927,0.38327808907709227
G1513,0.028569569727941013,-0.3606173914565364
G704,0.028715747990480094,0.38267198837947713
G4919,0.028874459065324574,-0.37585693282631827
G2549,0.028965707844106736,-0.3871819237262719
G1620,0.02897989156239919,-0.3800483728950617
G1634,0.02908062098220763,-0.3843915908367834
G6086,0.029225282894270406,-0.39300025740075595
G5214,0.02926966059270402,-0.38049070627805204
G81,0.02930938773381194,0.3827815843367141
G6618,0.029417449570571207,0.39983813080340475
G49,0.029419535444769537,0.3604444244236067
G7223,0.029483067281865623,0.3733496279810217
G2866,0.029574119929610048,0.3590586490572498
G538,0.029822699290744305,-0.3646784310112345
G3069,0.02993473860482955,0.36153639557454303
G97,0.030017523872413767,-0.3917122778335763
G6752,0.030114886761753203,-0.3673800777149
G990,0.03014319076117408,-0.3638376176279521
G6181,0.030308226240471473,-0.37143272313055076
G5650,0.03039713916149471,0.3844395019035849
G4766,0.030458983627735723,-0.3971687853875893
G141,0.030517105771026364,0.37457704036238126
G1798,0.030538081126774985,0.37880951784227734
G2940,0.030567828054153402,-0.359413575826384
G2330,0.030873789855258963,0.3333203999970724
G3353,0.03102716996324744,0.33830540198768094
G2800,0.03111009029738802,-0.38248266681307774
G3575,0.031315274019364944,-0.3894606848544576
G1614,0.0313678675340415,0.38173854980996696
G7780,0.03170651781920704,0.38518532323950955
G2666,0.031835836044210246,-0.3651983426872534
G3161,0.03185602776716637,0.36914227033646896
G4775,0.032377503495693245,-0.3676245208839365
G1751,0.03248572563890401,-0.36190394216094157
G1394,0.03252223215109078,0.37418727981630073
G215,0.0325328394196101,0.3706900896933115
G2413,0.03259676836510812,-0.3785526943037264
G6281,0.032659941065102255,0.37746226077153455
G5479,0.03291475498682185,0.3575784592123711
G5406,0.033185772628372905,-0.3621798781220712
G7624,0.03323452347416775,0.3533963617054827
G2500,0.03347853879543487,0.37969145922774206
G5422,0.03348687861634259,-0.3540411182963846
G638,0.033503492989243065,-0.3814470199956509
G3967,0.033706706692194,0.3729893137390483
G6415,0.033825911055521046,-0.37156005987767526
G917,0.03384778151478455,0.3768403376501039
G6585,0.033921219591432544,0.3659214190956265
G7459,0.033976070689975706,0.36261069452453626
G6205,0.03402278809170179,0.3578673114169771
G4611,0.034054837091149315,0.356639415960577
G7541,0.034207380091871714,-0.3353610566424885
G4641,0.034513452030746516,0.35315020428429517
G3910,0.03458884949931293,0.3459864778844559
G6572,0.03464362556615529,0.36227982578311185
G3779,0.03472947582063691,0.3700068729576423
G354,0.034734664058531914,-0.3700889460824722
G7119,0.0348038355903243,0.3657991660529077
G5867,0.034806811194030465,0.36335207322855334
G324,0.034821092989644045,-0.37228821783454147
G1696,0.034927229210940325,-0.364939636775334
G3072,0.03496419209580381,0.3668922994625204
G2176,0.03502395484736073,-0.36681430109314567
G1947,0.035062210879788204,0.3714599965143055
G6229,0.035106636615992316,-0.37601673624191906
G7427,0.03514427818222342,-0.35000701253338684
G6593,0.03515820219915853,-0.34326071743385067
G2775,0.03516162988701134,-0.35833645540365
G4633,0.03519353058652576,0.3510641262428478
G5654,0.035281377608125414,-0.3569865115481433
G5668,0.03532528869931708,-0.35807575061343944
G734,0.03535176217701258,0.3690046558974134
G3691,0.035364306085571624,0.3660275818190756
G1205,0.035417014582503806,0.3716445782393058
G2559,0.035807688868458844,0.36685323158458893
G950,0.035928858682086236,0.35728029841813536
G7438,0.03597186738453172,-0.371058369902566
G6894,0.036010071749618455,0.3822659385387297
G6357,0.036123715196794456,0.34681054884935286
G7531,0.03621657525755265,-0.35149876799264834
G489,0.036358718112455383,0.3551683958982383
G5758,0.03640075230675052,0.36111442883423467
G1469,0.03702820342615236,0.3725707758558686
G3481,0.03724234555841912,-0.36137516721821494
G5004,0.03743259650629753,0.35618464724586196
G6014,0.0375900876719989,-0.35159637926593146
G6273,0.037649133787894834,-0.33779106928012814
G4327,0.03781663176655757,-0.3633766317000065
G4350,0.03793200504407289,0.3589407230826335
G6889,0.03798793323518351,0.36074188789969286
G5298,0.038134047727907565,0.3417299943006503
G11,0.03814734231563699,-0.3668802352375243
G5271,0.03815758065317089,0.33589330246110805
G1606,0.03852809415272749,-0.3595991972574202
G5114,0.03856663559956742,-0.3739415599894991
G4642,0.038691179903485,0.3682197403753805
G3832,0.03892641113816253,0.33811553716930787
G3093,0.03917937487697778,-0.35638550264626323
G2122,0.03936619305650729,0.3492637822635165
G761,0.03952548961406719,-0.3362544498260213
G5719,0.039546219705358106,0.3427737295952081
G6042,0.039675251362147605,0.35752989453863865
G3736,0.03978598228940051,-0.3460916283904414
G7210,0.03996582129271112,0.3555068388180747
G5078,0.040204174351090374,0.3525729509452027
G5579,0.04024046536689697,-0.3504464887683661
G4685,0.04048796003229019,0.35684593166173906
G4861,0.040605244661840185,0.34777118771805654
G2547,0.04082983885843187,0.3556675134306324
G1574,0.04086931068427259,0.341556079173745
G6991,0.04102970150541274,0.3474768043723962
G111,0.041155643215999044,0.3298023767136017
G5869,0.041272807509981774,0.3495847395709013
G5188,0.041298710488324036,0.34802694376546434
G6489,0.0415157458226884,0.34416614689940617
G6101,0.041641904790220105,0.3634843841102459
G857,0.04216833880940986,0.3600397822462991
G7136,0.042205016109324305,0.34161585126840877
G3091,0.04222483107992787,0.3624150226878128
G2224,0.042279739500795124,-0.328257384128943
G3307,0.04234607438189297,-0.37132706679457417
G6917,0.04236822371577119,-0.365720678784498
G5583,0.04237819204660901,0.3474980289537838
G5041,0.04244008292317095,0.3601725979088678
G4373,0.04244093929083194,0.35533666170968603
G4480,0.04252625593709965,-0.3493223934969305
G6907,0.04263757394573564,-0.3658689260557697
G6164,0.04271372351445596,-0.35227423806799263
G4889,0.042828001459543484,-0.34255959563371136
G7247,0.04307926786392931,-0.32108185103101283
G5816,0.04311551864086896,-0.3453900946457753
G3502,0.04333896653225043,-0.3423959567829521
G3798,0.04354855599002923,0.3475401223215031
G792,0.04365407100221211,0.35219243136224376
G4180,0.044193254455114496,0.3347641896039928
G908,0.044454967391630185,0.3638672650741474
G1743,0.04449427130343114,0.36742098769220655
G4181,0.04455018008346598,0.3424247498783602
G3923,0.04468740512619525,-0.3314645474554199
G6525,0.044766221145445415,-0.3413500067611975
G889,0.044963268011292516,0.32675674591243015
G2604,0.045086430280157755,0.34162969007419886
G1768,0.04521748578504631,-0.33822897292725934
G6600,0.045235907893620114,-0.34114478852714963
G1030,0.04527090207316945,0.3305263197750887
G7140,0.045614312430215645,-0.33289003051620647
G1621,0.045661054436596606,-0.35161759395805303
G6660,0.04592598315029894,0.36097505896566384
G5309,0.046127722886992524,-0.33355792349331453
G7928,0.04626842556834466,-0.3613391542925499
G3171,0.04643749373534498,0.3398505889828328
G758,0.046478406212910654,-0.3360491492146505
G2361,0.0465214718305946,-0.33663376025367314
G5263,0.04653814892836054,-0.32531079017714215
G7239,0.04657249643200404,-0.33422549872022145
G5689,0.0465958093634641,-0.33781505598660266
G5750,0.046608315859577566,0.34390683971247793
G659,0.04662458127389122,-0.34747591022845664
G945,0.04674056909109465,0.35497140978127684
G6528,0.046778060959149284,-0.3480454117653871
G5844,0.04686371001342307,-0.30751112034156836
G267,0.04699175647049424,0.3530178921374663
G2878,0.047114390163409105,-0.3675311125676537
G3764,0.047252309737519496,-0.3533463069435609
G7377,0.047280989551259096,-0.3462458315036463
G4747,0.047283643484146744,-0.3470385670745167
G6664,0.047404023856795686,-0.34775500547923094
G6400,0.04753156193792642,-0.36600882427894477
G2772,0.047642161957013075,0.3359705607863145
G5998,0.047724435161199806,-0.34482145245614704
G5522,0.047866197596658326,-0.35849514446684627
G5656,0.048066714441917804,-0.33317176224120015
G2665,0.04828636696515123,0.34893760960503895
G7668,0.048399917212297076,-0.3353500089237217
G6319,0.0486765587542469,0.34017969402775783
G166,0.04867729253730622,0.36929697242427717
G357,0.04872459435468573,0.3411135597357391
G2711,0.048765181306936016,0.3347847690473532
G6672,0.048803409545586825,-0.34131076584050857
G2089,0.049107675946996915,0.3716850162242638
G2394,0.04949872491428421,0.3576165427792625
G2476,0.049567093804929165,0.346656559609772
G3640,0.04957222463658657,-0.3355962881185303
G4205,0.049815442443274294,0.35080624012966133
G5811,0.049880258899913946,-0.3357911158780814
G2267,0.049929501870503656,-0.3184466108432257
G1577,0.050096467011316856,0.33544750894493847
G3084,0.05019906408846613,0.34887239370392864
G6814,0.05037360604283982,-0.339820572271618
G5821,0.050452230111330904,0.30642601217291465
G5267,0.05048066626082717,-0.32994440125801244
G442,0.05062061728150173,-0.3335152246529346
G1791,0.051005088897425804,0.34027557316165935
G7630,0.05105392845109112,-0.3308730827222436
G5391,0.05105793538698394,0.32653909488779564
G620,0.0512680221351704,0.33678508450877775
G1932,0.05126822708322532,0.3312670171657274
G2114,0.05193262506548035,-0.34415546833576505
G4956,0.05215204554808713,-0.32796234301674204
G3692,0.052228930421873175,0.3345769423518248
G5306,0.05238512666548904,0.3388104757347539
G6673,0.0525046537781048,0.35477947185836195
G531,0.05253395086614888,-0.3381416609067192
G3389,0.05254210060765995,0.34202710801103076
G753,0.05268384820599963,0.32575228339188367
G5272,0.05270051190254344,0.34824103807896234
G186,0.05272744605870272,-0.3463075010874531
G1624,0.05281270764663164,0.31609376861080785
G156,0.052827333714077634,0.34860061361295047
G5694,0.05285662151522468,0.3445644845011942
G527,0.052901410770410495,0.3179033581133688
G5748,0.05313752909083351,0.36038722455678446
G3337,0.05314053601683963,-0.32496387941671534
G3407,0.05314621764727588,-0.331266534353973
G4188,0.05320843389377716,-0.33455240936925523
G5048,0.05324569591512798,-0.33868246947702485
G6407,0.0533934688842633,-0.33947068060572677
G7592,0.053419438133520326,-0.34368466015041566
G7803,0.053437398760466374,0.34645673132269916
G4214,0.053793477075398714,-0.32954829058910734
G5438,0.0540199438924827,0.32964182368969835
G6267,0.05404747021295676,0.33430541675223113
G3208,0.05410756133270685,0.33913444572797014
G6732,0.054125536794502146,-0.3203407711180014
G2904,0.054516227369698356,-0.34754798219195826
G4317,0.054580579741150506,-0.32546664978468726
G4268,0.05460637266310362,-0.3307627124535741
G4029,0.05462314638272721,-0.35355676015258747
G815,0.05465559792099238,-0.3451656169453182
G5197,0.05486819505594864,-0.3503999989019816
G2791,0.05505485985157703,0.327163606089325
G7846,0.055183182724025066,0.33195884831361405
G1262,0.05520640450232564,0.3264340477419805
G1727,0.05536497887494643,0.33008143232661746
G2200,0.0553672017032432,0.35505748800062975
G4146,0.05621926945576208,0.34091998113644373
G7502,0.0563514277355324,0.32072718078438817
G2300,0.05638683328739383,0.32043640767470233
G2156,0.05651337177754101,-0.3460673347790335
G6050,0.05666563460302142,-0.317892126058616
G6397,0.05689914481677226,0.34128375126876476
G4586,0.0570368469702424,-0.30513010282913455
G5584,0.057084924306627594,0.32112254207558666
G4565,0.057281505638142265,0.3005130148195072
G7503,0.05747538052113157,0.3265268396881623
G5448,0.05763799230460382,0.3314628029837772
G1328,0.05764327293961604,0.3225085130246944
G5312,0.05811260167064568,-0.3451759796486349
G3097,0.05813474773364354,0.34512963096059324
G469,0.05821367267097116,0.3357090704575431
G4627,0.05827942444490538,0.3212944183050067
G5282,0.058283032867091335,0.33598923822661486
G4978,0.058324157917235026,0.3367066743255409
G2810,0.05836543778144483,-0.3403501820798678
G1924,0.05837468218960347,0.31185155118326346
G5500,0.05849059021923646,0.3233887556776359
G1254,0.05857184772156806,0.34690455903350487
G5195,0.05872882803032671,0.30540620814644026
G7625,0.05881616123001756,0.34072950329747426
G4385,0.05882359112142799,-0.3291044787433349
G1948,0.05885529259343639,-0.32479909245002403
G1951,0.05889546428356031,0.3280588842119139
G3983,0.05896843129642053,0.3200470716631781
G1357,0.059004152965034286,-0.34501407363492004
G1945,0.0590967088177595,-0.33517183227818625
G4072,0.059351527391348295,0.30722909308934765
G3132,0.0594290808394938,-0.3199986971928032
G1446,0.05963867324910956,0.3305267554804915
G4281,0.059759804503159604,-0.3305803165110435
G5088,0.06005254506809835,-0.33724807810856927
G5843,0.0600821418255976,0.33134666717848693
G2669,0.06023623321260136,-0.32793483867566287
G3618,0.060283100549130574,0.31283284625197155
G7548,0.060295494442635676,-0.32447506474201326
G906,0.06070975728161177,-0.33401411882272997
G3999,0.06081809914696832,-0.3308541218919364
G1955,0.060969296386255034,0.31948753064365687
G5791,0.06100607281475147,0.3347375921334051
G24,0.06105144193490636,-0.32445245934265343
G3241,0.06105157744567377,0.3345044983287484
G1201,0.061280579905786926,-0.33441956906391657
G6648,0.06138220655471161,0.2955256516569962
G4526,0.06143565104290194,0.31577028905393234
G6980,0.06150465738988015,0.3196899367426243
G6874,0.061542447102996715,-0.331016713730263
G1440,0.06161051386542672,0.31249686479639366
G2056,0.061908198801663636,-0.3232477107207191
G726,0.06209475071701816,-0.30054332393858413
G5100,0.06214418936905361,-0.30836004399982053
G7760,0.062430655957503245,0.32212766773909124
G821,0.06249522785928167,-0.3197940646353796
G1229,0.06269471978715485,-0.32263350259573037
G6610,0.0627795205695223,0.3193998971052748
G7157,0.06290763468529632,-0.32431505893517176
G4882,0.06295834289618882,0.33588923989166497
G6839,0.06321817051619302,0.3039823964057707
G2681,0.06335577780873261,-0.29781592496098275
G5960,0.06345139767068976,0.32261052645394694
G420,0.06366545371964479,0.3051900830011352
G405,0.0636782888075553,0.32778725084281024
G1936,0.06373676348769783,0.33600487605338714
G2201,0.06386273422051535,-0.31970168749643724
G3777,0.0638767859001515,0.3159221450036109
G5453,0.06395707240910595,0.3379099826441357
G1452,0.06406463612920753,-0.31434760455713984
G6708,0.06406889345896842,-0.34602008027430564
G616,0.06422894321759423,0.31584673536561514
G2735,0.0642377780526763,0.30507248385704056
G3328,0.06424345803387212,-0.30780894981382145
G5892,0.06434332821517169,-0.33733126330440544
G5762,0.06447960975476924,-0.3152002948667686
G943,0.06450987828251828,-0.30218550418161827
G4605,0.06462566934166028,0.32160049551307146
G4231,0.06470743260929064,0.3225832394438516
G2405,0.06481068165791652,0.30161462778678483
G4964,0.06495262399485957,0.327077141539168
G5722,0.06496640192578503,0.30725251067686377
G4118,0.06506273262926944,0.31500168164156794
G3429,0.06545262996282347,-0.3026856493720439
G1750,0.06551047209551382,0.3446785826314772
G3793,0.06556400607801381,-0.3195499801085262
G3511,0.06567044767133003,-0.31748353176136856
G1804,0.06590138757864783,0.3104972964616274
G5979,0.06598158483592108,-0.31900789396274787
G3813,0.06608896526562406,-0.33246424989173606
G6774,0.06617995151271201,0.3015781617334187
G2700,0.06626542462153728,0.2962083620988825
G3696,0.06652660746174661,0.3361099140504533
G6555,0.0665991265228651,-0.31184562041256414
G3100,0.06668828226141739,0.31369347895891153
G697,0.06670536482477447,0.3138306297065947
G5630,0.06694936799378758,-0.3286425707031013
G729,0.06696786449231701,0.3048259728233609
G7999,0.06697805287628915,0.31248193282745057
G1959,0.06704321504677387,-0.3302737072118911
G266,0.06704537578785857,-0.31871813425752726
G1954,0.06727462634023268,0.31292626932636214
G7375,0.06742093206297198,-0.3325582840148302
G3471,0.06751575831762738,-0.31611114330968754
G4750,0.06753259993403098,0.3065854389913822
G7110,0.06757997593897548,0.3218401641801839
G1399,0.06761523089961567,0.31573554816581495
G190,0.06764195179895648,0.3141543520322047
G1977,0.06769298327181225,0.3127484854061745
G5056,0.0678157809363254,-0.31556679178958913
G7312,0.06783486491305699,-0.30127359016661936
G2242,0.06789858112757709,-0.3164390325636494
G227,0.06793395972286197,-0.31454860221308034
G4828,0.06800892067026285,-0.31149593530592595
G1970,0.06806111407234963,0.31489315937788914
G1373,0.06809722701338103,-0.3019006404021767
G466,0.06812537221024126,-0.32080984493030107
G5322,0.06813632960089429,0.3092410890921808
G1871,0.06814858500911035,-0.31657360874454166
G3526,0.06816688363170968,-0.33966511207144734
G5549,0.06817347355569708,-0.30870069848887505
G2483,0.06835192626138938,0.3159603534328753
G3631,0.06852790243439728,0.3244683551425548
G1179,0.06853498514049343,-0.32291549748483
G453,0.0686068696272577,-0.329291902810372
G6333,0.06871385789567679,-0.31714849127837896
G7225,0.06873071373029797,0.3096406336429349
G3095,0.06894559001098904,-0.3048813670029092
G5744,0.0690475066747152,-0.31728835836156566
G4226,0.06940037485239663,-0.31864748032052337
G1794,0.0698382931791802,-0.3230590952423984
G4361,0.06985753548980288,-0.3208833730167048
G6882,0.06986451781185249,0.3360494471452553
G382,0.07002067829341567,-0.3175480268210217
G5936,0.07002710292393863,-0.30924549112698024
G7939,0.07009285947701256,-0.30393680585495997
G415,0.07016092113571804,-0.296403792758722
G1467,0.07071331686565645,-0.3124837368123513
G109,0.07074797267228555,-0.3191807639060343
G5619,0.07082412483123847,-0.3356231121642078
G3483,0.07084168421122097,-0.310641169134816
G4539,0.07084239418614773,-0.31998078323162493
G2995,0.0708943695502722,-0.31258104983864976
G7723,0.07109789765333024,0.3128060745949386
G4950,0.07128269880774729,-0.3198135956741837
G1875,0.07129450815931046,-0.31377626088761157
G5077,0.07155419287953803,0.33064482131535067
G7133,0.07162088015562092,-0.3052358231733802
G3794,0.07167807900382589,-0.3093438305782318
G7694,0.07202739436003959,0.3236994999026913
G4030,0.07216091675886273,-0.31339665204444045
G87,0.07237600240867294,-0.3126826770846814
G5110,0.07247002281839787,-0.3148634296124166
G2694,0.07253021713425968,-0.32696682047515213
G4876,0.07258464846012094,-0.2978070009191479
G5234,0.07259079348592909,-0.3071692721963635
G1771,0.072730707277021,-0.29210539578623607
G5396,0.07289601246242142,-0.3116159854890156
G676,0.07293994910457036,0.31525381321064605
G2701,0.07299018614802372,0.34129852391106086
G6453,0.0730128853877482,0.3293078413994607
G7955,0.07327079971560752,-0.332063771472748
G3211,0.07327147604689031,-0.3300556906004429
G3436,0.07328928390683087,-0.3027753436060954
G7882,0.0736582891750618,-0.3023211490597677
G6911,0.07370687779102998,0.314183806716333
G144,0.0737474769207773,-0.31276523024250874
G814,0.07400449966618958,-0.29982369656835206
G622,0.07414576852681656,-0.3134350004688087
G1854,0.07423196984467152,0.32655759177833765
G3371,0.07426979824367326,-0.32394226242564234
G1071,0.07427489836889957,-0.3089975785837007
G6294,0.07434681634645354,0.3095345447496445
G4094,0.07439092324033358,-0.32214741782694367
G6935,0.07446117760871131,0.31100932061852127
G5490,0.07461634526869397,-0.3246499669356363
G4957,0.07463787086560227,0.3302665853827247
G1163,0.07479298486683665,0.30425134824817346
G1217,0.07516266357815797,0.3111415115762708
G5962,0.07537754664192596,-0.3100115342902662
G1579,0.07545112547576223,0.30911023173734825
G2013,0.07587725900248031,-0.3164797279777801
G5608,0.07595250023643962,0.31357442773334626
G6762,0.07599327993432843,0.29796040454671446
G2085,0.07600694896293471,0.31254861966814246
G3040,0.07602056604278888,-0.3133593828282054
G4523,0.07604129856938979,-0.3140092024080692
G1117,0.07625359024462189,-0.30318874809216206
G4691,0.07647750415730017,-0.3144019381362042
G717,0.07653468810443391,0.31642837502064564
G5629,0.07660209013200973,-0.32607600230658995
G4172,0.0767442199649842,-0.324191253460717
G1726,0.07695021982439491,0.2943622218096004
G2762,0.07729968649882474,0.29869962517129567
G3319,0.07743507415074641,-0.29619331586112646
G3394,0.07805615330599035,0.30626077222737014
G5837,0.07817268650761838,0.28053665074303913
G3283,0.07818052286584382,-0.3052728704665659
G514,0.07827680280621435,0.3100333058337159
G1230,0.07879321578121279,0.30260935655885013
G1679,0.07891686111984776,0.3181527948965437
G398,0.07902608165647522,-0.287281048375035
G1777,0.07920437588021259,0.3063832639973334
G4103,0.0793470638736458,0.2998833439870153
G2529,0.07940968129625663,0.3108042512990946
G2566,0.079487852504039,-0.2875104740286325
G1681,0.07959224667525537,0.30045495899046426
G5918,0.07976618492877341,0.29365286828529713
G1391,0.07978133193596428,0.30905976850011285
G7800,0.07988503568334711,0.32811170820661806
G7121,0.07995371732864016,-0.3018492690263732
G7093,0.08008566709492346,0.28983602238302547
G5243,0.08020417033348741,0.30481113934220594
G6279,0.08023837556743739,0.29330031755789937
G6493,0.08026763184576534,0.3089108468527606
G2355,0.08036874177771447,0.3083562163953324
G6460,0.08051115030135078,-0.3133738086933254
G2969,0.08051540057249051,-0.3160775472895757
G576,0.08058133692877191,0.3073175416521396
G6567,0.0806420266547758,-0.31499716807804945
G867,0.0808546673113755,0.3035000852886654
G3271,0.0809143421094686,0.2890146959145755
G2264,0.08092385066224879,-0.27793464720692695
G4314,0.08112069914651254,0.29780153477830373
G2185,0.08154278610237747,0.2930730772661684
G6479,0.08165182824712976,-0.3009537939028251
G6707,0.08204271333455478,-0.31738484931784716
G5756,0.08210501662550676,0.2918793136924687
G2960,0.08217998127972873,-0.272192037592052
G6881,0.08230976554611101,0.29112621683871
G1004,0.08233739005574352,0.2941893051321848
G4036,0.08242705233979788,-0.30029465123726595
G1166,0.08247104153631007,-0.28170456625692153
G1529,0.08249145288189985,0.293587883222477
G7572,0.08254405822398574,0.3134623676749112
G2598,0.08256818727246419,-0.28921405967317315
G3698,0.08300992146252487,0.2954517057758392
G3836,0.08315932534347939,0.31068269639732116
G1504,0.08321243957661931,-0.3052489837949228
G6547,0.08373990425110629,0.30495399833105596
G3077,0.08382696469460163,-0.2777880520154769
G2602,0.0842448567969408,0.2951072182952662
G6160,0.08425804324844738,0.31709216069607865
G4479,0.08437153414783359,0.3001461244126408
G1020,0.08439031749533514,-0.30497772076463375
G6550,0.08469226043187783,0.270776410701419
G5523,0.08490468772978355,-0.2908235068255016
G5065,0.08498885933506603,0.29840601819858015
G5652,0.08503929780498588,-0.3104106433300785
G3202,0.08527863991536658,-0.2740469416750621
G5156,0.08532882187781149,-0.2997113233109713
G7947,0.08542271207257635,-0.3109768911638985
G3547,0.08547934223497837,0.315431115876909
G6270,0.08549641724412975,-0.2946950505329589
G4801,0.0856340322614065,-0.29662845859428993
G7983,0.08564203567665588,-0.29810537953712835
G3058,0.08566633281431771,-0.3000936786014837
G1560,0.08572298460331856,0.3025419833855041
G269,0.08575929836013489,0.2944867417267861
G4971,0.08593733960521764,-0.29249382848359284
G5357,0.08595868963519894,-0.3028335631387153
G636,0.08607811795127525,0.28610942042076126
G2642,0.08610515913272074,0.2987884447803564
G4337,0.08620884859535788,-0.28800019641347746
G4967,0.08623509074705211,0.2907966627983397
G1889,0.08626949898449855,0.2970761262126294
G3939,0.08638425901531166,-0.2798433971278535
G4887,0.08650303847543515,-0.2969590332853173
G6903,0.08659889923758259,0.29267507162402456
G2219,0.08684319319193345,-0.29935027001235764
G1355,0.0869430418826072,-0.2723155475298726
G2130,0.08719247001669805,0.28563261354995817
G4678,0.08725914161095812,0.31809738646230357
G1792,0.08753824701438026,-0.29148924620604305
G5534,0.08755405425889093,-0.2689371689365033
G1411,0.08760828695315213,-0.3144876310626442
G3066,0.08765589901360331,-0.3066408546589212
G2532,0.08765782886031809,0.2901985587558321
G963,0.08769705171431193,-0.2902974441357439
G6554,0.08774132507913251,-0.2987181840785223
G3804,0.08775522439822463,-0.29942369339212876
G7112,0.08787334909155407,-0.313243097141778
G5083,0.08797637714128019,0.2937909984502281
G385,0.08803287184946212,0.3049632946773718
G3950,0.08804720513067267,0.2978626186319484
G7268,0.08834839680192955,0.3006342455513411
G1463,0.08877187611095448,-0.3188414735393665
G6802,0.08888361344934723,0.29562735624227576
G1710,0.08908590520836605,0.3013072806644045
G152,0.08910048096737162,0.278895804736952
G1129,0.08925005633389681,-0.30883723995697043
G4279,0.08937301777295215,-0.28577155321273784
G2240,0.08944240819527466,-0.30082292753505857
G389,0.08947514928363474,-0.2901528950401516
G4913,0.08947675013323853,-0.2955937475697654
G1066,0.08956745295499043,-0.29665593619643704
G4392,0.08963076548413167,0.3009853484237781
G1215,0.08972900226438227,-0.29780857582205866
G7311,0.0899865762378751,0.3007436263703738
G5992,0.0900602627780014,0.28597764935107584
G1707,0.09020363562298428,0.29132156486343014
G1432,0.09021078111839827,0.30660904165230474
G1738,0.0902654208489371,-0.2769389094055894
G2315,0.09046062164788526,0.29563850517940493
G1942,0.09061628458196323,-0.3024064740374402
G4598,0.09067362601490088,-0.2883707353792491
G1376,0.09131217325148797,0.2857836952330652
G4345,0.0913261462989208,0.29181202339837553
G2340,0.09146893797305958,-0.28171096838761317
G5554,0.09147136676372898,-0.2744278924038466
G848,0.09148724678590013,0.3014541149708152
G4928,0.09159300409034148,-0.2918680075093578
G1279,0.09169164490298584,-0.30172653606819444
G4037,0.09170655321584965,-0.28433151126017164
G7473,0.09180088825833387,0.3107981107468117
G2587,0.09186233226008694,0.29934974902428957
G2278,0.09193314696328679,0.2882474561924889
G1686,0.09193913255069616,-0.2843324161979324
G5016,0.09198015054609442,0.29570646031226844
G2506,0.09202822481092422,0.31075481728552967
G1736,0.09222676894265276,0.28359497228045183
G7718,0.09222821216166528,-0.2854921203623379
G5086,0.0924255375655694,0.2717011654670377
G265,0.09245075077543409,-0.30877616833916166
G1288,0.09260813817297085,-0.28979938045807413
G6972,0.09262816221657903,0.29949101395513605
G1212,0.09269905108001876,-0.2951268929702246
G5346,0.09288467339254222,-0.27307262337487903
G5909,0.0929524770467531,-0.27281387872085067
G1980,0.09301420426795495,0.31109462531785254
G921,0.09303243956180417,0.30183786473713237
G1969,0.0931161601464526,0.2909649678317175
G452,0.09329321753718493,0.274180213331241
G1026,0.09342364328712131,-0.3075539292581668
G5254,0.09352595139004559,0.3035912727234892
G439,0.09353080645894252,-0.2939061692831775
G4401,0.09361589429739037,-0.3029407273844493
G849,0.09363697314056944,-0.2963388803968177
G3882,0.09373771557203955,0.30958648206613576
G6456,0.09390619808336892,0.27840461232910996
G6825,0.09393030270833982,0.27933797016793915
G6063,0.09405558753233616,0.272110841813533
G3509,0.09430855000841368,0.312176569124233
G6352,0.09432882484421991,0.2882270397959148
G4453,0.09441602333504438,-0.2971017169546323
G2037,0.09448696825071835,-0.2847977746727205
G5461,0.09465100669347415,-0.29422262932040844
G4487,0.09467754363869094,0.30800623266874727
G3842,0.09474591256717077,-0.28259755189587255
G4472,0.09481194961026854,0.2900457499275557
G3819,0.09487967883390148,0.29517263024566515
G5228,0.09502971942977101,-0.2992129165236518
G4656,0.0950923703008322,0.2873922939608795
G2930,0.09520369978248394,0.29726474631061
G6711,0.09551993325311416,-0.2722822824292399
G1012,0.09559821302017366,0.279290043966241
G7823,0.0959031024866795,0.2703499608776241
G3864,0.09592801957898461,0.2883604770002265
G6689,0.09595019877963044,-0.2874874736035005
G7306,0.0960367906486753,0.30972742107527396
G4951,0.09613910907859383,-0.2901977340195539
G2407,0.0962557377784873,0.27142418046169814
G6895,0.09626421569552122,-0.28969930665375926
G3446,0.09629599012456201,-0.27188916320000767
G575,0.09633815859280903,-0.29155960537249387
G6312,0.09641254886230147,0.30972338005992206
G1676,0.0964699328552011,-0.27099314642315986
G1784,0.09647634161670347,0.28574641086793007
G3152,0.09648020399612499,-0.2935839364835378
G3226,0.09650616883636028,0.2883688170586358
G6592,0.09650964457169511,0.2954473496914516
G4553,0.09655156369920043,0.30021544631869784
G4760,0.0966473501596154,-0.28437503558321275
G5807,0.09685601151765927,0.28504131079372047
G5430,0.09697155743933554,0.27605085845287397
G2282,0.09707053412762813,0.29811931280197457
G5460,0.09721037416576676,0.28460946843568696
G2296,0.09765644601364719,0.2936086532576361
G373,0.09773334166111013,0.29213211497748925
G5219,0.09783029174470512,-0.28640442678820466
G3387,0.09802433957402505,0.2877014007570887
G4395,0.0981059198155388,0.2823910967643341
G730,0.09819874994027053,0.28928575981201365
G1585,0.0982722912672575,-0.2725575741703457
G3730,0.09835154967922069,0.2865330534275402
G868,0.09837412713146387,-0.301007903935868
G6288,0.09839364024248382,-0.3002030814178674
G6565,0.09849710149278913,0.2941027220524814
G2216,0.09851692361890449,-0.2930770885525844
G6117,0.0988934734054488,-0.2947409536364887
G5094,0.09929840930493292,-0.2597217247762154
G5833,0.09931176895729751,0.27537077591091796
G2150,0.09941396435046572,-0.28217666334494707
G914,0.09943798118568405,0.28877119354344427
G1409,0.09958853677764039,-0.2745194380368432
G4235,0.09962141603731405,-0.2886249845654784
G1060,0.09967542006336678,0.27410356758745263
G2108,0.09995403331127993,-0.28296816086646737
G918,0.09998204506412078,0.2929900581209252
G6051,0.10007976425362212,0.3002726787639839
G7452,0.10023402181383216,0.2705969938465218
G6196,0.10055280156746572,0.2833515249996597
G3945,0.10064666572672065,0.2850369491087797
G428,0.10087752326613905,0.2911772796602492
G5436,0.10092300704889631,0.3024288452945687
G506,0.10093645166443482,-0.2788478880076732
G5403,0.10096555271744227,0.2670127216892315
G213,0.10101042108970304,0.29517312901662063
G3018,0.10108231394418335,0.29103865693775244
G3705,0.10113946628368237,0.26726495007991014
G2574,0.10115413615141472,0.2895328018143194
G953,0.10120996806537393,0.27181655414605954
G3287,0.10126511526563015,-0.28681850735968806
G1099,0.10131355453982671,0.29091807044576656
G7880,0.10136650069063538,-0.2799784078934422
G7419,0.10137013318869006,-0.2817583532025829
G4581,0.10146448544552662,-0.2806139669517196
G5454,0.10153228632792824,-0.28971594236356163
G1982,0.10153975651537137,0.283780436324093
G2656,0.10162927044686314,0.28863558110771176
G2713,0.10172304289577852,0.2838968567906319
G6419,0.10178044236791717,0.29436434865703287
G251,0.10191415675230074,-0.2911452074265506
G1314,0.10207170515814896,0.2989337730193495
G1516,0.10238951674938568,-0.2927824574188621
G4190,0.10256225714199321,0.2814918219164866
G1722,0.1027530169092297,0.30171601092378986
G7285,0.10294380451422411,0.2868205573490852
G7441,0.10303381233645162,-0.27504162406219995
G4513,0.10330201707301079,0.29844416002805374
G3430,0.103372324958504,0.28306707130714065
G5374,0.10357434307287387,0.2744415921739449
G799,0.10363033415383523,-0.28601592170642925
G6783,0.10374742308024557,-0.2753256399117238
G3554,0.10386850671744186,-0.2862301376523665
G5704,0.10405171550157513,-0.2850457216470068
G486,0.10421159786219575,0.282445381760284
G6947,0.10437607061770733,0.27768188835865604
G7145,0.10447084422957417,0.25756058327194936
G4949,0.10461863801064981,-0.283418857906627
G3198,0.10465808527054778,0.26897525463155114
G4325,0.10478552604429542,0.2978539194070936
G7394,0.10486372248418561,0.2719397450373632
G5621,0.10495568048666626,-0.27791934164205545
G5537,0.10505820975127876,0.2673765548061194
G5449,0.10511590559338721,0.2910131012800343
G6984,0.10521495482357177,-0.2693407957301101
G5416,0.10544948485183103,-0.2571401101957683
G5353,0.10554292216865054,0.28193577728111385
G5778,0.10558718141007699,0.2913835584551883
G5280,0.10577622335930373,-0.2712883883138112
G6039,0.10603921827926918,0.28512398132948574
G6154,0.10609281445908053,-0.28877698293072857
G1480,0.10610599835469064,-0.3031621074405581
G4999,0.10631963971367435,-0.2860256121249414
G2273,0.10632703349757164,-0.27303466080409344
G5945,0.1063748899165359,0.2740482416182981
G2334,0.10647507413121529,0.2759356325698477
G2557,0.10660968621725583,0.2599397879083385
G6122,0.1067494190198577,0.28651400735714916
G2193,0.10708045687074275,0.2846669664135054
G5291,0.10722683840436424,-0.2735556345253498
G7909,0.10723665456443102,-0.2715900856846762
G1389,0.10728018611948316,-0.3014464807077499
G885,0.10730136611949052,-0.2691936316387763
G4493,0.10741195736634862,0.27133347532046176
G6326,0.10745283278135127,-0.2734846060473204
G7826,0.10758045012596887,-0.2691745639725281
G2677,0.10759638305952512,0.2757079241096667
G542,0.10762067202293839,-0.2791205124370876
G7831,0.10765317923438404,-0.29066231270024284
G5610,0.10766582853465304,0.28773603014053223
G718,0.10782475403093783,0.28705793860980405
G3186,0.10786130433731653,-0.29159886948990965
G4284,0.10798464528926048,0.2794941505154347
G7362,0.10811761554964952,0.27499540456622684
G4962,0.10824715711860486,-0.2868333036761457
G549,0.10830455436021097,-0.29256094705065766
G7756,0.10839528216329332,0.28431404589943776
G6514,0.10844794009903638,0.27418929463373276
G2994,0.10877306224108156,0.2795113612017729
G6433,0.108914433753378,-0.28042711918590024
G3604,0.10896774583383627,-0.28115997527225745
G274,0.1090459698133148,-0.2826850880276395
G5978,0.10908437564125899,-0.291704775691254
G5338,0.10915137754599184,-0.2774873840800113
G5471,0.1092170778022149,0.2709281258216981
G2869,0.10932172371787939,-0.29003668483260214
G7055,0.10933601049988953,0.2700944713584383
G288,0.10946183034470854,-0.2629092979853982
G93,0.10949310091359678,-0.27197025030568023
G7810,0.11002292150323525,0.26535962039268834
G6804,0.11005745520854286,-0.28850520320439843
G6180,0.1101168935914477,0.2859801697590856
G7659,0.11023026034025958,0.278141334656684
G4505,0.11028543532319278,-0.2839962401339849
G2090,0.11036004983590013,0.27737047055284414
G3667,0.11043687829758274,-0.2771460628555139
G3603,0.1106475432088901,-0.28463261681784036
G6067,0.11067993605082121,0.28182958875681996
G272,0.11071786567098996,0.28498943491498213
G4039,0.11076792872087103,0.27489476971762333
G2067,0.11084295881986095,-0.26581464955553696
G211,0.11088736213059024,0.27380799854432764
G88,0.11089797290234044,-0.29199411301360567
G3244,0.11106539844055842,-0.2816476968805294
G2805,0.11119881593429791,0.2725236424942086
G4809,0.11144920056070884,0.2656779434441705
G307,0.11151811130423517,-0.2685668631643938
G5245,0.11161152865607774,-0.28973511523589257
G5651,0.11162564305853764,-0.26434896034035554
G6197,0.11162664039120376,-0.28876690804241356
G2014,0.11169029223763459,0.28318885501900665
G4447,0.11181386485973868,0.2760534682141255
G7734,0.11200217123081052,0.27350370506248123
G4475,0.11200927424072708,-0.2819383969561824
G185,0.11217409426810611,-0.2877871765510561
G4780,0.11224405101013281,0.26729436780214777
G7692,0.11249917036839543,0.2729369995069358
G2257,0.1125078309737044,0.2798818940740002
G7357,0.11290968657698905,-0.28005884196610076
G4277,0.11300904153448142,0.26096591968332733
G3448,0.11324149722827558,0.27947432924664145
G4907,0.11329960746225237,-0.28563111806458563
G6020,0.11344819267865042,-0.2760523957294908
G6159,0.11354141890410423,-0.2735960262543157
G1494,0.11368133180893893,-0.2918612450385833
G7878,0.11372574527680007,0.28269526077693585
G6558,0.11395502958345757,-0.2903532642177412
G46,0.1140296882258092,0.2955357466692402
G2636,0.11430272104589495,-0.272916729175696
G6720,0.11437802877146959,0.2848264445231543
G194,0.11442391133801343,-0.2735447670634916
G7434,0.11462958073988298,-0.28293592652497596
G1256,0.1146741997706169,-0.283776850416638
G2175,0.11474492723954664,-0.256116057146885
G5441,0.11493955959264557,0.27715739488903923
G4331,0.11502485270535893,-0.2670265665363324
G7587,0.11520545305435119,0.2734886351577347
G6380,0.11530999423968441,-0.27486336376914344
G201,0.11548367774947721,-0.2895879316121554
G3700,0.11561691419298643,0.2821648778576622
G4576,0.11565975067061174,-0.24136467805821712
G1031,0.11594210285494827,-0.2679188720273615
G2611,0.11618076832693151,-0.265183403138675
G4106,0.11647273799471516,-0.27441034281202703
G5143,0.11656114194687146,-0.2691011665392894
G6462,0.11658241266088899,0.2833122508421745
G1894,0.11675698359554579,0.2726111103630292
G5331,0.1170167108477639,-0.2745963759013175
G1151,0.11713476217367856,0.26385240388308473
G7735,0.11719639882740772,-0.27081088326912495
G1673,0.11720056315670128,-0.25874495178690643
G7059,0.1173820851559548,-0.270225217319693
G1174,0.11739402740841322,-0.25780391927291413
G6431,0.11741699710208493,-0.2721572319187803
G7721,0.11753199183526496,0.26485511056112154
G3452,0.11759830739035164,-0.2702944674968484
G5693,0.11767226069331177,-0.2707243525633807
G1821,0.11771046521776467,0.2791223156255763
G2629,0.11786114626373456,-0.2602922834041818
G5615,0.11786147245188178,0.28903045554590534
G1758,0.11793963167438512,0.2562111135313453
G2746,0.11800848695183425,-0.28481768165786114
G4024,0.11804826449931011,-0.27433445796381606
G1321,0.11812967915573949,-0.26718792329130037
G7127,0.11831312682491538,0.27345910694019826
G6564,0.11836509995666902,-0.2726630205199263
G4025,0.11856402716022722,0.2776035493077444
G5755,0.11859456112427322,0.27009747715138055
G1964,0.118723580713702,0.2589030466045623
G3720,0.1189648989166031,0.2576219725587202
G6737,0.11902111278397634,0.2766705696463486
G3000,0.11922047837416719,-0.2790939815698205
G2757,0.11939016477369455,0.2832019314101293
G2115,0.11999388313897202,0.278207531307557
G3789,0.12019976648259664,0.26437020330102956
G1298,0.12021568468565642,-0.2808518405597186
G7068,0.12022342569834751,0.2641290062148255
G2366,0.12069245051757684,-0.26610199524617795
G309,0.12081623575199349,-0.2604561711840081
G3846,0.12099524499085547,0.27654536065239854
G155,0.121162577958944,0.2519252765373664
G3969,0.12122733471157635,0.2593680263016935
G594,0.12140844056102597,-0.28276231634086535
G5140,0.12143468071154298,0.2736079149430296
G2035,0.1217483953906969,-0.27382127967297215
G1763,0.12186692103312416,0.2614899497638843
G495,0.12202073581787905,-0.24932976845096683
G7636,0.12215734918836256,-0.2630659155838817
G3438,0.12267049038805718,0.2799459744906316
G4477,0.12270669969647628,0.2666924201930739
G247,0.12303632570306614,-0.26257642995102454
G2068,0.12327765105857855,0.2801310735422217
G3164,0.1234588711447341,-0.2553434833197575
G7165,0.12361363241979306,-0.2658806247592424
G3068,0.12365434924514375,0.2637129181786448
G3122,0.12365913285233152,-0.25572302658409507
G7083,0.12399572692090481,-0.2713998938693597
G1926,0.12409068416593336,0.27310432459109557
G5765,0.12416289368332921,-0.2624377866442229
G4481,0.12440661556990537,0.26675347969050334
G122,0.12444249915435583,-0.2512804959044607
G2400,0.12469439922424363,0.26930047002097895
G2998,0.12472791701977645,-0.27677038103652707
G301,0.1248990990295449,-0.27170404776535356
G985,0.12497728456960433,-0.2533904471445156
G2915,0.12501867824192586,-0.25573597534535486
G4283,0.12521600362644325,0.2619919879390142
G6486,0.12528932051056346,-0.27421597964465905
G698,0.12532522741888094,-0.2690822731585212
G5618,0.12553176510703054,0.2612842037708971
G1039,0.1256594875428618,0.25579874038681066
G4348,0.12567354007451406,0.2630678419660426
G7656,0.1257628266712696,0.26172871833688083
G1809,0.1258560490532246,0.2712336000527097
G3133,0.1259665126312338,0.2723731544546555
G4006,0.1261917373200556,0.2576690368708573
G6338,0.12631747793219705,-0.2754253889900767
G2094,0.12633183106503776,-0.264797793684459
G2132,0.1264608975422453,-0.25546672789970015
G7171,0.12653436378632807,0.26050861743495357
G3534,0.12653728793322985,0.25714832443785685
G2329,0.12658520712574656,0.261791229151941
G7335,0.12682165407961565,-0.2506775526135751
G7152,0.1269277171793576,0.2512604631723745
G7162,0.12706217783200474,0.26662245128020295
G7890,0.12721063939119484,0.2516661325669048
G3996,0.12730681438840757,0.2713871673882148
G1646,0.12738126829377452,0.2728040279478454
G5862,0.1277521202849624,-0.2650215588274825
G3367,0.12776598695160699,0.27292385986981993
G3191,0.12776937033999514,-0.26060776212215697
G2184,0.12777504555291858,0.24764362949964694
G742,0.12802029035245177,-0.2508453663315051
G5190,0.12818854085381376,0.275949819347162
G1233,0.12834582664890457,-0.2742619364428094
G5860,0.1285686128170536,-0.2647733249493245
G877,0.12861504269431306,-0.25702536969305045
G5512,0.12875578637083154,-0.25343587431464437
G1778,0.12889535431557592,-0.25833448728917385
G4925,0.12893497577409163,0.2625785160439007
G7970,0.12895440973352404,0.26567729743588864
G310,0.12902935935232393,0.26761393568403147
G5499,0.12904155805707468,-0.26238508968853563
G3915,0.12934132124247882,0.26323471629123196
G5302,0.12942827508935945,-0.2639100712246429
G5885,0.12949075081746345,0.26843799411951164
G2508,0.12949643031385608,0.2606291342757588
G967,0.12978082682612446,-0.28497064159894614
G7814,0.12979282542481171,0.2678795114087191
G7129,0.12982957649550944,-0.25914792456580693
G5539,0.1299811611797888,0.2587637031469286
G3417,0.13020240047065956,0.2755732302962096
G5666,0.13030307074589753,0.2649563800180957
G7081,0.1304883411054446,-0.24708657116812846
G205,0.1305366303108847,-0.2570217527376373
G6803,0.13054308007964496,0.25152660614606615
G3982,0.13056194013413286,0.27151149648992956
G2699,0.130574092068798,-0.27926932215830047
G581,0.13061399334334056,0.2656549828025793
G3922,0.13069280771216762,0.26438167738541624
G3632,0.1309610814523586,-0.2588780924392085
G2747,0.13108215234550313,0.28496316158175666
G7340,0.13119320127010559,0.2544015607291957
G1381,0.1312040920710696,-0.2782768946294386
G7280,0.13156578668856528,0.25831437985491446
G4683,0.13157597356191217,-0.2739525582980469
G2784,0.1316897858191616,-0.25554440050311467
G6757,0.1317449070405228,-0.25767498704204683
G3380,0.13198069389681277,-0.2485570918547734
G2619,0.13227846871907534,-0.25162179531595746
G3170,0.1323311456918315,-0.2637983644490525
G2913,0.1324283007863404,0.26027750709052266
G2855,0.1324341159401878,-0.25499704609995233
G5899,0.13264525686405607,0.2440161267979174
G847,0.13283967093972374,-0.26572501475231475
G3468,0.13283999961424306,0.2577713918998763
G1640,0.13294949231144246,-0.24941769041451844
G3374,0.1330979045922524,-0.2501912620809138
G2209,0.13331139446348372,0.24235475224593894
G5809,0.13350338296208314,0.256329364073698
G4468,0.13368526125670818,0.25220967325015026
G6150,0.13373115505237484,-0.2592615006475702
G6440,0.1337624188349367,-0.2625733970115842
G1015,0.1338475871603901,-0.280861585734947
G6615,0.13391535441545765,-0.2593014408059561
G7500,0.1340280038900714,-0.2590700063350658
G7666,0.13406419053911847,-0.24747496028094768
G4105,0.1341579532968849,-0.25784689020476836
G3176,0.13417091204421402,0.25050609125112966
G7768,0.13428175944561382,-0.25668641525507024
G1131,0.1344910250671291,-0.25949845158937546
G7012,0.13460256662677317,-0.27013909810850056
G5097,0.13460901459061456,0.25310882063745477
G4154,0.1346943873501348,-0.2473873005108817
G3306,0.13472055210039938,0.2526964157520931
G216,0.1347233660033123,-0.2648828722970818
G6700,0.1348532949718319,0.2639655414424452
G5064,0.1348574005083397,-0.2532763268392989
G3541,0.13487222841591479,-0.23569182740782585
G790,0.1349001546869972,0.2643696179788848
G3063,0.13517264193765569,-0.2681309913933453
G3709,0.13542166972378697,0.2680563657477651
G1860,0.13546180379152542,0.26052598035352975
G3232,0.13563198903208729,0.2378850398049179
G4266,0.13580800972990395,0.2522457921827115
G3847,0.1358248839534637,-0.2556010678789587
G6311,0.13611021806841891,0.2517280549599537
G1716,0.13635537194865466,-0.25036671528097654
G1899,0.13638225241952004,0.2607484186145135
G2834,0.13681203958492305,0.2586693904273772
G5,0.13684719781523158,0.25949194395506897
G1472,0.13715577928030429,-0.24765318816623014
G1593,0.13743212641839397,-0.26574292186992415
G5206,0.13778628921801458,-0.25415471326188943
G1688,0.13787207133972473,-0.24649865885541256
G6873,0.13810058380064408,-0.2557248938731144
G3366,0.13838139319551665,-0.25521226955691545
G5804,0.13856454872858875,0.25252885445828793
G4034,0.1385720554542298,-0.2541719740707758
G3126,0.13859391703527107,-0.2674759328435866
G3344,0.13864528606974857,-0.23900418000312404
G6503,0.13882506284203064,0.2428723263114526
G1371,0.13883776773579626,-0.27531575646874473
G3246,0.13904325454093514,-0.26714645965553624
G3035,0.13911792999809489,-0.2531911612347971
G5481,0.13917803434806697,0.26416509880518385
G7843,0.13919478598442028,-0.25979808354146583
G7049,0.13929779142047533,-0.2632973172736912
G2137,0.13929836596513231,-0.26478006397208065
G2947,0.1393017700361479,-0.2460308927791393
G2577,0.13931205900357152,-0.24746742185039686
G7433,0.13937858238974515,0.24216413309554802
G4855,0.13955647385795258,0.26577217323468544
G5712,0.13962877469064536,0.2546904588299878
G2660,0.13962945543376268,-0.2577775294650803
G6306,0.13988870513266305,-0.25803035743198705
G4782,0.1399995021233116,-0.26645544205338173
G4102,0.140133244625135,0.26177720296524915
G3850,0.14014077148157272,-0.24418114302304308
G6724,0.1401692227881641,0.2776656893706627
G1046,0.14021873943925792,-0.2504431142154429
G5595,0.14023993704311746,-0.25204252493558216
G1479,0.14027089504356335,0.2721893276051816
G2030,0.1403239548958234,-0.26083570515752036
G232,0.14033842405019786,0.255169121083092
G4542,0.14057102696663346,0.25214171192053797
G6278,0.14084416411994752,0.2639642811826266
G4440,0.1409186002521992,-0.2555418127009444
G4013,0.14121544641867706,0.24598168340281568
G4375,0.14136910839716943,0.2642178060910001
G4405,0.14143267291120912,-0.2595095216567421
G5431,0.1414575843520168,-0.25828964062763005
G5209,0.14147758810855796,0.24885842023939497
G2194,0.14152789186013617,0.26072203969074204
G4289,0.14157708986664394,0.25285260564553963
G4091,0.1418489115468787,-0.2558056397384826
G1395,0.14190467139798082,-0.2601934635147314
G6739,0.14192023328422856,0.2532759285509971
G7533,0.14196389410461724,0.26559429328056455
G4533,0.14214234763881242,0.2451877325921916
G2817,0.1424235666688305,-0.2481204641419666
G5183,0.14265481081501621,-0.2504797733831411
G3551,0.14268978586810577,-0.26223012298224607
G2730,0.14299662815557362,0.24710897877913165
G1182,0.14299885278866767,-0.25809529800749076
G5585,0.14328848715836484,-0.25213910642485554
G962,0.1434487452380085,-0.2600812604438622
G5072,0.14348462962847738,0.2503627218135301
G2099,0.14358049543604912,0.24828922210484522
G3725,0.14360489541062965,0.26151553783441145
G3099,0.14374009716241867,-0.26033256507251773
G2863,0.14387169145768247,-0.24935178450391016
G2236,0.14409920155017178,-0.25377256760375655
G158,0.14411757794366017,0.2601692946587648
G1711,0.1442458601715514,0.23656838615866305
G3154,0.1442794693812588,0.2324503390860976
G3462,0.14435889514297015,-0.2577806726488614
G7534,0.1443648572091138,0.2550060567770641
G1704,0.14447847897407687,0.2593295179971681
G553,0.14460826001811547,-0.23812372536091334
G6069,0.14463869990101866,0.26697720435948435
G3203,0.1447077696001654,-0.2567211160420455
G996,0.14475336165487812,0.24066023077062337
G7887,0.14478697408914148,0.2500140722837353
G3327,0.1449245152063929,-0.24832026836760313
G6609,0.1449853025690389,-0.27027445071924694
G521,0.1450360152039113,0.2584296423722474
G5251,0.14521020104706975,0.24597660849433706
G3205,0.14530245514499537,-0.25780421798061726
G6437,0.14539045619590268,-0.26171310943754805
G2615,0.145486020341339,0.2544769021105545
G7816,0.14549527695444509,-0.25279282927964525
G2959,0.14575322094748083,-0.25720799211304285
G6635,0.14584370879020842,0.23844286800626785
G7070,0.1458477895919787,-0.2435207027662509
G3668,0.14587920913033092,0.25752638291395
G2215,0.14594782948816218,-0.25316143705211835
G984,0.14622729284966093,0.2619737029645258
G6865,0.14632914261672772,-0.25066381257284637
G3249,0.1463291953433562,0.2362416565403036
G5040,0.14641475770352563,0.2538255012796361
G3416,0.14653548246319903,0.244360853158615
G6121,0.14665472205693572,0.2599648976903251
G5910,0.1468146916798486,0.25402640604622395
G5952,0.14694621800182087,0.25551364061796317
G1206,0.147365402819241,-0.22620488540177192
G7116,0.14743207465637762,-0.25994117481701084
G286,0.14749682405660505,-0.2566098403243881
G2833,0.14777892881880525,-0.23666836314035375
G5025,0.14784179778731327,0.24949843158254081
G666,0.14786689628535762,-0.2546798868019037
G6515,0.14788315757327652,-0.2573005248914191
G6758,0.14790109695497047,0.2588331601526633
G7383,0.1479730609747159,-0.24240522176780527
G5632,0.1480949601510241,0.25994053781848797
G5898,0.1482653757423215,0.26443248607365577
G6126,0.14830250105045464,0.24851093539528474
G2655,0.14867923877519673,-0.252495161585261
G1097,0.14878166457024827,-0.2621758021322953
G1856,0.14897502865075374,-0.24059367222667502
G2513,0.1491055725959167,0.23665650376526737
G3245,0.1491119470343583,0.2559545338077335
G4492,0.1493811995524493,0.24822273126068978
G567,0.14939843142287684,-0.25675394388998096
G4800,0.14944607056943982,0.2535590273201779
G7445,0.1494702733174701,-0.2547756618972683
G2558,0.14970585878179027,-0.25948483683563733
G2705,0.14981850327058766,0.2542931426939252
G3252,0.15002481317419877,0.24758195148715942
G3993,0.15010762058522123,-0.26174661442907377
G5359,0.15017257658695424,-0.25593717440428404
G942,0.15018421365649598,0.23879698419747905
G2548,0.1502276024186911,-0.24455942988897067
G6291,0.15036173548994256,0.2584375050046893
G1259,0.15038940262256573,-0.2402686295821823
G67,0.15072872307048346,-0.2555226853677277
G3788,0.15107956130220526,0.25286216024743496
G7701,0.1511561323661742,-0.24929464177155852
G6589,0.1514481391017806,-0.2508016993224408
G749,0.1514583097324203,0.26364921409826847
G7556,0.15159857056238682,-0.238649915386982
G5680,0.15163256636549172,0.25622919282728995
G4774,0.1519732135208078,-0.25936054853711693
G5661,0.15214617360549826,-0.25717930823735435
G1852,0.15215234300363165,-0.2532230812594391
G5229,0.15225456724489828,0.24406475582163223
G4555,0.15236353128203872,0.25176556142625633
G7010,0.15257514237513856,-0.2504418382180464
G4198,0.15263183994816798,-0.24541129727793284
G5879,0.1529074257659669,0.24497164219240397
G4199,0.15297687204149116,0.24237402695689425
G4820,0.15299273684102754,0.24605280831081494
G465,0.15305156288795763,0.25911568750094194
G6259,0.1530993076983199,-0.24014898820384542
G2371,0.1532063789763243,0.2522606305699613
G2472,0.15325555079571745,0.23470420361143468
G1002,0.1533058002595672,-0.24536009624676797
G4101,0.1533858027475125,-0.24054679886972694
G5466,0.1534701414957138,-0.25177262473259676
G1412,0.1536476174804952,0.23787603364517443
G2003,0.15382783445669795,-0.22806444352104382
G4663,0.153860245066017,0.2562501889072892
G3960,0.1538849547598689,-0.25086006926510385
G146,0.15396409915594075,0.24961076700166696
G7386,0.15426263830500705,0.26142370252658703
G2305,0.15434897264806993,-0.2570892850250539
G4455,0.15448658083275324,0.23656917981909792
G2065,0.1548337152235996,0.24680450675410182
G140,0.1550805796639029,0.2495675748873834
G6320,0.15518004056493231,0.24575347079122734
G176,0.1554035752031676,0.24748119456626166
G2670,0.1554291855339848,-0.24567765989821788
G3561,0.15579782615958365,-0.24965344381934682
G2555,0.15596084487233114,0.2486097985624498
G2519,0.1560752186780985,0.2593856194908673
G1996,0.15613366239078638,0.24576092743809064
G6182,0.15621246679767492,-0.26452238164579883
G1125,0.15651448456722916,0.2303180277415589
G5012,0.1565722060539397,-0.23575099914401001
G6663,0.15676690153770664,0.23291723427227584
G4712,0.15681842842020968,-0.25436990510284924
G7499,0.15683559025142652,0.23777363002794538
G4569,0.15699611286650952,-0.23414804094466066
G2029,0.15706399110025165,0.24007801161432618
G2922,0.1572052955944997,-0.2579229052496963
G5726,0.15725079273173567,0.23248593462276437
G5300,0.15731628905286094,0.24384344167064814
G139,0.15736389905814913,0.23382748463862335
G4075,0.15748643117095987,0.2519234102688224
G7671,0.15806098561868281,-0.2269402130643262
G861,0.1580977289999902,-0.24081073451282636
G4773,0.15826267900855456,-0.23549964553821326
G99,0.1583283945570751,-0.24513312325486217
G1765,0.15834260494927407,0.2560736375799241
G5200,0.15857688553212937,-0.25241515313994467
G1401,0.15891438186072956,0.23254899951639174
G6699,0.15891838915105383,-0.2509051825557144
G5378,0.15892205430963802,-0.2479296697196926
G3688,0.1589417623831377,0.2371519728472776
G3579,0.1590188520958701,-0.2476514075764018
G533,0.15937223004199821,-0.24424455188879615
G5560,0.15947817330529626,-0.23774578274487054
G1078,0.159505256466969,-0.23433884742185612
G949,0.1596375623297722,0.24120344121226095
G1178,0.15994825178514344,0.24607908388106461
G1536,0.1599593740041151,0.24278815577764962
G7026,0.16008960728277347,0.2458340447735074
G4618,0.1602303919266427,0.24750715907270693
G4305,0.1603844467307097,-0.2475126634634905
G7485,0.16046781519381936,-0.24637047843757126
G7696,0.16065558569319263,0.2367404371836634
G4734,0.16100716064830964,-0.24802431293919985
G2654,0.16103690707616905,-0.2355126005353432
G6955,0.16126761715202317,0.2447560944393834
G7975,0.16134302603129813,-0.2373697873564392
G1849,0.16138681786597905,-0.2516695298266331
G6348,0.16143575416276038,0.24971632566308624
G2319,0.1615819418760706,0.23401880568619587
G5569,0.16165546395796035,-0.25058928286665133
G6998,0.16179212002828675,0.23834462812481116
G2569,0.16219516452855653,-0.24165358367670453
G5638,0.16220697802304793,0.24778794475446997
G6728,0.16230604680765415,-0.25644847254190745
G1429,0.16234583360831098,0.23564752061923072
G773,0.1625386772949295,0.22197283937372309
G1953,0.16260473822401494,-0.2549473062220562
G5771,0.16261056753619732,-0.23419846097915073
G3646,0.16267743062756956,0.24814906136071796
G2164,0.1626852760409032,0.23509442184654294
G7856,0.16271742217168622,-0.24479973209314676
G7827,0.16285374510958708,0.24515761474783432
G1861,0.1629501505959084,-0.24784828425444383
G7090,0.16295387098708328,0.24891682666251605
G4428,0.16303965973784978,-0.24082504414034836
G2260,0.1632461270583811,-0.23288134239848018
G5277,0.16342306627542513,0.24741587594626646
G106,0.16372768124340056,0.2472978903912731
G860,0.16382288246429233,-0.2300240150080784
G2297,0.1638386855031017,0.22756395798572934
G258,0.1639094594705758,-0.2460717258976048
G5565,0.16420281578744983,0.22374541670818743
G5232,0.16430702330105648,-0.22717859788493483
G7681,0.1643093919759647,-0.25534346288297527
G1083,0.16431629074361062,-0.25416200817354484
G1840,0.164826487639252,-0.25128841108236216
G5603,0.16488212633419372,0.25540906814867315
G37,0.16492085814144203,0.2375288521346074
G1169,0.165004034636765,0.23408516192819404
G1203,0.16504178789192953,0.25510840171895477
G1493,0.1650628995562658,0.24519571028368384
G7236,0.16532043109055564,-0.2510110383185162
G283,0.1653488910056973,0.254136438636682
G7319,0.1653887431894863,0.2157163596702341
G3879,0.1654011004665964,-0.25206758617003194
G5974,0.16569235373085656,0.22868803480696784
G6032,0.1657457641051502,-0.2407331551153455
G1037,0.1658659355532644,-0.22998895006278053
G4151,0.16641590086116412,0.24260889431035754
G1684,0.1664426577505064,-0.23694500409863312
G4977,0.1664442576929187,0.238012262399577
G7175,0.16671965965726632,0.2225777151285148
G779,0.16673393167128628,-0.2251355502334375
G5111,0.16674468520738234,-0.24605812429613672
G628,0.16679778698862577,-0.2466144187434379
G6066,0.16689566784637172,0.24480667502997341
G2253,0.1670029834052976,0.23269962409637585
G4256,0.16717340298731345,-0.24410881010275465
G4004,0.16726133238266672,-0.2267208337048418
G4112,0.167292759586908,0.24364917013927306
G711,0.16737173159275123,0.24134412348228712
G242,0.16740004268590403,-0.24159362669291473
G6027,0.16762423394483575,-0.23446483924015665
G7547,0.1677310186278678,-0.24272036925496393
G1934,0.16779080837510355,-0.24480195493810936
G5102,0.16796152907169606,-0.25301906745508096
G6619,0.16799320943953916,-0.25260081660061134
G3826,0.16815339432335868,-0.23834746920102015
G2782,0.16820113981203058,0.23892320932665967
G4702,0.16832256544595714,-0.2379021749776152
G5417,0.16834892783299127,0.2502587461746337
G910,0.16834975827358448,-0.22497536440640709
G2523,0.1684790895412881,0.2327872823257237
G4613,0.16851412911095787,0.22894595527097533
G6887,0.16852529639125743,0.2529164167649183
G3979,0.16863701302464698,-0.23929161769551469
G4943,0.16885332501673805,0.23246759178946624
G2980,0.16912179131771024,-0.23243434749369696
G3274,0.16913430356807455,0.24452423020846187
G5361,0.16932311685225634,0.2449909006686371
G886,0.1693353315410209,-0.239106293022274
G1225,0.16934487522261377,-0.23773437538517872
G2426,0.16941838988023336,0.23940703996803397
G2005,0.16947062971427676,-0.2361727398261922
G5467,0.16963022103039202,-0.25078797866216695
G5295,0.1696492128815236,0.23662071731455597
G1776,0.16969131213540903,-0.2495235073933082
G2511,0.1696985074174776,0.2149725485479374
G89,0.16994697977443654,0.23252964721782138
G4265,0.1699914186674815,0.2313039931788603
G71,0.1700171933526145,-0.23540753887473861
G7565,0.17018636897040407,0.24306452001112638
G6000,0.17046811628014014,0.23532511922530663
G5089,0.17051044376592478,-0.25011134715722116
G2807,0.17053451339200873,-0.23632515234473414
G2849,0.17081509970495812,0.2435956182476151
G2652,0.1708541555324907,-0.2491935688398907
G2951,0.170963068897321,0.21717618811074638
G2293,0.17103296214127542,0.22345267523282958
G765,0.17109292239330356,0.2362842063479127
G946,0.17118177245933772,-0.23446257376514668
G4441,0.1714374719654512,0.22274916303900505
G21,0.17145574249582435,0.227136602072178
G1365,0.17158955277786592,0.24110862025543078
G6551,0.17163723927471164,0.22611301233142078
G3525,0.17190359802529218,0.23454938587520524
G5377,0.1719381828623981,-0.2351215034645049
G4659,0.17226921302961756,0.22799358237970635
G4866,0.1723375721839365,0.2533208906982168
G3052,0.17255309574845187,0.23864820522831143
G6293,0.17260918799209285,-0.23456755819240988
G5511,0.17263591695226635,0.23680462386429438
G6639,0.1727685267118947,-0.22308930797623205
G7849,0.17282646038831595,-0.24049700968591525
G1630,0.17292143304158852,-0.24764684449672242
G2870,0.1729529179905578,0.23025856508035136
G1080,0.17296373168294088,0.25394970655482096
G3743,0.1730483978882967,0.23423416834167776
G7107,0.17312921254447616,0.2390879402941513
G1058,0.17331491110535013,0.24227727567621504
G6449,0.17332308827340637,0.22324600222388202
G6510,0.17339252224215154,0.22170118438218078
G7281,0.17342850295429907,-0.24244704790593535
G5896,0.1736036818805393,0.24370512544821366
G5213,0.17364649114142852,-0.23492783454519903
G3899,0.17377770205092355,-0.24991227806434527
G4856,0.1738837867104478,-0.23954706574857548
G5721,0.17394489865649582,-0.2117382226798814
G4731,0.17401442938843587,0.2409418178690113
G7987,0.17412191283703654,-0.23606530155412003
G2302,0.17419160859430366,0.22335078440453013
G1543,0.17427366590147544,-0.2505557147328741
G3361,0.1745249984436432,0.24502341248070414
G7990,0.17504666199123856,0.23933710840953948
G2949,0.1751532119912867,-0.22663951752474976
G4923,0.17521428711164236,0.24054809961534024
G4703,0.1754795778192583,-0.24096478913323893
G2427,0.1755752431775189,0.23537106080933662
G3239,0.1755821056575429,-0.23428273296335478
G7976,0.17562958303091103,0.22993769599614905
G2985,0.17588210207751367,-0.2382005556623682
G4704,0.176089512078699,-0.23356108221801924
G3106,0.17617961129654375,-0.23588124679274003
G936,0.17629440652164355,-0.22000687673087663
G3012,0.1765148486451836,-0.2430334903153783
G1476,0.17652811296065124,-0.22807529531090504
G5035,0.17687710411580135,-0.23327124646404704
G724,0.17694664116769837,0.23224390622252877
G4086,0.1769726680963979,0.24600843352379262
G7222,0.1772724494088777,0.23348290510463093
G6335,0.1773360611297079,0.22512323871003914
G6675,0.17775515996141011,0.23041503123325896
G2025,0.17788240767930238,0.2413811130807792
G3054,0.1782082814059774,-0.23945221876661266
G6184,0.17823812453026255,0.2348430825598341
G920,0.17836501463939738,0.22740665962225776
G1320,0.17843807810973203,0.20860787523068208
G2016,0.17852053262562495,0.23127320554619324
G6216,0.17857032556597818,-0.2190299288960737
G7062,0.1786383412953136,-0.21795640731019178
G1486,0.17882948129179874,-0.22752442603063866
G7463,0.17891761181828666,-0.2305354415694174
G5167,0.17892641910453116,0.22284888038621187
G7765,0.1789894648926819,-0.23462401938070354
G6497,0.1790297435140068,0.23557936933235285
G6738,0.17909469849220397,-0.2264844262627359
G4982,0.1790989602663542,-0.22950924462383474
G7620,0.17913522941124804,-0.22880482363483362
G859,0.17916886899759327,0.2306840886928497
G5830,0.17933183157610402,-0.23495237911049743
G725,0.17942191556693987,-0.23527893500385927
G3694,0.17956547343140034,0.23147127689075137
G313,0.17960408531007782,0.2414572391372715
G1793,0.17964235393631098,0.24236499782515564
G1972,0.17980008750293966,-0.24304969953095623
G5626,0.17990581901518443,-0.23615413760456389
G3739,0.18019569150139453,-0.23964862038866436
G5959,0.1802375028529779,-0.23468746541415625
G7739,0.18041627916405706,-0.2392305855372338
G6617,0.18055748884455872,-0.2324314906728726
G5117,0.18058632979681502,-0.2224680496877424
G7874,0.18068364635236223,0.24179704444904565
G5252,0.18069100966739984,-0.23459682027164747
G6857,0.1808558666549287,-0.22615405787355086
G4839,0.18087090066763822,0.23138382391191112
G3759,0.18096802104616364,-0.23556716052528462
G7936,0.1810108240471568,0.2255414418808897
G3199,0.18104984074912647,0.2308444973954029
G7506,0.18107680468230436,-0.24498220916880095
G7521,0.18134285488922697,0.22287833016861633
G344,0.18197991241460454,-0.23670819927023273
G5231,0.18198735830390186,-0.2361067442792686
G4316,0.18207346866679414,-0.2252418781811213
G2162,0.1820914865628885,-0.22725090925346567
G1350,0.18210978287541874,-0.22765453268136895
G4687,0.1821932639062195,0.23899410974746976
G6217,0.18223696318574076,-0.2301588813973056
G568,0.18231724270030922,0.2282221189100168
G2304,0.18242925244350283,0.23769604810085382
G3289,0.18247539376108454,0.24642463364282277
G5492,0.18252883470048722,0.2321514541835183
G4346,0.18271090186698913,-0.24554513109403608
G243,0.1827169984033539,-0.2394190042351564
G7525,0.18276808776551273,0.23273667121441943
G1404,0.18288487300023276,0.24092698461556558
G7482,0.18298081167195882,0.2336913314153068
G6410,0.18299028327623756,-0.246231565867846
G7437,0.18326011100281528,0.23164696727876125
G6824,0.18329437095059584,-0.2402425972312193
G189,0.18332581778226528,-0.23110440818682706
G3643,0.18374515381646694,-0.23055952989396264
G6849,0.1838114397280489,0.22938600732032938
G3517,0.18408810417240298,-0.2242001194149547
G83,0.18416683859467448,0.23482800958045136
G2871,0.18427512726003686,0.23346642866438497
G5205,0.18456369743719472,0.22735368241864323
G5496,0.18465307476736992,0.23502451338466096
G7111,0.1847346331508718,-0.24389817325560026
G4845,0.18476424458590116,0.22259380582931243
G2754,0.18500717205475423,0.22580528783046433
G5437,0.18506508318968448,-0.2183410098439053
G1068,0.18509827944048365,-0.2287665927620619
G4456,0.18517595754360375,0.23809248033503594
G7615,0.18521565743138815,0.23038890638434883
G3250,0.18535902770626234,0.22997382081389134
G448,0.1855068334617694,0.23240633681140654
G5090,0.1855315757158322,-0.2255372103298475
G7275,0.18558079556121745,-0.23279072675780177
G3513,0.18565309863567314,0.22997853569240292
G6647,0.1857552770085511,0.2260376785413993
G3741,0.18590613413191878,0.233133693676013
G5826,0.18596338294957787,-0.2160197405556597
G6360,0.18606239793006632,-0.22360900468751288
G3958,0.18634985595312772,-0.22536744113374763
G4113,0.18648031767107046,-0.23440613465868157
G330,0.18667673805400625,0.23601788471361757
G5432,0.18692089363673917,0.22743969853676804
G1176,0.18698331207561775,0.22484756031758354
G2690,0.18721389211723638,0.22096541949634774
G6766,0.1872339327720273,-0.22361161542551483
G5127,0.18733717992571394,-0.22855229713934594
G5772,0.18756321523889904,-0.2292211094112097
G3375,0.1878083393648164,0.21163320826311227
G7457,0.1878162207151996,0.23818455864350788
G6304,0.18784944557638805,-0.22938465423387094
G1880,0.18788606397635726,0.23523218769628867
G5872,0.18789229361837717,0.23599311233705628
G7619,0.18789427240530135,-0.22388689888076413
G6009,0.18794102316179764,0.22262865568995233
G2609,0.18794624583422462,0.23257156531353665
G4825,0.188198902948169,-0.20328328200030665
G2414,0.18820569147011135,-0.2217909833784415
G3934,0.18825176478345929,0.20472006378647037
G5664,0.1882610321606855,-0.23205122425063424
G4490,0.18856527200738663,0.2283840952427374
G4680,0.1889027030508148,-0.22310648870003474
G2131,0.1889185564962018,-0.23015608995499384
G3697,0.18930765549394513,-0.23736333084832867
G6524,0.1895867847346008,0.23246610785585223
G4924,0.1896404346378561,-0.22913027659940505
G2393,0.18980919360163986,0.2245303804493955
G4556,0.18981076577709788,-0.2294844569205835
G1900,0.19010499869663103,0.2333191792140423
G4282,0.1902869878926137,0.21685661959982722
G922,0.19080702024937518,0.22200496481679644
G4064,0.1908866792672724,-0.21388508109368554
G7264,0.19108391101191835,-0.21806048276575266
G7570,0.19108961308304231,0.217372816670646
G2957,0.19109530472203715,0.22919496710447726
G5706,0.19150646823114098,0.22691980718079569
G975,0.19151193235986458,-0.2387306235967483
G19,0.1919860466743237,-0.24434630350048836
G4880,0.19199190907223201,-0.21669219263386996
G516,0.19203501380964735,-0.2463223039505098
G1873,0.19204210970212116,-0.22501475250576053
G5062,0.19215075338747875,-0.2294967967834904
G6835,0.19215623475493457,0.2248482952186244
G6696,0.19241992145872996,0.2319600449292904
G1089,0.1925545535202978,-0.22765511496243768
G6285,0.19255593027212278,0.21974789817792367
G6611,0.1925930981057445,-0.21793652641348268
G955,0.19264484105710844,0.2237786468796095
G1327,0.19274033967762744,-0.23472100305030744
G7265,0.19280240600251902,-0.21073068775987588
G7448,0.19302931916436405,0.2065770189494418
G2905,0.19303624133021655,0.22983697735070713
G1139,0.1930724066204345,-0.229902999540852
G417,0.19339391863229236,-0.2168415020934793
G7903,0.19347622527041908,0.23799138760638194
G6844,0.19355411848980106,-0.2216118206461831
G7675,0.19362701223355036,0.22770409959032678
G1052,0.19365746727457742,-0.22948680858210588
G1085,0.19366885194653344,-0.23594839591781758
G4709,0.19370551879679687,-0.22949783485292263
G351,0.1937121485873172,-0.22389924583153203
G6578,0.19389632839022214,0.24264631626283029
G4303,0.19390211846923366,-0.22291273606650522
G518,0.1940010601024088,0.2392057746021896
G692,0.1940885938260013,0.22430109951910876
G4115,0.19428619662341262,0.21564901980920337
G6012,0.19429215524850135,0.2283982226795178
G6742,0.19440968828027855,-0.22052608180492228
G3935,0.1948766065587382,0.22063897148661776
G345,0.19494327929354013,0.22483245887729203
G2075,0.194949341283985,0.24163719107074433
G2268,0.1950418180932751,0.22034775029927128
G5029,0.1951165144658877,0.22543173212928797
G1222,0.19534523600669873,0.23059571209906296
G5250,0.1955604230619594,-0.21290116733601008
G7310,0.19562527798477505,0.2308531036754716
G4672,0.19569220483810548,-0.23755386221152702
G3839,0.1957561085706821,-0.21086529308999785
G4769,0.19576209697506286,0.23727272651244818
G5507,0.1958480993191703,0.23170373319039056
G5356,0.1958658186106692,-0.22591541341393917
G2377,0.1958705468580131,0.2243176275193989
G2205,0.1959187253170134,-0.22696694158403316
G2459,0.19594622952969085,-0.20746119987281791
G2728,0.19597270468662234,-0.2250654960990014
G2678,0.19597844467459613,0.22867666225064273
G7762,0.1961049812635966,0.22440266744650442
G5957,0.19611863978227845,0.22921202711989963
G6287,0.19613560509441716,0.23482131818443563
G3233,0.19617402598550504,-0.23272524146987036
G5488,0.19630010160140535,-0.22303737948870495
G4571,0.19633398491317292,-0.22117635781070355
G64,0.19646689531501332,0.21655225061190975
G7444,0.19657730391523762,0.21472189344020134
G3070,0.19660195981920653,-0.21179615288487474
G798,0.19662459832540105,0.2245634887252259
G6749,0.19669479673292808,0.21797453855005944
G613,0.1967155786235157,-0.2181889282818766
G4217,0.1968174310833979,-0.22921752484977453
G1036,0.19709901236282765,0.21975314816110264
G7622,0.1972997703317479,0.22190197790726085
G7430,0.19732219535999257,-0.2346653774132746
G1430,0.19737056191974037,-0.2293374623963375
G3193,0.19751697706227225,0.22566532769519734
G2876,0.19752365460075183,-0.21234870815203882
G6362,0.19765082953887333,0.21362888911170128
G2682,0.19772818425709512,-0.21124556931487531
G5329,0.19784634614511065,-0.22048115758466313
G80,0.19787617141897898,0.22755623444570788
G7100,0.19802090941584644,0.22209452878171448
G4334,0.19803576131871448,0.22696790981621467
G3676,0.19814858651944076,-0.22944250639683905
G3715,0.19824119857808337,-0.21807610041435643
G1510,0.19828633015175157,0.22011872898430546
G3912,0.1988756560456194,0.20737488923505187
G2358,0.19904785534825611,0.2192304892976242
G6385,0.19913421192451847,-0.21989902404784634
G4419,0.19946471356398823,0.22902292533940677
G4444,0.19946664657194932,0.2390279148877075
G5814,0.1996963620733061,0.22219469011890175
G4723,0.20000528679346055,-0.2199789447448524
G6517,0.20035815096924653,-0.23177176849173126
G5085,0.20051490960895157,-0.2313754186370598
G2088,0.20052645556441132,-0.21316116001646998
G5602,0.20061178181128256,0.21042941257885633
G5315,0.20092222657677464,0.22100564111525206
G7938,0.2014947953458556,-0.21574176214638302
G248,0.20165251867243014,0.2030221654498773
G3408,0.20166480965612582,0.22501390603513727
G4829,0.20180890124214343,-0.20960521635306198
G12,0.20181076656929278,0.22642754428248568
G3334,0.20187945139998292,-0.2132782860838618
G2961,0.20208331775897703,0.21888459022855142
G7516,0.2020884927148332,0.21939338638627423
G5934,0.20221347066920725,-0.21804745851660162
G6179,0.20224579646648785,-0.21593007394661462
G4657,0.20237018537256024,-0.23675819561210149
G7845,0.2026229429130143,-0.2266417561875874
G1340,0.20267448160553683,0.23111632868948895
G4976,0.20273738085358833,0.21163900248753165
G3397,0.2029462625701021,-0.22354365527138065
G3733,0.20295383987918028,-0.22211759350882018
G1946,0.2035571742127474,-0.21522133627357937
G4467,0.20363902315156898,-0.20915281710774447
G6504,0.20377294735576235,0.20927991715922062
G1101,0.20382345754263465,0.21064711505654274
G6351,0.20383428964464217,-0.21305020429705354
G1249,0.20392998709961838,-0.22043886574215135
G2647,0.2039356820363688,-0.22800776932622457
G6487,0.20427743417913832,0.23168898132399254
G134,0.20431156490024138,0.22173331995150278
G1150,0.20455887456069005,0.2312312679604434
G6353,0.20482821064752482,0.2098520228048974
G7432,0.20486587933587747,0.21756676640252814
G7650,0.2055401133028853,0.22922842969400659
G2719,0.2055743533525854,-0.2166459345722407
G6064,0.2056392380515273,0.22025358165860173
G4761,0.2059455910142392,-0.23773765632359345
G3964,0.20605255084319649,0.20842541930340747
G907,0.20611069579495267,0.2136726120378118
G4969,0.20613221821816188,0.20817358049834966
G2496,0.20617507306592614,0.21005359638057453
G4044,0.20637438484028903,0.20517746445273086
G199,0.20641283203802815,-0.22993065132826918
G361,0.20641385768437392,-0.22810554435184288
G6183,0.20674945736556932,0.22383895878189924
G4278,0.2068707606405028,-0.21885631642873682
G4009,0.20688011686419158,0.21914172495400808
G2761,0.206927325106317,-0.22150849418427718
G3978,0.2069593722910503,0.22709143177194377
G2653,0.20718055097771246,-0.2112024961944566
G1818,0.20720217797683102,0.20328579545096245
G6234,0.2072996972013517,-0.22874463412202883
G4230,0.20755643002661026,-0.22550281871774447
G1063,0.20770519843776858,-0.22778328628234606
G6243,0.2078749032090838,0.21247473268905748
G73,0.2079165334249252,0.2244504468756418
G7513,0.2082279107097654,0.22366842757215222
G7098,0.20825265587852942,0.20560616524690056
G3737,0.20830265678653295,0.22510707816023678
G5020,0.20831944357745114,-0.2204421753905484
G1228,0.2083240759067838,-0.2066378495929435
G3391,0.20833930924845356,-0.2216905653058277
G3354,0.20854536076557495,-0.20822227377330127
G5211,0.20874995911432714,-0.21909056662872362
G7374,0.20877484211758257,0.20380619941707961
G6598,0.2087998581860548,-0.20955142790322687
G5269,0.20885546142909112,0.21498696757184707
G195,0.2089934778819517,0.22374748538620454
G6286,0.2090722540278551,0.21207007734778469
G2714,0.20913027863219147,0.20745524184551814
G5988,0.20935918984980634,-0.22816949739638176
G5392,0.2093955926651203,-0.22142863847930722
G2441,0.20970873111593566,0.22829871285079922
G3412,0.2097561714595728,0.20650608337699866
G7028,0.20995641788029368,-0.2138439456231044
G5907,0.20995857625626552,-0.22529656081517366
G642,0.21001393942126745,0.23232125297125916
G944,0.21027002265477945,-0.2156633556060445
G3811,0.21030889880272788,0.22405554907577108
G4251,0.21036424809059992,-0.218647419683543
G7755,0.2106603844709697,-0.21739263859960978
G117,0.2110094653040716,-0.21960812449379424
G3968,0.2112472837582649,-0.2178829100425112
G7673,0.21127555259603994,0.2151799830527992
G7614,0.21141399728066088,0.21165164475924333
G5000,0.21153329787753195,0.21674864112604128
G2736,0.21168496773879972,0.20700632444748535
G7288,0.21169731124228836,-0.20918496440254974
G2299,0.21193092814360015,0.22229106010319447
G6110,0.2119431226502237,0.21140852035991536
G3568,0.21195187707976626,0.21295364307926692
G2560,0.2121631434349687,0.2187376789659854
G4592,0.2122041495381426,0.21924109132493616
G282,0.21229495926799297,0.20822913835937623
G325,0.21259563452087754,-0.21314910250981767
G4443,0.21260386380818186,-0.20714098743549106
G2533,0.21269616655729434,0.21272197617926084
G1132,0.21292306183865672,0.22517461632752495
G5827,0.21294762886251783,0.21954914474280635
G738,0.21296176276444428,0.2182769384867931
G2563,0.21306819721405773,-0.21054958705586835
G7492,0.21313589123398347,-0.21823078608001462
G680,0.2131662705192672,-0.21428750286135073
G90,0.21320009230025502,0.21731305224154096
G1374,0.2133814501871499,-0.2283426982034936
G7544,0.21346156468645625,0.22090669129866247
G4612,0.2134681034719976,0.21889801934049286
G6792,0.213688708055443,-0.20598417556799034
G2103,0.21379364841869603,-0.21045565011752124
G3657,0.21393209281340467,-0.21330758242890596
G1495,0.2141213112918918,0.21206038612005867
G6325,0.21438934828407646,-0.21963704410737442
G4421,0.21441632684693746,0.21247996325663848
G3876,0.2147192002680127,0.2152868676420111
G6222,0.2148610304625763,0.21913904892544023
G2046,0.21540046168844507,0.2178689868286054
G3803,0.21542458049190985,-0.21502350014753313
G3298,0.2154824280284103,-0.22199554668114693
G3609,0.21557793037714063,0.20852609675726164
G3163,0.2157022438841276,-0.22234785117220734
G341,0.2157326951937005,-0.2106136750777261
G1811,0.21597087455998643,0.2222384427578225
G582,0.21604601188170222,0.20320395167475996
G7609,0.2161769090432122,-0.2134960117832858
G2428,0.21630626575548798,0.21801535070376643
G3061,0.21631579731021577,-0.2048854774646872
G7073,0.21636293588393238,-0.22250700731799608
G2567,0.21639076554655268,-0.22546675121927107
G873,0.21650246257875577,-0.21334806477762586
G5257,0.21678037119911828,-0.2085902314505644
G1053,0.21678434154054374,0.23319519557162796
G606,0.2168637366530484,0.2214332991202964
G5596,0.21692734465102154,0.21379130962282097
G5980,0.21697200142550055,0.2072766887872436
G4420,0.2169879739817173,-0.22127541475540743
G7557,0.21701638238405258,0.21916965949734343
G1466,0.21709501425675568,0.211049229307055
G5332,0.21729585643796037,0.20218658177575238
G7960,0.2174179689591579,0.2205807518135246
G4625,0.21758527024877283,0.2154841293776362
G6682,0.21771185837160245,0.211542300986516
G1043,0.21773822016943742,-0.21845972671721137
G887,0.21775363592512373,0.2076469562085299
G7838,0.2177650096972172,-0.22129003589020005
G7418,0.21802629747116015,-0.2200740853413738
G3972,0.21825772916736075,-0.19684896007271815
G4719,0.21844037363523536,-0.22458244496349525
G7179,0.21851592207827084,-0.23476251834596665
G7588,0.21879091707212556,-0.20950864735971128
G4744,0.21901676115443505,0.20844540258344177
G1073,0.21902668760985278,0.20630832121086853
G658,0.21912373366343152,-0.22509464385979144
G5544,0.2191745367246934,0.2185311591760803
G4173,0.21923160307887662,0.21356927336668963
G7798,0.21931968463562349,0.21062652385345654
G1576,0.21934615598608134,0.2211942277329802
G4389,0.21946779386170726,-0.21219314921737595
G3773,0.21956976541723824,-0.23065311376956416
G4992,0.21978921567624224,0.21452536616526263
G1519,0.21979391178544092,-0.21688163820522982
G4841,0.22004290540407465,0.210298709798363
G6777,0.2200993382390175,0.19799660349895454
G3323,0.2202145140516277,-0.2205098381170855
G6452,0.2203288653041351,0.21312510758903516
G4166,0.22054297615923382,0.21312612802704628
G1143,0.22055839884388065,-0.22327133740982502
G4960,0.22069966600595792,-0.21156937197148834
G1410,0.22078556530242732,0.2191603553077534
G5548,0.22080055074509441,0.21725326708154627
G6680,0.22098007393059027,-0.21098850032336294
G2208,0.22109735194314944,0.20609605716678728
G1170,0.2211305355876233,-0.21942780962198094
G7763,0.2211920584332812,-0.2117958993304977
G7580,0.22125458062292902,-0.21169303697642827
G1001,0.22154107460598227,-0.20848160621715645
G6025,0.22154781329697415,-0.20526444345255862
G3776,0.22159310391178158,0.20035248075471213
G459,0.22178627149859298,-0.2126878624018796
G6506,0.2218665474230746,-0.22556221417944594
G7361,0.22200549461813443,0.2155801082273029
G845,0.22205458603586214,-0.20839089871074684
G4080,0.222109922763991,-0.2079199150161006
G5851,0.22216781468284474,-0.21656237199418124
G408,0.2222168944203341,-0.20215916779945814
G3577,0.22228109633167079,0.22081367818130654
G4884,0.22228385780546472,0.21290011322012978
G879,0.22237690375962457,-0.210356402226696
G6252,0.22257291347835556,-0.20805307344643836
G460,0.22262413088633543,-0.20395316278563116
G3931,0.22270207836981246,-0.21237653781664925
G2452,0.22271570363588675,0.20630702040688287
G5236,0.22277202168247315,-0.1951483107005796
G1192,0.222968950770493,-0.21350073934345193
G6356,0.22310465987019784,0.2206894224062267
G2034,0.2231095469997571,0.21431770523425006
G4529,0.22314606645285298,-0.21523604561890952
G6512,0.2233253821739773,-0.21321679996662782
G4603,0.22364528329856223,0.2138407823851881
G7480,0.22365801623384388,-0.22472578724179162
G1983,0.2237753372515908,0.2100541061584867
G5576,0.22378271410992412,0.21566348563268098
G7861,0.22380223291175252,0.20147904872503836
G7658,0.22387693702410305,0.20849868792510287
G5967,0.22390485997455475,0.2208502205692422
G4996,0.22391754451489979,-0.20904352469224122
G3685,0.22400855442272558,-0.20899902672468784
G3358,0.22423857732526864,0.22716892020196303
G4548,0.2243364554758158,-0.20491027013336388
G118,0.22439406333550863,-0.19961551657232546
G5379,0.2244112665265184,0.21276211485315172
G488,0.22471364682508668,-0.22292072571066107
G1733,0.22476782472837414,-0.21331052463750633
G6948,0.22495718027317685,-0.21729441790318088
G1219,0.22508661803383917,-0.22698941368540446
G4673,0.22535739860898224,0.2204507660959792
G2662,0.22581686186461244,0.20477838322047692
G682,0.22584715957254833,-0.21673728399127057
G6314,0.22595918361991385,-0.19983041914272662
G7178,0.22617856153596544,-0.21129398600554514
G4860,0.22637545821602784,0.21656851467921512
G2467,0.22641288147696428,-0.21409020148052063
G7,0.22652295615408122,-0.19096453010390424
G6204,0.2266321354708792,-0.22110749061735252
G6847,0.22691927321818034,0.2152772068148977
G6920,0.22699054406674454,-0.20622046387229098
G6710,0.22704676863711282,-0.2116762752503077
G47,0.22743392406513663,0.2195448791660797
G2294,0.22743986912826467,0.19946287608380334
G2620,0.22749122188685206,-0.19432893647060656
G4909,0.22761236940411939,0.19001480985269942
G7629,0.22768899708711052,0.2105320394180331
G6819,0.22769219604991162,-0.21536223076127842
G3926,0.2278093548298333,0.2120045785328039
G6718,0.22790652981770873,-0.2107964801609445
G4623,0.22793510322673596,0.20096419055200523
G1175,0.22820100100234875,-0.21900046800631406
G7932,0.228318913569506,0.20993152171297996
G2042,0.228474502900714,-0.21308138112364844
G3104,0.22855090531820876,0.2070054355124599
G4293,0.22865027025794177,-0.21847483009333618
G1137,0.22872010149659885,0.19940235527399752
G2465,0.22909039289974034,-0.21911772354863154
G2303,0.2291317072060361,0.20837653122344038
G6369,0.22915141268797026,0.19970729342186797
G7150,0.22936919064527397,-0.21070204550042443
G4922,0.2294759925128754,0.19436728725796476
G4195,0.22953471819178764,0.22187579324651557
G7393,0.22975914723059182,0.21655079295107993
G5339,0.22981826375383577,0.20327535355828485
G5474,0.22994873263632448,0.20413621097126083
G1950,0.22996308558902204,-0.208762865604469
G6811,0.2299807407721565,0.21771101791402298
G2710,0.22998598739919393,0.20558094460169085
G1481,0.23000306055478983,-0.20713989390210313
G891,0.23000612817901703,0.20717754325717863
G1383,0.2300413457061715,-0.21351660801235914
G1919,0.23013161895326847,-0.21987821317859851
G559,0.23013441233988766,-0.2101821875658336
G3981,0.23015539562047257,0.21209747906800763
G3330,0.23032069941328562,-0.20626835342522531
G1393,0.23035454136659522,0.21434717815798437
G2247,0.2305543192017715,-0.22880892330928068
G6141,0.2312210582395899,0.21392033546952444
G7720,0.2312339507846067,-0.21275052513406068
G3432,0.23129048370868108,-0.2136158217128104
G583,0.23137904512703164,0.19881271637977516
G4931,0.2313917284051302,-0.2130252218208003
G5410,0.23145198810768242,-0.20772657192304622
G1236,0.23155320487102637,-0.22144993755734516
G741,0.2317840673026178,0.21373407080426782
G2022,0.2318983080562051,0.210471010674543
G7771,0.23213588310615316,-0.2065008691740315
G7446,0.23248602197826224,-0.21136727123193005
G5399,0.2325189957156094,0.21300100220939586
G2748,0.23266858697420725,-0.20600875310020939
G5675,0.23275760141608923,-0.21375923200383107
G2733,0.2329083246882755,0.21959488695021187
G762,0.23320972584785402,-0.21851115341824445
G2006,0.23412369653402995,0.19516728330500932
G6434,0.2342191748771628,0.20295177117271312
G2008,0.23441970667384598,-0.21165127864224892
G3638,0.2344573098651016,0.2040859421736937
G7679,0.23450072080343062,-0.19013069787041667
G5456,0.23484034952126015,-0.18950609911537014
G3652,0.23488666202433714,-0.18734410697153764
G3792,0.23494185059911388,-0.20211317723835853
G1708,0.23494363939476387,-0.20799460808806738
G7549,0.23495726149617757,-0.20950747176300666
G2167,0.2351420002955236,-0.19427986586091406
G2729,0.23523007437745982,-0.19451477282568327
G3574,0.2353696042596244,-0.20994641768374397
G5415,0.23540241350087726,0.20727791491728348
G5038,0.2355124360839374,-0.1997046614893217
G4031,0.23585623487475713,0.1992714349884182
G6960,0.23634402367037338,0.21263463575019798
G3949,0.23652589021051162,0.19932502887349096
G5919,0.23668324009251218,-0.1994536524148877
G6945,0.2367133098738326,0.21909145545987344
G2497,0.23678121800739146,-0.19849870021202326
G3952,0.23683746612567708,-0.192874061479517
G5199,0.23705945766855077,-0.20040578226459113
G2244,0.23736436061795407,-0.21220460835847496
G6473,0.23738953080707714,-0.20957727829304998
G7231,0.23752475094156458,0.20413776102821501
G7149,0.23752552076969405,-0.20385552259342854
G6161,0.23788625608481995,-0.21393654133145235
G2819,0.23789005593416337,-0.1952734165282267
G3352,0.2386440550330956,-0.20914340657759983
G3109,0.23879924241932887,0.2035802343452308
G3439,0.23880480031911105,-0.18788526014973236
G2423,0.23895645821921485,-0.2073820163982248
G7006,0.2393466717785109,0.21262417702221204
G2795,0.23962370471284902,0.2165342298250065
G6044,0.23965475393166366,0.20074074356240845
G4019,0.2401727637018106,-0.21392837373766954
G3292,0.24035151571955013,0.2008490082098852
G1450,0.2403962335872116,-0.20645770384185325
G4147,0.24065139440279715,-0.19329930228373374
G7906,0.24078015722341906,-0.21240988256302068
G6915,0.24079326422447442,-0.2085853346583534
G6085,0.24116061115721105,-0.2101768645819169
G6292,0.2411777136657534,-0.19907258611391448
G7292,0.24129841939646202,0.2163034498030647
G7360,0.24163935014037782,-0.20022633297423842
G6396,0.24165294096493822,-0.1936986859323718
G5433,0.2416594364633967,0.20940069598419592
G3594,0.2420379722334005,0.19754930867008202
G672,0.24205639726220543,-0.21239190905553929
G3901,0.2420832796586055,0.203663635476947
G383,0.24257237740480014,-0.18799278023845278
G6176,0.24264133511004313,-0.21681357612215674
G1331,0.242649210222616,0.1976051079219684
G2778,0.24275006900735605,-0.20882544940298756
G2406,0.24280351749949808,-0.21615302535480463
G3898,0.24283302803071233,0.21435725574264514
G4002,0.24296887420409477,0.20772281543197257
G5574,0.2429704616952841,0.19596264571770527
G7397,0.2430086305279256,-0.2019303333354425
G5954,0.24307976026514813,-0.20704493419114503
G4328,0.2432488476603648,-0.21168925750758688
G5854,0.24327582600243136,0.21049299981162375
G1517,0.24332778513103712,-0.2079800180017921
G1345,0.24354188892098924,0.2046459808614588
G4497,0.243642426108065,0.21039942848885318
G1566,0.24370669023438002,0.21122734022286
G1523,0.2438624704475509,-0.2098991787354363
G3426,0.24394446858244156,0.19959294488824275
G4431,0.24395952859243764,0.19873736300420916
G4081,0.24416167222886706,-0.20211898097775013
G5409,0.24446891280873387,-0.18763165329483908
G7777,0.2444804542739422,-0.19273370507640514
G1158,0.24448141139695412,-0.19225207206420553
G3499,0.24454373311960473,0.20950776674327393
G5028,0.24456157272546192,-0.2004941919011727
G1081,0.2447372686256174,0.19814078435657145
G4614,0.24473978772472652,0.19253014220478126
G2134,0.24475068673572056,0.20379903572918978
G6083,0.24475853231889375,-0.20059983815658022
G7676,0.24484375106212883,-0.19452073676198817
G5383,0.24485609646838005,-0.20918330680243669
G2649,0.2448766712621161,-0.2092381778841072
G1705,0.2450907224864048,-0.2079242607711162
G5643,0.24514021091814858,0.1958193276330582
G683,0.24548772307365352,0.20676703023295684
G4567,0.24552748159182827,-0.21028409978941393
G7542,0.2455802510848898,0.19896230915311225
G7669,0.2457974192524921,0.1914542153307926
G1923,0.24591073742575226,-0.19769112931093027
G4865,0.24595609934158427,0.2018297824028078
G2179,0.24611478275726287,0.2046896733758069
G5767,0.24627021477089098,0.19964231613523248
G5006,0.24629616010026664,0.18810668714844253
G1218,0.24647978755238673,-0.19700974679303548
G3660,0.24651422400062384,-0.20051138609128866
G5793,0.2466286766002462,-0.20277870596911934
G5673,0.24682795518133555,-0.21164393006138932
G654,0.24688474821594167,0.199024693181412
G1967,0.24688755298282977,-0.20041796529495132
G4715,0.2471494899634062,-0.2028689061695119
G2899,0.24717337784742588,-0.20995355077758998
G7583,0.24730615355016497,-0.20514572550994392
G3682,0.24740716938801038,0.20107578613251081
G5882,0.24740787579334458,0.2069089497226204
G5253,0.24741269077597414,-0.19686351857706036
G599,0.24759908240168516,0.2086671518504424
G7691,0.24761993516037045,0.19262808344859944
G660,0.24762061920046546,-0.19757466163419818
G6753,0.24779885328307552,0.193367112200266
G3711,0.24785771799139367,-0.22616210379520546
G3916,0.2479044651981876,-0.19619846986591793
G5627,0.24795622190711242,0.2035183119813723
G1454,0.24797613786966577,-0.18455600476911777
G4182,0.24803409553973818,-0.19178539191340377
G6924,0.24806758772813325,0.20750094168559335
G5558,0.2481899092166807,-0.20479853709611268
G4363,0.24821076033950853,-0.20058996251220051
G732,0.24821555584436675,0.20751643854171337
G6103,0.24834073881184557,-0.2083428628149092
G1645,0.24874778005817505,-0.19233898479042494
G7118,0.24908853997818417,-0.19881388579729697
G2283,0.24913495056024912,0.20347740695986027
G7105,0.24919319279739086,0.19620136648604802
G7913,0.24947357878881396,-0.19814644322006766
G4658,0.24947650842228594,0.1943637670538922
G5031,0.24956757279534056,-0.20908910292328936
G5290,0.25014397459127863,0.18590003054482493
G7876,0.25014901038474346,-0.20130752518728207
G2605,0.25015807802599066,-0.19265877720290286
G1477,0.25029395625127926,-0.19959865308134284
G3256,0.2503489920690409,-0.2106291069197193
G5204,0.25038466176761337,0.21092760439950345
G4200,0.25057382787422594,-0.184211343479918
G6318,0.2508352890041964,0.18779230565492644
G7920,0.2511359967367761,0.19914424809337522
G2439,0.25119069199170935,0.18779280334110565
G3180,0.25126649405689955,-0.20358182223699534
G2363,0.2512817085922222,-0.1991997664746495
G5323,0.25129799552623516,0.19935178160512512
G4594,0.2513755811798727,0.1992000812890578
G1319,0.2514582557236231,-0.20554971577026895
G7336,0.2515303837863689,0.21044970169572177
G1447,0.25182360898428563,0.1911699830611677
G3010,0.25193611649623293,-0.20579166755036044
G1851,0.25202341728654415,0.1980573052627647
G5198,0.25221806057349416,-0.20163205805761208
G925,0.2522374156983386,-0.20259477190559075
G4088,0.2522507967462387,0.2122909213674457
G4737,0.25246397710214075,-0.20800241809354197
G5081,0.2526682748743027,-0.1938299572720448
G5941,0.2529031569836714,-0.19711967350871584
G5599,0.2532107139380544,0.19528990987517716
G5369,0.25348554609311125,-0.194301880785621
G4224,0.2534943492932673,0.18093694389952514
G5567,0.25350396510737483,0.1917751614502341
G1843,0.253572468384377,-0.199444785460684
G6784,0.2536235338523347,-0.2021547823996099
G3336,0.25364909933893076,0.19136869603253787
G4161,0.2536930687731897,-0.18274570720571232
G2291,0.2539497555584892,-0.19587252588172965
G2343,0.25398919148493043,-0.19604701577767564
G2572,0.2541533888497248,-0.19290012281002483
G4371,0.25432897096512297,0.19252974037425752
G7314,0.25436402049057183,0.1954403830781968
G1797,0.2550760424759022,-0.20434482499676515
G4534,0.2551847963091767,0.20431930367406653
G5540,0.2552480694024688,-0.19545116922591776
G1591,0.2554370554209779,-0.20008607021051972
G1407,0.2554951398085676,-0.19840795691801022
G5877,0.25558815776336924,0.20125947112207593
G7466,0.25573352793662696,-0.20004523820921133
G747,0.2558481814237304,0.1938841846423771
G6621,0.2558935897412472,-0.1964572766916371
G4225,0.2563780863478018,-0.19721637262273511
G6464,0.2564977200579288,-0.2120695373757599
G4439,0.2565924013948145,0.1987316497552058
G167,0.25665995861771324,0.20154574861112073
G5095,0.25666640228933685,-0.1983310968158993
G1050,0.2569552093995979,0.187083944562633
G3695,0.25711355518948714,-0.19559580083772884
G14,0.257231109182408,0.20262527446178616
G4164,0.257239015827949,0.20638880553235467
G1877,0.257323362103328,-0.20652715502155433
G6970,0.2573671379316339,-0.19434239070731163
G6142,0.257556440752223,0.1869753526654585
G5162,0.25771966641675015,0.19513215921036103
G7164,0.2577421432597743,-0.18955816889536953
G4065,0.2578209267093039,-0.18716118799700468
G425,0.25792562949069936,0.20476367360469416
G4489,0.2579460990670311,0.19311504114351263
G4721,0.257951847355916,-0.1849742990006486
G1658,0.25796368040758283,-0.20156358709682212
G1847,0.2581726354794686,0.19722718473660306
G210,0.2582903138103448,0.19085283148283078
G6008,0.25833286438324465,-0.20640659966168692
G6997,0.2587473739391102,-0.20502845052341315
G3750,0.2587808095409073,0.1856882096048681
G4877,0.25882773837417866,0.1967741531962483
G4632,0.25885965802945793,0.1975327636621549
G7328,0.2592554743486275,-0.20445315617789364
G2499,0.259272803949293,0.20120890911708683
G5352,0.25936333296450537,0.18494604560346606
G6255,0.25947720534828894,0.19466744796619845
G6168,0.2595167148146162,-0.20032420620884786
G7015,0.25967899746296125,0.2036308270123967
G7651,0.2598669064027924,0.18974247562734162
G2883,0.2598690890888991,0.19544543606502038
G7577,0.26034876896851294,-0.2005961448894233
G5575,0.26045867243022786,-0.1988640856424256
G1512,0.26050670394013176,-0.19740941995762204
G5766,0.2605469619538278,0.1977603603326779
G1921,0.26094189764034365,-0.19586226413666336
G6062,0.26170933110214795,-0.18951160884679835
G3608,0.26179567681801114,-0.186084381429635
G9,0.2618590366699904,-0.18985772001117085
G7584,0.2619332715294494,-0.18816741802264172
G6790,0.2621294782998846,0.19322210798873563
G5258,0.2622653135980162,-0.19840193599642345
G1740,0.2622943252869182,0.19028956447338616
G3762,0.2623807028528202,-0.18390982940519054
G1348,0.2625067230917019,0.18905501054756094
G3780,0.2625537095367434,-0.18728046324396785
G5066,0.26255847272937916,0.18923059756378444
G6862,0.262746574545208,0.19978391729279746
G4022,0.2628521565199602,-0.19214775996548925
G7528,0.2629811017941451,-0.19842130408924102
G4449,0.2630022204316502,-0.18907100059223422
G65,0.2630725792012687,-0.1942547478998335
G1825,0.2630730223344022,-0.20008560013987983
G1274,0.26313643566878814,-0.20339275924718986
G3081,0.263249448032094,-0.19792278356624693
G5241,0.2633361312985387,0.19054144500958353
G1086,0.26337152266780606,-0.19900667378576117
G6798,0.26361008812198417,-0.20758531957749835
G1159,0.2637071225584816,0.19432112142461538
G4628,0.2637685430595492,0.18657735337159237
G6930,0.264119692778264,-0.19359186743160622
G590,0.2642291681220692,-0.20224950064341385
G2432,0.2643456527208681,-0.20471202558316304
G4390,0.2645010632249293,0.19717485099867932
G172,0.26450637245355557,-0.18954687056983469
G6130,0.26461295255640904,-0.1951527978860192
G5900,0.2649886005785637,-0.1885610796889596
G1070,0.26512701843987174,-0.19705040790516806
G7421,0.2651755897144863,0.19836252964620202
G3917,0.26526825814785576,0.1973421459274724
G4263,0.26540853910417134,0.20954933458686792
G4643,0.26542070697937237,0.19602909408320102
G479,0.2654689666359432,-0.18958144150611853
G1641,0.26550388366800154,0.18923378095408183
G6227,0.2661599941895366,0.19499205518625368
G6439,0.26631218358724046,-0.1904862920807045
G6253,0.2663738907906487,0.18871108227916528
G6654,0.2664055119099455,0.188282730936478
G7863,0.2664627140835957,0.19880338079426263
G1627,0.2664702329173993,0.19699401400962874
G6999,0.26664886473792354,-0.20215253020373558
G2564,0.26678647372867487,-0.18985717840444089
G2070,0.2668887356806535,0.1935205936503766
G3908,0.26711142118361403,0.18261941644580237
G4052,0.26712491319764176,0.19779443751522297
G3148,0.2672756231813456,0.18783842390305527
G4469,0.26756287639379817,0.1957902298488427
G33,0.26756905592310887,0.19075778465104257
G6390,0.2676762333398158,-0.20555224385434512
G4589,0.26788080876343306,-0.18873546990193044
G1949,0.2678980553177158,0.2039024042577712
G4260,0.267955809658935,0.1909407588528969
G3650,0.26810859706917783,-0.19649773234869147
G4795,0.2681149509278008,-0.19725121940210036
G6190,0.2681371927158531,0.1871636976718247
G3167,0.2684463652275046,0.18745679728916909
G5735,0.26845476170504495,-0.20921055962157348
G1518,0.26862510703333997,0.1915392488970876
G2165,0.2686806376746605,0.1906836859675997
G5961,0.2687143261127703,0.17879579419901043
G986,0.26886289785618545,0.1949713973970235
G509,0.2690343661438879,-0.18890774749101485
G5166,0.26921065960586743,-0.18933513873354296
G3021,0.2693922317924949,-0.1917680517536105
G4615,0.26939351816113183,-0.18932146088562024
G2063,0.26962672412753325,0.1889774525913486
G3134,0.26965140103787766,-0.1923834193859571
G1468,0.2696695406633455,0.17759656625014986
G1069,0.26986163911265487,0.20163462810467503
G2512,0.26986560383000413,-0.1953428372767929
G7779,0.2700399778869901,0.19572768474814364
G852,0.270136840564718,0.1938646234189802
G3428,0.2702032179388184,0.1889360323826108
G7476,0.2702357366260568,-0.1960307427671832
G7250,0.27023796707408193,0.20184744386358444
G5894,0.2702934406696588,-0.1866807789077027
G92,0.2703609695990283,-0.20023720000762218
G7852,0.27040181730301943,0.18316242491891144
G2203,0.270533266094148,-0.20350271392044364
G3047,0.27065429611038144,-0.18812326181337222
G6341,0.2706691265376689,-0.19740326448827633
G4121,0.2707384527828132,-0.19736061316824433
G6864,0.2707725308958476,-0.20025214394041904
G6808,0.27128225070649664,0.19220795349995806
G2116,0.27147318654404773,-0.19608036748411806
G6305,0.2719381911203865,-0.190746817056466
G755,0.27194168941894264,0.1884890053046881
G6533,0.2721481454076117,-0.19524773517006233
G2153,0.2723062736831569,0.19170431099700416
G1315,0.2724473689942482,-0.19711699758094592
G2383,0.2730531191290738,-0.20644862401494674
G4528,0.27305478406627165,0.19952438234253644
G1737,0.27337556440289534,-0.18983316365760267
G13,0.2734241548604512,0.18766598646296628
G1756,0.2737726121705925,0.1911275289334064
G5850,0.2737819218519656,0.1795043675200672
G764,0.2737948108147184,-0.18874465434264756
G4700,0.27381469347996185,-0.1894970543719719
G1474,0.27385731247174544,-0.17851324215946213
G6331,0.27389674913564416,-0.18438819825919323
G7515,0.27395646221429515,0.18715181929844404
G2931,0.2740201524639895,-0.19584789894716673
G4259,0.2741170912341554,-0.19403981560197525
G4610,0.27428410915880785,0.1937726345633261
G5552,0.2743916400986889,0.18601181916417592
G5426,0.27450973638565274,0.19813423118557721
G4507,0.27455192605909434,-0.19336011381803198
G7294,0.2745755171256315,0.1892051862629031
G5070,0.27497867304402623,-0.1968102238833063
G7477,0.2750365737407528,-0.19189205510983312
G6102,0.27513641088441637,-0.18819135837494383
G1638,0.2752369356618126,0.19146328947531063
G5333,0.2752415725092301,0.18099506287448455
G3189,0.27526257849815605,-0.18865358554338485
G1449,0.2753047544902542,-0.18373816505317228
G5906,0.275338216796039,0.2004199731991953
G2252,0.2754685818607731,-0.18361877933125198
G4442,0.27550284589028756,0.18182767692135673
G6622,0.27570970788137267,0.18507610015903933
G4462,0.27587856763815866,-0.19380880932918115
G2382,0.27589495040504164,-0.19798046720978058
G2318,0.27596131124093487,0.17902410827332074
G572,0.2760023857563483,0.19429636093309421
G558,0.27613287403205067,0.1938721177478831
G5605,0.2762786537521358,0.1823047608303993
G3947,0.27639572355119213,-0.18156196633499347
G7185,0.27661937441056006,0.18482054353938648
G605,0.2768384077425563,-0.19222292765119453
G7530,0.2768607368974543,-0.18864673428855516
G6946,0.2768874164542953,-0.18746948783516526
G7048,0.27689012870436824,-0.17814377689115796
G7925,0.27697878428812045,0.18727561507890347
G3118,0.27712154028466607,-0.1908767067158057
G926,0.2772855685326055,-0.1893576899229676
G6582,0.27729882549466384,-0.18274361419734753
G1943,0.2774481850585423,-0.19783663600932677
G6692,0.2777384699666877,-0.1932902781330116
G3670,0.27788082922307217,0.18293134127425748
G386,0.27788852686839755,-0.19326464142339067
G1971,0.27789221664738567,-0.1893781830713171
G2831,0.27794426915529646,-0.17874301935492673
G2535,0.2779929304044301,-0.19736794372877356
G3918,0.2780584346452719,-0.18874504565412653
G3545,0.27809719795291166,-0.19174302035837498
G593,0.27820472928202195,0.19932933865337565
G7148,0.27821418596459146,-0.19225628049407767
G4209,0.27822119092320563,0.19637149287161035
G4933,0.2783226314154551,-0.18343974730539747
G7173,0.2783850314714465,-0.19452958371535722
G6816,0.2784679997518527,0.18718971817981897
G1202,0.27873327243361645,0.17708493675859194
G2310,0.27880076039396057,0.1954372670000911
G1190,0.2788728854093037,-0.18550574247315668
G1003,0.2790187439814383,-0.1779199022524661
G3907,0.2791196632755269,-0.18962139689005883
G2632,0.27939329080808967,0.19080627079089013
G1822,0.2795362396844079,-0.18123400846475116
G1455,0.27970741579208613,0.19199875203788636
G2970,0.2797075487330386,0.18256052705557896
G3488,0.2797469152040343,-0.18162959172157547
G340,0.27989253453465834,-0.18078179231127753
G4290,0.27997519967727746,0.18507202156988922
G1848,0.28015599236802463,0.1794934903107036
G5982,0.2803119250350842,0.19002080642993674
G1049,0.28038565153788514,-0.19233079025161542
G2880,0.28039582846487504,-0.18655439498696463
G1678,0.2804625943179674,0.1886806693039677
G277,0.28050039415089295,0.19405095661715135
G5178,0.2806306179308732,-0.18963393036818804
G2828,0.281072171748778,0.1890889085352559
G1102,0.2812882523515268,-0.1874869504724949
G947,0.2814336134340757,0.1854296401112945
G3834,0.28149252391824336,-0.17935956852174367
G4874,0.281608571906791,0.19213057905483344
G1008,0.28197591607258904,-0.19313095971040112
G4202,0.2819990466117797,-0.19509982390957875
G7196,0.28231625231056606,-0.1805440553565471
G5864,0.28243336415127335,-0.17509444775301183
G959,0.2827119279987841,-0.20214221744273675
G2280,0.28290635727095015,-0.17996875463006537
G6527,0.28298416139884,-0.18319336524978658
G4776,0.28305758431713685,0.18243828018097802
G5075,0.28308888383017483,-0.1968534254225065
G3872,0.28310942859947347,0.19623524706967233
G2528,0.2831941313284588,0.18222237831708663
G23,0.28322070622183804,-0.1811723190912931
G6237,0.28334289841738824,-0.18567812234470696
G7602,0.2835800713214475,-0.1868469075640472
G4651,0.28366547043421686,-0.18080475025440512
G4853,0.2836927213106891,0.18100120504008888
G4478,0.2837216537137083,0.1855885553028837
G4765,0.2837333099862941,0.18564189301246514
G3149,0.283956870004599,0.19114513329357286
G1025,0.28398258149127503,-0.19321079092520205
G5172,0.28442234528034605,-0.18710908013564484
G1326,0.28457720645121376,-0.20125489962697923
G2965,0.28471823628593335,-0.1890991661250809
G4546,0.28496058500830035,-0.1771981807992182
G3930,0.28524252670756883,-0.1824032555873289
G7474,0.28532757420194477,0.18782239233668538
G2928,0.2854651719324266,-0.19359000041762991
G2722,0.28553307649951787,-0.18045215567951056
G1662,0.28564552035521523,-0.18817229923441986
G4686,0.2858074828809102,-0.1886669472520737
G4590,0.2860499729446208,0.19221348832975954
G7719,0.28611691732885514,-0.19434295861899692
G4162,0.2861795370239423,-0.19226633435989143
G656,0.28636064712539855,-0.18810170489981956
G6424,0.2864132965339837,-0.19123066015529674
G2447,0.2865395377226231,-0.18009014881476565
G4697,0.28654068109808395,0.1859829383776076
G5216,0.28677463677308007,0.19341888379992478
G3372,0.2871605196444595,0.18401059830641137
G6332,0.28733957915625546,-0.18318730249505882
G4078,0.2873848887141141,0.18409842600330684
G3225,0.28762853451132714,-0.17355123833899969
G2616,0.28769765395654545,0.19331875764850592
G774,0.2878067988153821,0.1878644207496622
G4808,0.2882417424865807,-0.187414866251065
G4304,0.28845048907980625,-0.19669050562046303
G844,0.28853242009712193,0.18425374346779785
G6985,0.2886215999231823,-0.1788413361096745
G7997,0.288741507297264,-0.1798666707017978
G5023,0.2888320574839412,-0.1740611362487416
G3258,0.2888746269582269,-0.1786079123458957
G2191,0.28897346033061083,-0.1972923678642778
G3505,0.288996667038973,0.18557517969162993
G4470,0.2892204229221944,0.18230717854191042
G6046,0.2898517035268913,0.185906207637702
G7497,0.28988651872921617,0.19082303413332943
G365,0.28990674808251105,0.19165409759538485
G6167,0.2899350842120838,-0.18669785270433292
G3723,0.28996848941371367,-0.17046415660226505
G3247,0.2901432673009461,-0.18544194800925984
G716,0.2904094128983681,0.1794297953967183
G4386,0.2904393974472899,-0.18969913641049624
G4705,0.2907341368678585,0.16982279973866085
G585,0.2907900797653541,0.18758524664882414
G5526,0.29086642786148437,-0.18637974157759546
G3875,0.2909546373596962,0.1891611894395393
G7966,0.29105435547855785,0.18252037686075123
G6735,0.29112094256003823,-0.1913835141055496
G6007,0.2911493891496666,-0.19028619536954444
G3985,0.29122771560883953,-0.17292172458801125
G7591,0.29129388852817345,-0.1836853267887954
G6745,0.29131829768741085,0.1890890961108506
G6002,0.29141965914371337,-0.18570405783419752
G4152,0.2916014994623322,-0.17833572121476982
G5067,0.2916042209492833,-0.18042892057018994
G5458,0.291681344632808,-0.19390967667606768
G2082,0.2917767671660535,0.18077616094166848
G2526,0.291838006527801,-0.17337700077109736
G3313,0.2924117766571516,-0.20076062455547167
G6908,0.29247667966748164,-0.1898776861211805
G3940,0.29249947327280096,0.19401421427921647
G7933,0.29258040764064647,-0.1922131632371745
G3273,0.2927066154590909,-0.17459676956044026
G3016,0.29297846741080535,0.18023525765664802
G1998,0.29300337204664684,0.1782921260224257
G961,0.2930363797031525,-0.18490863325385434
G1465,0.29311753144285085,-0.17970207762600482
G7044,0.2932254166344103,-0.17974576254643773
G6507,0.29324672325106543,0.19595619666047007
G3524,0.29330205521871544,0.18646725789723945
G4119,0.2933431210380062,-0.18256872651081504
G2592,0.29362093271398276,0.18047268225198962
G3861,0.2936887261758088,-0.17847675533708246
G7946,0.2937707839361349,0.1761478869586764
G2860,0.293858311839496,0.17452685192023354
G4515,0.2938737945578476,-0.17661067258521676
G5439,0.294221135353586,-0.18938483037149928
G7757,0.2942340025546852,-0.17404855661110225
G6393,0.29431251962233773,-0.1800082689727894
G3004,0.29445948954975565,0.18327229008881118
G3130,0.2946094497782019,-0.17820012052159867
G2313,0.29482285124958,-0.18451287921042872
G3920,0.2949928984453476,0.18091333411452865
G2848,0.29510231262007564,-0.18747763063699635
G6843,0.2957666143683547,-0.1799228160742356
G3136,0.29579492654441486,0.16265658813652162
G3529,0.2959448529299549,0.17693932863985393
G5423,0.29644580887546473,-0.1860512931559124
G1167,0.29648323418055966,-0.17832895539814564
G6529,0.2965232071955422,0.18436078728270647
G5160,0.2965369920587334,-0.18539800634947207
G1540,0.29656227606896496,0.1958490429562079
G6688,0.296563926649369,-0.16893113269105453
G7057,0.2965778930509288,0.1814503906720598
G5692,0.2966174306640321,-0.1878802222952596
G884,0.29667189631051516,0.18449271782821408
G5518,0.2966800780911442,-0.1863887512751402
G1724,0.2967151138756678,-0.17708547463608804
G1625,0.2968101670598994,-0.17618310591243033
G2776,0.296996975765649,0.1702663649293815
G148,0.29719887869585054,0.1814810905134169
G5760,0.2974834444147317,0.18566718870153867
G1657,0.29783108085830995,0.1842462367276543
G5429,0.29809074296008464,0.18760359755266695
G4315,0.29814292399587017,0.19085504749890028
G5857,0.2981851986718419,-0.17922585772636884
G5915,0.2982549762387206,-0.18289488477458946
G2113,0.2983986954336692,0.18636621697854253
G5973,0.29863654038289217,0.18090162669713905
G2842,0.2986485877351154,-0.1901671450628596
G6047,0.298700726093502,-0.17987686362944058
G22,0.2987778729191835,0.18409975001229198
G2612,0.29878554452495093,-0.17187420943365825
G1985,0.2988368038266325,-0.1747903642781078
G4745,0.29898584505913367,-0.17980042102792906
G4961,0.2991444911975057,-0.18111633998206134
G1458,0.29914671744725707,0.1706752965363847
G6872,0.29945363772646855,-0.18206330123851472
G5120,0.2996672070332366,-0.17731240560527967
G6713,0.29973085815868816,-0.1809834301694965
G2584,0.29998966522851295,-0.1731339608326562
G6781,0.3000454055402882,-0.18945989667961768
G5084,0.30009093585766095,0.183196084731593
G4194,0.30017732749325743,-0.19135528713431207
G462,0.30022395136325,0.17743838724084396
G4270,0.3002397212015193,0.17974419478472578
G1829,0.3003031256376945,0.18194971582174657
G3127,0.30034049687085884,0.17661790398302926
G2481,0.30041493621845394,0.18118846881855968
G4131,0.3004273339387952,-0.17388506506632506
G6131,0.30081233353099607,0.1881006830972121
G1957,0.3008544755856879,0.17590388667710577
G4735,0.30098033055148493,0.18685693641469492
G6901,0.30120471388842496,0.17817662864414432
G4048,0.30131945735384763,-0.18328201772171868
G7817,0.3014150987219069,-0.17921628898743625
G5783,0.3015549976548195,0.1878026076914508
G7994,0.3015956782242665,-0.17102659276265392
G1224,0.3020033462680972,-0.18028047541439907
G5465,0.3021578231551893,0.18437631507307212
G965,0.3025267536348153,0.19288860383935744
G5671,0.3026666862239171,0.17390233498408195
G3518,0.3027771406568481,0.1871726587229385
G2579,0.3030564524994938,0.17937799096591914
G7819,0.3033470693975409,0.17855927275025163
G3343,0.303356614728635,0.1804173172490714
G5101,0.3034134267884005,0.18706155576023492
G7854,0.30344351739462555,-0.17645531038566595
G368,0.3035594445831532,-0.17638124855142628
G7840,0.30363712363656664,0.1776953925568
G2651,0.3037002102934139,-0.15875362758038325
G1123,0.30377956534910017,-0.18153573855850086
G2135,0.30383504356124375,-0.17877896303505386
G4016,0.3039354692671553,-0.18115214566066726
G3414,0.3041194106289118,0.18265495497592701
G4601,0.30418326097086157,-0.18836611836719583
G7733,0.3042071225021915,0.17345646490281477
G2311,0.3042801451729262,0.17629238524704227
G1272,0.3043661995872801,0.18198235778832247
G4183,0.30442173322238997,-0.16008631069738097
G7804,0.3045347845886844,0.18286460822298686
G7967,0.3045944204845693,-0.16907331489899596
G3464,0.3047285192756647,0.17660930025172944
G6228,0.3047350429116177,-0.17182155337565402
G154,0.3048441340514043,0.18377252374149228
G1109,0.30509280882124845,0.18303695327202288
G5742,0.30518616553227806,0.17753787245153652
G4409,0.3052624755614598,-0.1871505079227735
G7794,0.3053872042146639,-0.18178915735785
G6129,0.3054026607285761,0.18236444881511202
G6649,0.3054380016592592,-0.17495434405248667
G4989,0.30553997378789644,-0.17201914217333397
G203,0.3056136783660352,0.1787548770754833
G3684,0.3056253366192348,-0.18768903932701053
G6224,0.3057846936911447,0.1863943273870574
G6035,0.30587193798342655,0.1751801995183927
G7594,0.30609547460661096,0.1839675781814526
G5633,0.306286212751933,0.18125794829440242
G687,0.30633214717273377,-0.1872393394660732
G7786,0.3065713510702386,0.18143786913736662
G5283,0.30673632915387383,0.1884100197346773
G3392,0.30693308201150477,-0.1712498772213063
G5938,0.3069623611545184,0.1845230010996664
G7007,0.3072434342943238,0.1859401507799978
G4997,0.3073462278908792,0.18561786097559602
G769,0.30735570405372664,0.16926857589329752
G121,0.3074683957370053,0.17091584355859885
G3335,0.30786952087895875,0.16704146174378326
G3017,0.3078766156134191,-0.1787043378806369
G7426,0.3078886644629621,-0.1755004566091991
G6834,0.308381185380435,-0.19051275740069318
G2809,0.3084293730640136,-0.18597914779564967
G3497,0.3084369780202018,-0.1665379722828192
G923,0.3084520413619653,0.18294652495389666
G5484,0.3084598838879806,0.17369686295675926
G2635,0.30853762938616464,-0.17122583994131763
G3686,0.30856322948997167,0.17909283152114427
G404,0.3086681016122533,-0.1783837673424359
G3833,0.3088650938220848,-0.19064590522885827
G2758,0.30887188042715463,-0.18158059073077842
G748,0.3089548041383863,-0.18320797868402508
G390,0.3090694954764256,-0.17907215550438726
G3989,0.30909583622833114,0.18770346819923375
G924,0.3094146024309461,-0.18006838125833274
G631,0.30943568411907335,0.1587998741295549
G3156,0.3095637491352299,-0.1721700658802113
G4674,0.30963180456309547,0.18611884733483916
G2024,0.30982500813579583,-0.17651831262516082
G197,0.30997468951426727,-0.17146500742803175
G3957,0.3100702329394997,0.1786327054424487
G2036,0.3101085628142619,0.16827110392131386
G6322,0.31012281214760135,-0.17554752876057778
G4250,0.31014517985419154,0.1749168224426402
G1598,0.3102856211271324,0.18312921100995405
G31,0.31044701750220977,0.17218774861929698
G5942,0.3105556140249117,-0.18651548111701893
G3501,0.31080447191718935,0.17505032967045747
G5925,0.3108905166398836,0.1789945850917148
G4062,0.31091813599111795,0.1824530491422629
G3404,0.31094890584211515,-0.17212035360382164
G2380,0.31121823943884336,-0.17815698453773965
G3073,0.3112911549828246,0.1756937043143892
G7232,0.3113289337538557,-0.17332017346479206
G3542,0.3113954345264967,0.18247025447272575
G6177,0.3114818133658267,-0.17442951056344225
G1561,0.3115454290811094,-0.17613265834203057
G7536,0.3117317702031931,0.18380251184049445
G4696,0.3117973604766314,0.1847936539330257
G2076,0.31181838988422467,0.17433975815351005
G4512,0.3119004099596639,-0.1812419181448962
G2376,0.31191009250948426,-0.18262933010889465
G801,0.3119716576765457,-0.1763580804484264
G3329,0.3121738312978902,0.16390352531757446
G4646,0.31226437052817957,-0.17331218867545
G6071,0.31245991737696277,0.17227255348555243
G463,0.31247591711158906,-0.17531121645864303
G6669,0.31264480234455194,0.17552042536788603
G4710,0.3126678108347053,0.17355631540492641
G4743,0.31268112013914334,-0.18261865069175034
G191,0.312738672440882,0.17899406937440213
G3200,0.31274598434633066,0.16796607843354333
G7563,0.31295227065897874,0.17337187705251736
G6723,0.3129710587028027,-0.16982043668852012
G5916,0.313036419518326,0.17208840171580256
G7709,0.31312426229764534,-0.18802358928042762
G3951,0.3136208407082215,-0.1781544669352042
G399,0.3138998327865908,0.17653273456740093
G7051,0.314007035944014,0.17777006610293714
G2749,0.3142107363884171,-0.17739506449518894
G5348,0.3142160635683097,-0.1739359643083484
G6788,0.31423788924119983,0.16810440529476744
G2963,0.31424195208939787,0.1730516650826429
G5682,0.3142516898365162,-0.17396788587983958
G296,0.31429725584293,-0.1815489503923603
G2058,0.31435727210213854,-0.1755682292763333
G5634,0.31465056304481487,-0.16295158098135
G5168,0.31488684103944675,-0.16850669806777696
G5734,0.3150177058260027,0.1665334295174233
G7172,0.3150322360092436,-0.17668391942210154
G3278,0.31529029448056545,0.178167940663588
G1067,0.3153280907862008,-0.17688767764313015
G3514,0.31560063234288416,0.18026828351257693
G5354,0.31562962502916087,0.1807965257437694
G2790,0.3156641165503325,-0.17069779533798363
G744,0.31594607648223666,0.173554691076582
G7813,0.31613431047221746,-0.17987060894017706
G2111,0.3164655983397667,0.17510116620489918
G7550,0.3167116305963137,0.1690572085223614
G6787,0.31672292701823046,-0.17085618366464195
G2707,0.3168492990318966,-0.16104809885081128
G1881,0.3168827835141123,0.17347991633634074
G4670,0.3168912901011001,-0.16645066002363926
G4667,0.31725105323072517,0.16479550707071136
G3718,0.3173091651450445,-0.16174631160438058
G7125,0.3173570415104794,0.17241683982657308
G7944,0.317443897999816,-0.17599144562753571
G603,0.31765689825077464,-0.1761694079266227
G3393,0.31773036305364677,-0.16945888374558074
G4644,0.3178119396526091,-0.17461792355318567
G7712,0.317833687992412,-0.17955154837948406
G1498,0.31785799766565076,-0.17747498630532732
G254,0.3178752434484609,-0.17278727570598273
G480,0.318297023271778,-0.176997971402539
G2178,0.3183978439959826,-0.1745264889497395
G3816,0.3184530346390015,-0.17906926287027844
G1581,0.3185845691330418,0.17505688638467548
G5929,0.3188555458388334,-0.17980010642212105
G3610,0.31889845282354573,0.18026016845199058
G2521,0.319259425666191,0.17283718369718884
G7011,0.31928149853308624,0.1743375726757811
G1882,0.31948778377809367,0.17987750776645656
G7218,0.3195197345669543,0.177376558158643
G818,0.31961101866783564,-0.1800551802165487
G7106,0.3196556080476535,-0.17669179649661737
G6194,0.31986956795639143,0.16305805705480472
G5328,0.31993139968590373,-0.18497318841284793
G7004,0.32026821404979505,0.16519479231251372
G2101,0.3204993676123872,-0.17912869525665903
G1126,0.3207423345407291,0.17642703092158984
G6727,0.3207646908008765,-0.16921273911270876
G1209,0.32106465004442675,-0.1742439021472684
G621,0.3212002025680452,-0.18239063294356164
G2514,0.3213529287039024,0.16765597143333869
G1599,0.32135912346988876,-0.172578716011248
G3384,0.3214278773561423,-0.16976372566310277
G1054,0.321557084649893,0.16453655789908617
G872,0.3215674711350349,-0.1732288211099968
G1939,0.32206630140699605,-0.16482215941566525
G3755,0.3221814001524812,0.1586178271659626
G6065,0.3225999612773627,-0.16871036142652718
G1223,0.32287447542892334,-0.17903719010022728
G1680,0.322903821336443,-0.1753234743900709
G3238,0.32301802825406645,0.17921894458376783
G5121,0.3233373846784431,0.1590549957539229
G2672,0.32341079811858764,0.18423062392401238
G2501,0.3235574672997925,-0.16161791004850326
G548,0.3236723663140728,-0.18752213079531865
G6078,0.3237651112496125,0.17143047844077858
G1806,0.3243100067651178,0.16607623190568505
G1343,0.3243300199892194,-0.17201822662054453
G6476,0.32437455374599977,0.15862924820099358
G2803,0.3244203260476135,0.1652810904426487
G4212,0.3246022089627907,0.16643926697150843
G123,0.3246297038734318,0.1767040575169417
G2993,0.3246370378655513,-0.16535362132445175
G5106,0.3247068146732598,-0.175093135293278
G1155,0.32472425238705405,0.18435159994788952
G413,0.32482989029943354,-0.17430570433707598
G5341,0.3252344697491545,-0.16637408356983444
G1962,0.32531073824947043,0.17595977013489306
G7953,0.3254075823088648,-0.16314943990279174
G2650,0.32542694706962916,0.17142760838600946
G1992,0.3254947004807358,0.17742188311767118
G841,0.3259237333822068,0.18204381553125007
G2045,0.32595011386076933,-0.17439560229197643
G641,0.32598096477184824,0.173287543942485
G4134,0.3268730360726311,-0.179363549264126
G3420,0.326910072903574,-0.17664647026163705
G6445,0.3269782379728611,0.17373639107530003
G6202,0.32699496875091216,0.16033204768431714
G377,0.32702146253139275,0.1674990776302588
G2064,0.3271561403737392,0.17206349494160936
G807,0.32775688115641965,0.1658825790184098
G4885,0.32777994463165383,-0.15719458022832497
G7315,0.32781914776993837,-0.18072967630116488
G3986,0.32791761939574926,0.1735366206445833
G1632,0.3279533194562887,-0.1641326929195897
G4942,0.3280526181243304,0.16946823496854357
G1735,0.3280705553910598,-0.17866480335435242
G5259,0.32820701172425815,0.1638461763209132
G7273,0.32826634434871993,-0.1844385806776781
G3857,0.3283301538924136,-0.1667935762828664
G6191,0.3284758549317941,-0.17025089977764568
G5716,0.32854708260674015,0.17636841955503885
G6128,0.328566081145953,-0.17938454399423387
G2093,0.3285670788032786,-0.17478220580199216
G4073,0.3286140293217318,0.16645049620444352
G3680,0.32887792880899047,0.16408737496643128
G1952,0.32898118891272954,0.15164499845353435
G2146,0.32918347184261176,-0.17523392428625684
G4679,0.32939397247120816,-0.16536824845170295
G1156,0.32959103039890014,-0.16576064817187458
G5640,0.32959256973172624,-0.16660175275052536
G2919,0.32963102109538034,-0.17335907790206262
G2047,0.32966528222631764,0.16722638047294663
G6370,0.3296885920641729,-0.16637123448254942
G6123,0.3298255152404671,-0.16454317267128846
G2000,0.32995051424324573,0.1712493417554093
G7297,0.3299867903444489,-0.16259369828751785
G1789,0.33010293697042736,0.16522061901216523
G3457,0.330127146063781,0.17539414421048594
G670,0.3304218807303444,0.18144125468482625
G3766,0.3307024194366288,0.16926099194295494
G1590,0.33075395789724227,0.1537797735731928
G4412,0.3309219013521709,-0.16481933046295796
G6146,0.3309502987564318,-0.16837678754191523
G4054,0.331155349573916,-0.17149543444603918
G6290,0.3316100535923582,0.16398178504434538
G7847,0.33162990879874876,0.16882550338289432
G7343,0.3318199729978015,0.18037837288706363
G3003,0.33188072469727803,0.17178346060201008
G1051,0.3320166709680903,0.17062634755465722
G5342,0.3320535788627015,0.17469483142739078
G2943,0.332054704335477,-0.1593336613698493
G438,0.3322284178051411,0.16998437234622638
G4238,0.3322556458999406,0.15433031203478403
G7897,0.3324696298888309,-0.17570712208160094
G6135,0.33260853695666703,-0.17613012801027172
G5491,0.3326155895679853,0.16339085017623398
G1475,0.3328687991053021,-0.16804578379548687
G7373,0.33328000227916665,0.17138271542828204
G780,0.33331880034280514,-0.16090121445954697
G5278,0.3333276457684293,0.16671415320229716
G2886,0.3333988432341789,0.16610855151620707
G3583,0.33356569728454144,0.15652055365636217
G2398,0.33358561051146474,0.1789687662842931
G7094,0.33371489513703423,0.16419614301463575
G3662,0.33455695015816855,-0.167798409430913
G7431,0.3346097379126577,0.16243326579738754
G5504,0.33474811294678164,0.17080785366738216
G4223,0.3347665978009041,-0.17207479077165805
G7951,0.3350839953700332,-0.1727860946628085
G4418,0.33511121230799956,-0.16828070434032952
G7641,0.33519945253328176,-0.17492995259429195
G7940,0.33523921091833475,-0.16984163077396303
G179,0.3352915050615449,-0.16070942596141602
G4483,0.33545133564871865,0.17097935065688472
G219,0.33557590455593245,-0.1724437570776717
G91,0.33564324596700335,0.1673344965343116
G880,0.3356961336322676,0.16564884633860877
G1532,0.3358285241853137,-0.15963217852261835
G1656,0.3360485945007349,-0.16152635127773443
G5711,0.3361044431031729,-0.16243251801747557
G956,0.33619606336185515,-0.16430084329816744
G202,0.3362134224241886,-0.1703970504958815
G501,0.33629359634337586,-0.16427525980972438
G2485,0.33631698983544145,0.17441306770974274
G5890,0.3364088077153603,0.17911354384524053
G6694,0.33645833739256714,0.15103818853296253
G6944,0.33647353115883105,-0.16533073906666837
G3671,0.3372003633332096,-0.17011203815472792
G7945,0.3372969796772888,-0.16687536115760232
G1352,0.33765298540376787,-0.15764768408617555
G5808,0.33799286053688593,-0.16455694941506038
G6687,0.3381356302092817,0.1634593073703617
G6665,0.3381526231071281,-0.17571255994116466
G803,0.3381632236244907,-0.18384317951270704
G1984,0.33816855147706515,-0.17515950642406608
G7219,0.33828718211131226,0.17246377729059936
G436,0.33834308511455025,0.16722494659309717
G4502,0.33859094871444817,-0.1621334585366263
G587,0.33889351523152556,-0.16664341102752503
G6755,0.33893355915736867,0.16878065564753794
G2211,0.33894418529889514,-0.16547730963806556
G5344,0.33904580884855207,0.17124700108692376
G7742,0.3391080941660176,-0.1623628151305421
G261,0.3391434183088545,0.1514173548805871
G7270,0.33916587367279083,0.16265926227877353
G4807,0.33926596125739217,0.16581026779144528
G6478,0.33931477333805204,0.17384758980175938
G5217,0.33950646886385516,0.16283014366802315
G3141,0.33958210464427596,0.16247169198863604
G2744,0.3396756930970434,0.16221642252519378
G3064,0.33980868703073774,-0.16392745027098787
G1042,0.33985440946268475,-0.17440852861238781
G306,0.34016619726703956,0.16020582881021267
G3349,0.3402253939781702,-0.1591398516511564
G3693,0.34050068520237153,-0.1685980928779311
G6438,0.3405333435933534,-0.17489133717795063
G2033,0.34059817193144737,0.15681306925725097
G2731,0.34077505348825676,0.16005255617116385
G317,0.34089925133991095,-0.15286558001748962
G6750,0.3410816437206894,-0.16582554136975414
G4204,0.3411187114508879,-0.16045436734509821
G3304,0.3411362961194164,-0.17298998150717837
G5451,0.3414335744531597,0.16725524982085402
G1730,0.3414772070142147,0.1647559610601382
G5226,0.3414940408043793,-0.16830438212415988
G7775,0.341676266145828,-0.173215347443906
G6900,0.3416831859007745,0.17349624634818872
G974,0.34173833571839907,0.17084614587171043
G4858,0.3417390703738441,-0.16823347798626442
G7952,0.3417430623157266,0.15277833320006118
G6706,0.34175244232056456,0.16700718612455973
G6092,0.3417909243549584,-0.15726095936002893
G1850,0.3419079605566454,0.1667140352905425
G3159,0.34193778121692453,0.16945634064040616
G5561,0.341945976846209,0.16364255018222562
G4936,0.3420758668852132,0.16673497899972767
G3297,0.3423621479798712,-0.1547428355212061
G7040,0.3424468797494066,-0.16541581981962805
G777,0.3425611515559499,0.17074453143542484
G4804,0.3428343311298906,-0.1565844388490823
G862,0.34297636051508407,-0.17137633148361314
G7818,0.3430128125851618,-0.16700471960573296
G3182,0.3430231610734358,-0.16479127420429093
G4970,0.3430764642432168,-0.15648211118637564
G4756,0.34322502032669433,-0.17231725074794121
G6548,0.3432773400676382,-0.16698851572904744
G3187,0.3433357644984445,0.16097315444718588
G1802,0.3435043654854555,0.16813412891721558
G2944,0.3435723375137665,0.1603905058152855
G2292,0.3436572321635213,-0.16723764148408682
G1154,0.34383962357240827,0.17057114399652631
G6308,0.3438426596943699,-0.17771001091725447
G6594,0.3439512590258683,0.16344337937872727
G710,0.3440270086066852,-0.17319183724234838
G7693,0.34408650596001866,0.16452264306877507
G3034,0.34431345933826607,0.1634395307754617
G6741,0.3446196692497585,0.16617612269783433
G2321,0.34465315027145793,-0.16767626739066074
G987,0.3447768447875057,0.15697447693443345
G3521,0.34501685061744514,-0.16427065577012961
G7995,0.345028790857977,-0.1640836295817098
G7524,0.34503614284618456,-0.16014299776282276
G3649,0.34505239939758914,-0.16579478472285616
G7540,0.3451464427421216,-0.1689240386846478
G6964,0.3451732434971313,-0.16202832109575793
G7034,0.3452028121015127,-0.15492673492359743
G3209,0.3453517449995006,0.16810802074403797
G3418,0.34537426106185587,0.16086739586796037
G3157,0.34547195896036265,0.16681683203902156
G4500,0.3455511279817016,0.17334640819123717
G1322,0.3455778264988566,0.1641281311681872
G1842,0.3460636724781654,0.16663513878301217
G1470,0.3462294063670962,-0.1727400213608584
G7511,0.3462340968187193,-0.1604569054528941
G7562,0.34637401590390937,-0.15653239237038263
G2546,0.34645431294641915,0.17586297683161156
G4257,0.3464945619070119,-0.15827764243862963
G6474,0.34687363945016736,0.15162279702688367
G2740,0.34694185806010125,-0.17809609365003642
G130,0.347200309362654,-0.16861937031296126
G7067,0.34743904432293815,0.1799794559443266
G1933,0.3481888345785251,-0.1610094268144085
G1562,0.3484437128023453,0.16221718820039477
G1379,0.3484453785237206,0.15985234869085765
G951,0.3485465370781873,0.16499245019378267
G1213,0.3485888569691603,0.1654617292995814
G3699,0.34858964516213653,0.16810080980436062
G7715,0.34860161222554265,0.15489826531700998
G7870,0.34885147277469697,-0.17039602541877566
G3096,0.3489319764010903,-0.15402004039757564
G4011,0.3489851980214307,-0.16670110303559074
G7737,0.3489867312258135,0.1666692415847122
G3744,0.34911120101748305,0.16772148286034183
G2716,0.3492584262221482,-0.1762327919635806
G6223,0.34931560006721707,-0.16830331821757052
G2007,0.34931642609067926,-0.17071854134498338
G2599,0.349500372367896,-0.15907135885499907
G4620,0.34950492152565926,-0.16289870884358887
G5152,0.3495160567235943,0.15711755980270256
G6127,0.3495663210545571,-0.15599409186515922
G806,0.34991068086584454,0.16683276593859403
G6921,0.35012667534168895,-0.1617026674495161
G3470,0.3502305847603243,-0.17229381201274785
G1930,0.3504006264749503,0.16044635248362105
G2751,0.35074967086111875,0.16245577510479786
G246,0.35077519999377504,-0.1608087091488034
G7126,0.350904893640964,0.1659167162412567
G1289,0.3509367464775236,0.15590519969703703
G6666,0.3509779794157657,0.1558426360356382
G5286,0.35104782660163236,-0.16091516507108045
G289,0.3512685895016947,-0.17278890361736346
G4676,0.3513248674558782,-0.16001292902157288
G4722,0.3516506793652401,-0.16784832594358517
G4577,0.35171902204204564,-0.16327442143529586
G7211,0.3518793302949502,0.1762939023862075
G5246,0.3519348945754177,0.1601269418132139
G5135,0.3523698033011432,0.1603613453204736
G7408,0.35237587976850626,-0.16114626122424688
G6454,0.3524244888862599,-0.16931534097215392
G2249,0.35245689131905167,0.16325968084124745
G6201,0.35248887204986146,-0.16377487208668584
G6780,0.3525910506224995,-0.16086908402568867
G5926,0.3526316047436342,0.16254486428327958
G5785,0.3528482821961979,-0.15821634653118913
G855,0.35297360720953563,0.15548447365566387
G1258,0.35312396741708796,-0.16146845369153118
G3745,0.35336441147222286,0.15968223901367642
G468,0.3533850882944892,0.1459311641171915
G5223,0.3534600764927335,0.15618493550008583
G3144,0.3535015873956856,0.16166587691665887
G5588,0.3535082476810558,-0.16359333123911377
G7488,0.35360736045921193,0.1644873002250207
G7244,0.35374806111691204,-0.1648196660207879
G6789,0.35424814399266324,0.16837299556383778
G7626,0.3543987913435922,-0.15912593677380896
G126,0.3546763567453225,0.15726519397175465
G7965,0.35488086007153175,-0.15821894207582954
G1392,0.3551084776048715,0.1668997489253024
G4566,0.3551417361836118,0.16255992462803942
G507,0.35514239790605695,-0.17296758252719271
G3444,0.3554086048966184,0.15463174057581347
G6519,0.35544222083945176,0.15700847681661317
G473,0.3554859543508475,-0.17240643597753927
G6230,0.3555696750060401,0.16125481749118792
G3442,0.3555877127012136,-0.16882231199889566
G6852,0.3560694216750615,-0.16089817832392228
G3633,0.35634924353672426,-0.15373988218238718
G4912,0.3564910580425853,0.16246148829344487
G4540,0.35650254153844185,0.15760074830061263
G1803,0.35656536306607234,-0.15800516412164717
G4258,0.35658426648639485,0.16561098631465182
G2145,0.3566278285854998,-0.16191969961296032
G1419,0.35733222790791086,-0.16066769216151566
G978,0.357485939707908,0.16962096818008804
G618,0.3577308532775745,0.1547274067938989
G995,0.35785452667555195,0.1450338150884758
G5698,0.3578556685411335,-0.16143835891969582
G5951,0.358040352287864,-0.1640855472782353
G4076,0.35834812598703547,-0.15939053507647616
G3703,0.3583954138109483,0.16391650179305534
G3627,0.3585289685609442,0.16025468137599808
G6218,0.35855090758521835,0.15736594595221928
G470,0.35888253189604535,0.15050186062608084
G7209,0.3589115216120873,-0.15495032479583942
G5943,0.3590072951211589,-0.16617164537421888
G1565,0.35905786049560806,-0.1574971795305528
G1116,0.3592117840461614,-0.16508203887337194
G5147,0.3592137124296835,0.1594091820090142
G2446,0.3592369480099139,-0.15478798285869086
G5239,0.3593020692004072,-0.15508195196283553
G3540,0.35930844667147954,-0.1710654752460008
G4966,0.35952613758400376,-0.1550665361655316
G4983,0.35953934914293084,-0.16079140557354857
G7003,0.3596488803812554,0.1606516926818473
G3883,0.35967023208551563,0.157517541893438
G1928,0.35969748508882493,0.15349622454472361
G4143,0.35972511350345926,-0.16505572401010454
G973,0.35973152813948517,-0.1543576966858584
G6871,0.3600231898416313,0.1694264457977678
G2367,0.36004703065319466,-0.15620937931063042
G2861,0.3602019960094138,0.17040346069044074
G5022,0.36038638575272963,0.15412983439743538
G7490,0.36040787660952467,-0.15596076859222152
G7740,0.36040797218332643,-0.16063746222873554
G2339,0.3604362818076162,0.16612100990056472
G1937,0.3604933821317692,0.16011045766613657
G668,0.3605979556894109,-0.15364471956785136
G184,0.3606078751530899,-0.16198580498923953
G3757,0.360652328667169,0.1623039692463987
G4746,0.36081566051269576,0.16377659536765105
G5182,0.36118045589084913,0.16008789535989082
G1010,0.3613138637125415,0.16051211208347527
G6977,0.3613295715773299,0.16597004969450513
G7973,0.3614780510838206,-0.17052333690082472
G3625,0.3616276167758886,0.15072805176611662
G4099,0.3616311965856719,0.14471959107526694
G7399,0.3618562082513591,-0.16385693947748997
G2864,0.361903617595861,0.1581307645274491
G2898,0.36223384651073365,-0.1641035295846695
G5299,0.3625573358364369,-0.16584214993615945
G1273,0.36257794475799576,-0.1616677642004665
G6036,0.3627022252742672,0.15688350508274837
G1425,0.3628726515125369,-0.15179583478659764
G7573,0.3628748275615191,0.1545733946810468
G6971,0.3629702171820014,-0.14887449356474527
G5688,0.36321464546126503,-0.1527048598628802
G3853,0.3633255730493351,-0.15939805014618494
G5731,0.36346431972480653,0.15517468116989203
G2794,0.36393770768167377,-0.14682663049884365
G2039,0.36418065498788976,0.15940343144404878
G5113,0.36428891066639946,0.15386721575665152
G3240,0.3646413511775518,0.15523208145138057
G1443,0.364673819884633,-0.15910944066680033
G7454,0.3646870739970748,-0.16165881818823388
G4167,0.3649333322116579,0.1661161624819551
G1309,0.3650952270190735,-0.15090903566067218
G6767,0.3656157299257463,-0.16512259016330824
G4407,0.365954303206136,-0.1585779199339919
G4547,0.365968104695237,-0.1570387532447901
G7042,0.36613161842346076,-0.1682898974929899
G1904,0.36620886186729984,0.16513969764135578
G1668,0.3668062022961611,-0.16233963275238078
G791,0.3669565764928935,-0.15093063611350943
G1633,0.36698529144898073,-0.15835920741696835
G1226,0.36707621679549085,0.15602946692711073
G7322,0.36712107264736016,0.1574285625353065
G824,0.3671491099741969,-0.1598222673632207
G869,0.3672373174609598,0.1494355077900694
G997,0.36736821261398644,0.14717531144690124
G6952,0.3675585638399619,0.16493902022021156
G960,0.3676313112765107,0.151247028446862
G6705,0.3676723262353372,-0.1572064435235979
G2204,0.36794494114084697,0.15969819995040344
G3029,0.36811752722324986,-0.15122645705666124
G7922,0.36820895299655443,0.1549090308656372
G4768,0.3683421989071213,-0.1537532174011701
G5118,0.3684263136527489,-0.16088060239744773
G4817,0.3684819055764431,0.15102956102380152
G435,0.3685691792557362,0.16492090323125827
G6207,0.368572291472096,0.16072867644619754
G7564,0.368582774207182,0.14515182039956215
G1149,0.3689407910094833,-0.1573587988495524
G177,0.3690271531364817,0.1570455093990945
G6684,0.36906065343244865,0.15429824995805191
G6081,0.36907692980355444,-0.15827447504849174
G7746,0.3691101576059763,-0.14680663216425355
G4364,0.3692678857043483,0.15920207042951995
G7414,0.3695367130552881,-0.15307408083546636
G7496,0.3701463175295786,-0.14690153980591333
G1853,0.37038777220588515,-0.16220463389502376
G7799,0.370401892930179,-0.1555117888921467
G4176,0.37047069671050714,-0.15530551049801977
G4434,0.370705298323162,0.1585056324791199
G3051,0.37085953235317093,-0.14760581591494096
G2298,0.37111016200818236,0.1565863579489051
G3587,0.37114022998368024,0.15677344745360167
G4812,0.3714002000784007,-0.1622780880291663
G1017,0.3714923622216636,-0.15428381276034475
G5240,0.3715032548347156,0.15555159950656056
G4806,0.3715483090907017,-0.14459400388748567
G2077,0.3718517480529727,0.15553891806855275
G3732,0.3719236430380418,0.157921346139487
G864,0.37195190001443534,0.1574391690801467
G1619,0.37209733829376535,0.16335658913794726
G7077,0.37217314828625536,-0.16229303547956755
G2440,0.37245668679749666,0.15151526753788752
G6559,0.37254471153301927,-0.1510779876646263
G5956,0.37258936465281267,-0.15449417576838484
G2021,0.372617191011853,-0.14611206758618028
G5345,0.3727389338745163,-0.1394238004055475
G1534,0.3727408028090148,-0.15276900613211414
G3873,0.3730303554847457,-0.15652074724548715
G1841,0.3731091728358419,-0.15826507641638285
G2570,0.3733042815066666,-0.14651973479575559
G1635,0.37340687097256486,-0.1576952511076995
G2793,0.37362679408588595,-0.1540125632460455
G6778,0.3736735605926057,0.1593137153149462
G2144,0.37377038156583386,-0.15834162365550802
G3409,0.37390760700953785,-0.15814451514952346
G364,0.3743722031887926,0.15386994620802283
G3856,0.3744260738920374,-0.15913021658377519
G4104,0.37468739907569903,-0.15839837484408484
G2517,0.3747968179843866,0.15813639884940217
G7941,0.3748847912349057,-0.1595777937757707
G976,0.37494343750580383,-0.16311395864591519
G2370,0.3751290700262415,-0.15736467676902566
G7722,0.37516071523028693,-0.15215554677319165
G4837,0.3751674994576397,0.14880048627959744
G1537,0.3752320942291345,-0.14996090820209024
G1530,0.3752680630569346,0.15047035704942857
G4017,0.3752727870361746,0.1599627851948773
G4084,0.3752805925431445,-0.1497371363678871
G2061,0.37537137799835607,-0.15723429511451226
G5556,0.3753944606320232,0.16334555980699472
G6003,0.37567459634525224,-0.16072818265724792
G3865,0.37577756447691124,0.16471423680297992
G5434,0.37591886738777347,0.14747887715330946
G483,0.37592805637925,0.15189934064143043
G4564,0.37604438202640966,-0.14885469641566218
G5157,0.3761208104951408,0.15721066858789748
G1712,0.37619628909548575,0.15648736150677156
G7864,0.37626116902727536,0.1638110972770367
G713,0.37656243135384626,-0.14747651361270192
G7176,0.37658369922601465,0.15375744721596685
G1341,0.3766272738973535,-0.15374366936388012
G7597,0.37684124026518573,0.1547317041504125
G6300,0.3771760284840978,-0.16386289787619548
G7616,0.3772143620960071,0.15180752344813686
G5806,0.37749062219913565,-0.15610639101088286
G1700,0.37784662696999605,-0.15594144215590836
G4749,0.37786853444626367,0.14994001709307975
G7509,0.377876376237435,0.1557653644921723
G7699,0.3779010454064079,-0.14383345571046777
G4514,0.37791109108389354,0.14212928651325343
G5087,0.3779407258857036,0.15743317666456833
G4098,0.37794445876048766,-0.14900003512640794
G3192,0.3779638328881888,-0.15928427329886924
G7943,0.37806868998838983,-0.15201877219023402
G7184,0.37807702037852353,-0.1540801338852784
G4784,0.3781468862077626,0.15302988535050888
G5897,0.37816748594984784,0.1539282653929131
G387,0.37830201072001546,-0.15293352927023732
G406,0.3783559860644061,0.15273719835595348
G6212,0.37871631703364506,0.14340666460346874
G4122,0.37880037788795107,-0.15299520569347247
G3825,0.3788176900719866,-0.14166268052135447
G7700,0.37885658919058396,-0.15078080957068016
G551,0.3788956249390679,0.15148239970614896
G2337,0.3790214088939039,0.163052202940174
G255,0.3792153235510627,-0.15355154491861525
G7790,0.3792734705291232,0.15127791559010365
G4748,0.3792931690675536,-0.15831662516323453
G7797,0.37941534742002747,-0.15497324000126877
G2399,0.37942541928536866,-0.1574185438411702
G6990,0.37963357597701275,0.1551089999856427
G366,0.37965227165385074,0.15111693475722587
G400,0.379691072831125,0.15207092891395904
G7788,0.37982128951230965,-0.14000301069998833
G5015,0.37996235656846533,-0.15542254234897435
G303,0.38014925564895086,0.14491666755416252
G4535,0.38033646432366686,-0.13548965589984877
G100,0.3803806064073305,0.15548900977142
G2051,0.38063832797581343,-0.1502328068496439
G1095,0.3807668088975321,-0.15034772523788587
G3592,0.38079939561698006,0.15028934045807726
G3242,0.38103858026028337,0.14302535766769836
G7576,0.38122629408986486,-0.15901110456963097
G6599,0.38130164455532545,-0.15368682756046967
G7387,0.38162644504478127,-0.14986471968844406
G4170,0.38162752883293827,-0.15990017655734745
G5723,0.3816703866312343,0.1560425282511681
G3262,0.3817877315968726,-0.15001250068285535
G222,0.382137471419409,-0.15175932628146963
G5336,0.3821873610549177,-0.1563521018070556
G7766,0.3824135304105266,0.1489120713095991
G4557,0.38245953849905434,-0.14128655883874777
G1820,0.3827056134404969,0.14611428564425666
G1148,0.38301762922041527,0.1437946102571361
G4624,0.38316691404086944,-0.1578762412034953
G2289,0.3831674310976324,0.16245408109898624
G5237,0.38325144872641803,0.14623979347049193
G6959,0.3834837413314577,0.14712944663553748
G1533,0.3835428449790882,0.15032974738510088
G639,0.38368728883290404,-0.15724253830728838
G5397,0.3837157787683787,0.15117774140551393
G4474,0.3840537833909473,0.16092119326770538
G2494,0.38409748405383637,-0.15157517818489363
G2055,0.38409986101303895,0.15057382122936513
G497,0.3841152202099135,0.1509382657747938
G1555,0.3849924481040933,0.14609064468745275
G566,0.38518184420654256,0.149061192300067
G5021,0.3851918577187936,0.16274514173669605
G6283,0.3854277792846008,-0.15559739344781315
G4272,0.3855475582311346,-0.15052089204654434
G7917,0.3856979480806958,-0.14794332408216204
G3628,0.38575240518951515,-0.14680892863537248
G7809,0.38597369778280977,-0.14605397720837954
G1062,0.38597569950893484,0.1492959141158414
G7396,0.386230701011416,0.15211716951267296
G500,0.38650473725414614,0.15525582433991034
G4141,0.3865791714802187,0.15666054383476838
G1502,0.3867531757506085,-0.14699929451512417
G2603,0.38676962143465365,0.15650536798283032
G6376,0.38678123699687705,-0.1485468789868594
G2767,0.3868251618875167,-0.1615502071647578
G207,0.3868961359394073,-0.15133780120455637
G2133,0.3869964848763766,-0.14962675036540407
G444,0.38719063702500045,-0.1605408243209658
G2633,0.3873781931127601,0.14397994287747912
G4822,0.38742990013391554,-0.15629424085816068
G3458,0.3874768767284914,0.1488563182081792
G1896,0.387514581616494,-0.14743363632769438
G4830,0.38765470276930014,-0.15020299422479796
G2792,0.3876632809215934,0.14624163587300534
G200,0.38768565211160255,0.14108289889008307
G2464,0.3878126471037838,-0.15848908708726034
G3318,0.3878578979054851,-0.1581939117446097
G3863,0.388553535290743,0.1559539833077864
G1837,0.3887206612700641,-0.15119814699001966
G3992,0.3888490211072182,0.15540048703975862
G5264,0.38886659827880987,-0.14808058219990955
G5946,0.3893365767416994,-0.14845405804882367
G7621,0.38940508842782984,-0.14494258577523514
G7684,0.389741354000111,0.14872406479229724
G151,0.38992875801670024,-0.15343872669383246
G7470,0.3900886138593378,-0.1505121900630007
G6580,0.3904280524131466,0.14114373996625823
G3360,0.3906909837411543,0.14897686465980264
G5122,0.390709582346616,-0.14920201223125748
G2507,0.39087573217477134,0.1511288373042064
G1858,0.3909002426834637,0.14447427452515393
G4287,0.39127151859101217,-0.1486157247315316
G6038,0.391522434312672,-0.14173022885800135
G5477,0.3915820905581574,-0.14892822483648455
G3219,0.3917403675723129,-0.1475449218573413
G367,0.391816490906695,0.15058546417841662
G175,0.39183169980660126,0.1450609905212869
G1978,0.3919780812830893,0.13793921083293423
G7005,0.39208176031427555,0.15044450608344967
G1453,0.39226416425943056,-0.14746179894308714
G931,0.3923570196625016,0.1488601922792711
G4552,0.3924127601657398,-0.15463864596965476
G5893,0.3924451917932026,0.14879508356412388
G3807,0.39250781381359534,0.14491934846633325
G3687,0.39294505519792944,-0.1468427693713504
G5063,0.3931119151314274,0.1531445119921536
G7518,0.39322412507775184,-0.15761173778839033
G1007,0.39391842875804295,0.15068570397236042
G1147,0.3941779823329723,-0.14040053437901934
G1968,0.3942150373457117,0.15596468249332604
G2881,0.39428743022708845,0.14698130597441877
G5073,0.3944569980235805,0.14283752074515912
G7403,0.3944590923871709,0.1541160880437749
G2124,0.39469351168891775,0.14229011026720742
G3690,0.39511177634538186,-0.15107566944828954
G2721,0.3951205617617414,-0.146769073454609
G7043,0.395139703605101,0.1555942049611143
G6573,0.39514536370662934,-0.146357933762926
G6295,0.3953336718334003,0.1470022499576747
G3884,0.39558324027522784,0.14069420330937074
G2750,0.39574420088785855,0.1439887918028677
G5099,0.3958229506004357,0.15386940290334203
G6988,0.39592640086558095,-0.15410451068596118
G6057,0.3960268751398217,0.1549122657939556
G3492,0.3960406680019707,0.1431095676853718
G1415,0.396040842382943,-0.14391468354954354
G4920,0.39606528740390645,-0.14961590380050954
G5888,0.39627339442841125,-0.15024846218905108
G6365,0.39628956877323307,0.15112103848136893
G1057,0.39648916533510514,0.13594347350759875
G7962,0.39661708994844114,0.14159376227544035
G7811,0.39665711187470676,-0.14632690515147523
G1334,0.3968266007879019,-0.1484072535332498
G6987,0.3969194211459778,-0.14034245383379879
G6583,0.39701479021901354,-0.15088284567199112
G7590,0.3970408719614378,-0.15050843242566697
G4741,0.39704963309149033,-0.14240314179498822
G7927,0.397091912342049,0.14839662105269988
G3639,0.3971357633822551,-0.15352790188915616
G6421,0.3972517026064569,0.1422978126494205
G300,0.3973214614928724,0.15380203402945147
G3770,0.3973734025170139,0.13824004258252254
G684,0.3974476801054485,0.1398020620717571
G3943,0.39761451680143256,-0.15629711005597952
G6374,0.39772648560407864,-0.1481629266301625
G6238,0.39779911966563264,-0.14422045578848033
G484,0.39784695881726395,-0.15170960539468792
G2892,0.3979143884822005,-0.1556378984569881
G3215,0.3980675793772207,-0.1539219620512025
G5372,0.3981298072560959,-0.14640924453753695
G745,0.3981455412265549,0.1514122748892679
G4398,0.39816064800556084,0.14163251064739213
G3475,0.39817002998202733,0.15178994849716015
G4254,0.3982201583673183,0.15358596139723096
G7553,0.3983009353038699,-0.1475366056460026
G4988,0.3983574132644381,-0.1508701825112831
G4343,0.39890620070050276,0.15558632917137605
G2874,0.39913584164446203,0.1485573511871171
G3729,0.3992400061677541,-0.14036608280464982
G6877,0.3995444165097011,0.14126171609104982
G3567,0.39959624840587493,-0.1420218994718263
G5996,0.39960490124008274,0.1507762882502728
G5617,0.3997099218277955,0.15212254146480658
G1234,0.39980341788739615,0.14638192180476242
G2840,0.3999392153134891,-0.13464787165139938
G3086,0.3999799649770137,0.13925717886570851
G1237,0.3999928774401782,-0.1513686558486333
G2515,0.4002715607164502,-0.13605051152279346
G5645,0.40030363219261933,-0.14090918155839502
G3474,0.40081186827321436,0.14559474446895537
G7443,0.40082557918471684,-0.1548080699640101
G7989,0.4010734367040849,-0.1404239539869485
G5715,0.40116036789829523,0.15291307386647773
G5317,0.40137986848593676,-0.1426957272812063
G3030,0.40165206017701327,-0.14915954889218924
G5058,0.4017554065215464,-0.13976573160238123
G7628,0.4018910625346631,-0.14106390860994045
G6712,0.4019008292328643,-0.13930512471201245
G1527,0.4021466102031277,-0.15127159335478124
G1362,0.4021503325158593,0.15287186275099618
G7226,0.40233179002053865,0.13317260137166698
G7891,0.40240736251920295,-0.13944463937590104
G6791,0.40247039586695266,-0.15166827159434923
G911,0.40254086185847315,-0.143164165246134
G2695,0.40256631303897783,-0.14149328167845837
G7050,0.4026134682871628,0.13533002940607847
G3556,0.40264292212921515,-0.15239752513729155
G5669,0.4028544937926234,-0.1472539188464878
G928,0.4029292243825767,-0.14072162844827363
G1808,0.4030696986078278,0.13944655649913218
G5870,0.4036437666102163,-0.13860955390601082
G6303,0.40364690778343204,-0.14877555848616908
G2471,0.40365023262186117,-0.151368965584308
G5780,0.40377747643116313,-0.13926475966030966
G5115,0.4038762371531106,-0.15033842578069095
G3282,0.40408122002809577,-0.14707638319510288
G7132,0.40440704698249497,-0.14298396791595516
G3997,0.4046188953294849,0.14283358767742974
G4730,0.40484175961129365,-0.1421723967100343
G6262,0.4050249919514901,0.14555557297467933
G5222,0.4051450096660917,0.14713125270285965
G5950,0.40527475823619763,-0.1450458217249193
G7791,0.4053005023811659,-0.14827437721733056
G2434,0.4053362725390518,0.14876883445676012
G1231,0.4056071581065741,0.13846947400571766
G5757,0.4056324043115448,0.1504044821135833
G3620,0.40577399754210164,-0.14408248614408736
G2411,0.4059022326619943,0.14252099951501984
G4802,0.40592174717237994,0.14406503670945117
G4219,0.4060317062584644,-0.15759389120261327
G104,0.4062920851286218,0.14197872045412052
G5071,0.4071628641535383,0.14236241593515614
G2937,0.4072186126683607,0.1401084207823394
G2997,0.40724383639791406,0.14145566143072733
G6134,0.40731873793506734,0.1403192629448462
G3814,0.40733722982015885,-0.14737773041973218
G1107,0.40734372346747305,0.14613698456545246
G3749,0.4076378638522985,0.14436862421307206
G3267,0.407723180122214,-0.14307357794633813
G5782,0.40791397466294943,-0.13707621971724415
G4653,0.40795715012349776,-0.13982761498189566
G3719,0.4080189321016712,-0.1382672641944922
G6013,0.40805734880394917,-0.1434797640299358
G3321,0.4080876990343817,0.15088575652632003
G7303,0.40840629447996357,0.1396685509802474
G7841,0.4088597279065632,-0.15182268840484686
G6879,0.40889816861553574,0.15139410564882994
G2448,0.4089494276952744,0.14594768391982554
G3365,0.408977620589687,-0.14376002992553824
G5175,0.4091596011973718,-0.1389562250040536
G5587,0.40919173175763734,-0.14216830719956824
G431,0.4092732272498928,0.15023014688590952
G3395,0.4093727374146058,0.13991764933393078
G3251,0.4097926298769904,-0.14611108668437234
G6037,0.40983244345070036,0.14454812304824635
G1650,0.4099019550714088,-0.13879161522447378
G4321,0.4099473501476397,0.14059329568661724
G1344,0.4101947740547234,-0.13999631359021084
G7963,0.410264787744133,-0.13706330119328708
G1963,0.4103612048579749,0.13134067092512985
G6545,0.41046418503294557,-0.145907681099738
G2023,0.41059774930877546,0.13678405331168275
G5042,0.41070348320897143,-0.14074307441878728
G2712,0.4112154370619835,0.13448009366417057
G7293,0.41137959780490474,0.14074296046387524
G1386,0.41142795249606445,-0.14194438435262657
G2596,0.41153350556553026,-0.1495541748875356
G4402,0.411629989424789,-0.14890463920188501
G264,0.4116534017930056,-0.14899851735908226
G7982,0.41186108300352176,0.13870074853963396
G826,0.41190930084341004,-0.14823392905882787
G3261,0.4120099633271459,0.1493128154549398
G892,0.41235046422993693,0.1495884886425085
G6206,0.4123910517322861,-0.13427613767344804
G7109,0.41239879377031763,-0.14794989561411903
G7104,0.4124974876383666,-0.1498356513457355
G7308,0.41251787060135736,0.14804956808679948
G1018,0.41267423722757923,-0.1498887939703586
G7923,0.41281357629741644,0.14488847554916828
G5202,0.4129783312241281,0.15426754415340935
G5710,0.4132388018706198,-0.14534966171155977
G5532,0.4134823844406085,-0.13556300858079243
G5999,0.41351421053861215,0.14214338980012475
G843,0.4137123360315176,0.14208067456126006
G68,0.4137492187245072,-0.1435351379081372
G5287,0.41394164241262077,0.14611897387915684
G3658,0.4141987583441791,0.14380703500653766
G6855,0.4145302686997966,-0.13785074348835236
G5046,0.4146667140899315,-0.1370065152222119
G6986,0.41474189599005074,-0.1385969238213832
G957,0.4148764727307762,-0.14807771962188399
G5984,0.4150027738847535,-0.13933481530101605
G6736,0.41507311440122596,-0.1438916707525997
G4408,0.41521275164990357,-0.15002185588574662
G3425,0.41529493310357024,-0.14031910158489191
G2626,0.4156659061227621,-0.14003450976507778
G5705,0.4157712063565431,0.13790044148885044
G3314,0.41587086916378235,-0.14276651742599636
G1697,0.4158985418544645,-0.13911389600308813
G7216,0.41625241266874247,-0.13352570343729767
G1380,0.4163474476044713,0.13868701992021393
G7069,0.41638463400985626,0.1379222868566213
G2429,0.41644718776526457,0.13990073087569296
G5753,0.4166309874502002,0.13062898254647268
G6695,0.41667535231307606,-0.14503132046748546
G6263,0.4168906951721074,0.13970496682963976
G342,0.4169698394723915,-0.1420201890977584
G7688,0.41704442201950254,-0.13223929089521402
G6138,0.4171361739556133,0.1347213341927253
G3586,0.41719076013414913,0.13913434439523661
G7802,0.41742351280904366,0.13314812266097337
G2213,0.417427669787499,0.133866212706364
G1194,0.41746664105330855,-0.15156220403568144
G2019,0.4176608411603979,0.14390692263135674
G2884,0.41767816243196776,0.14956893026442997
G3455,0.4178045569675818,0.1450617674341734
G4300,0.41784329609759163,0.14193476197516974
G4973,0.4178518044000279,-0.15009485562214786
G1729,0.41810013102239096,0.14820122408272177
G7475,0.41816003943814606,-0.14794115175760786
G5307,0.4185669815881755,0.13563822887477509
G4827,0.4186838282629731,-0.14149488835510535
G643,0.41869999563433336,0.143876386115602
G1836,0.4189113172184493,0.13873550709839438
G7277,0.4192105484209735,0.13456340222230054
G4216,0.41925488985026016,0.14205616859878603
G2967,0.4193063459993993,-0.13480862158510787
G2591,0.41936675018074465,-0.14373287722678207
G4668,0.41941048943095993,0.13915890067153497
G7829,0.41951962721073177,-0.14455028531945432
G7875,0.41959596480586825,-0.1365864697814426
G6403,0.4197070571589262,-0.1441315653005975
G391,0.4197688985556294,-0.13728461552369553
G2126,0.41982522001943645,0.13128700972898108
G941,0.4199764260916694,-0.14012190403920655
G233,0.4200764721600184,-0.14342940976044252
G1366,0.4200925454058977,-0.142181293115557
G1642,0.42047682949026255,-0.14475228428710224
G1084,0.4206138363086721,0.14564002510955132
G4736,0.42061909748676274,-0.1426677931311776
G1960,0.42071224378081407,0.1552077100245915
G1189,0.4209949460002179,0.13811843298632098
G7512,0.4211525742920239,-0.13655564297228145
G2143,0.4211580715428792,0.1373251552037734
G1016,0.42139989086269425,0.1397528054073404
G1637,0.4214903462540075,0.14737599542297294
G5784,0.4219034784740182,-0.14564749643632435
G1626,0.42193193777079074,0.13721312964012666
G1753,0.42201890628090544,0.14478637184336263
G5865,0.42202438233367623,0.1422482687384411
G112,0.4220350779730254,0.1432888870852576
G893,0.4220646231535904,-0.1407055496957909
G7575,0.42211810877425004,-0.14108260247629223
G7868,0.422380478707134,-0.1399075417276517
G5180,0.4225004076136658,-0.13821921302999504
G4823,0.422697225415425,0.1427968963748763
G6418,0.42273097831349415,0.1459178848348508
G1568,0.4230402425131359,-0.1341565574760243
G206,0.4232111505057764,-0.14110238327451857
G3623,0.4232752146751476,0.1381789592924573
G4158,0.4235916123791207,-0.140755473053937
G4177,0.42398146601902365,0.13669925923952103
G7992,0.42404892918191806,0.14265947547559937
G4665,0.42410177473533284,-0.13808385239789445
G7661,0.42411383784234835,0.145192343080081
G1918,0.4241214413871438,-0.1360232920451859
G1114,0.4242976256524982,0.14651690708104445
G6992,0.42443836825687475,0.1357910804262122
G6139,0.42452622790205297,-0.13862191732864457
G2644,0.42464639148855154,-0.1455817911757225
G1220,0.4247621718068879,-0.13954822598350214
G4554,0.42500294021353,0.14040823537736605
G4671,0.42505830045482274,-0.14632282952322417
G7980,0.42507158027779524,0.1435863178755203
G193,0.4251689330761338,0.1409990214194482
G496,0.4260204526132788,0.1294144202501769
G6936,0.4260727306692853,-0.1508116017496749
G4085,0.42614878690881886,0.13539161776916792
G3355,0.426163256744473,-0.13928222821463132
G7654,0.4261729944093967,-0.1405394316672675
G6097,0.4263123020040829,0.14147517886983207
G2882,0.4263173173989434,0.13813696716862314
G3795,0.4263663607845313,0.13398488620082946
G3421,0.42658631152976745,0.1454973348608618
G2988,0.4266109033997657,0.14143445154587175
G2630,0.426670447060427,-0.13567263480799918
G6342,0.4267740038164809,0.1434854604148191
G5536,0.4268335155196499,0.14600983643576818
G3722,0.4268544990020714,-0.1424603548739437
G3553,0.4270217367524519,-0.13514219280431186
G5924,0.4270769796305012,-0.14047356944300393
G3590,0.4271947778229087,-0.14118360010088848
G5514,0.4272134408507665,-0.13684696867605756
G3185,0.4273272238221817,-0.14258709848024864
G4433,0.4273595961939718,0.13599459707814235
G2403,0.42741729429389874,0.13998964252362442
G5648,0.42758229657102464,-0.14422746742301576
G4930,0.4278862114275035,-0.13651715903713324
G50,0.42816346774709624,0.13777610505199314
G4844,0.42817450890190323,0.14082257485876257
G547,0.4284060808166691,0.1313570022177694
G3809,0.42843437312331645,0.14578044136216772
G447,0.4285050571876061,0.13452964629040554
G7203,0.42871124879465217,0.13351346627026067
G2210,0.42876298989324246,-0.13186546247890518
G3402,0.42890282293374793,-0.1335043933868334
G4990,0.42905181874845344,-0.13992701129417384
G6251,0.4291693715895468,-0.1435434895809074
G4310,0.4293000540896864,0.13452715687418443
G7638,0.4296671491155398,-0.13638629256181864
G260,0.42979379771857495,0.13371477717320723
G2565,0.4300901412998712,-0.1445010916226866
G2771,0.4302081422898911,0.13264826512958744
G3045,0.43029464482690194,-0.139905227426974
G5729,0.4303377993170643,-0.1442335748762703
G1385,0.4303807360534434,0.12532920426404265
G7867,0.4304264581259293,-0.13416946357386034
G440,0.4306921295102826,0.14021028231436233
G6914,0.43086196706279456,-0.13963294119592717
G1870,0.4310377795858493,-0.14402029487496026
G5841,0.43109272978844504,-0.12924284428245048
G5485,0.43129078412441346,0.12888325551763324
G3841,0.431366730834398,0.13148205591316411
G7442,0.43161913306305544,-0.14272127401765033
G5724,0.43176927077024674,-0.13379896510597442
G2449,0.4323115457765109,0.13801341913549042
G3128,0.43236889863090644,0.13846567610311214
G352,0.43241227011013883,-0.14209722744098294
G1759,0.4324634702863772,-0.14480083075823647
G7257,0.43246538763816567,-0.13199798888618594
G2941,0.4325109842740291,-0.1299276108048129
G1363,0.43269067294809793,0.13703852470096964
G3516,0.43279308731887,-0.1331482589974172
G4437,0.4328588027706315,-0.13813976190203514
G1995,0.4329570435109007,-0.1349240380593575
G3830,0.4330962650583555,-0.13597075219114135
G7560,0.43316450629887404,-0.1327063304985132
G2335,0.43320174720653404,-0.1353928901850374
G5256,0.43326573865721296,0.13761446336805067
G302,0.433450907920361,-0.13692360486876068
G4280,0.43346592194694455,-0.13180709306055202
G4863,0.4337263550754684,0.13327477773068763
G6274,0.4337892703094708,-0.13398971456966938
G4873,0.4338067718495614,-0.1295977587204862
G273,0.4338891129576611,0.14420219409635704
G7345,0.4340933443786713,0.13754156226409056
G2049,0.4347535885812229,-0.13498722386860865
G5674,0.4348296835177463,0.1340084483575449
G5662,0.4351755872965103,-0.14326448046868406
G5176,0.43536121313912723,-0.13660262544654334
G5381,0.43574835821041713,-0.13208992478301362
G2539,0.435869238677839,0.13903545857569835
G6451,0.43599631503870906,0.1378268772689042
G4211,0.436575248198973,0.13528997897491873
G6893,0.436687997160048,-0.14143628510105202
G4607,0.43672607051051937,0.13582057235536973
G3581,0.4368149446905494,0.1288617694414084
G2091,0.4368486323974732,0.1405433818507874
G3817,0.43687154790406024,-0.13085955080691097
G1349,0.4368768433906295,-0.13031926238699493
G6965,0.4369676067503464,0.1338669901163101
G2074,0.4369834393151262,-0.13698844753811654
G6367,0.43702332838254476,-0.13168519569130732
G7358,0.43710908117625,0.14282497168210895
G485,0.43728744525298024,0.13499085983898987
G5887,0.4372966306687238,0.13051180289746706
G5340,0.4374983398369473,-0.1347002310650837
G4005,0.43783109629101513,-0.11842397439178304
G7670,0.4380493200729709,0.1374297178428814
G4426,0.4382628275862851,0.12752258310811498
G5958,0.4383471931014793,-0.1396298541102468
G7351,0.4383894071415063,0.1438090648055841
G4541,0.43856967072098973,0.1372841786080085
G4905,0.4390572440370448,0.13593047535443004
G6328,0.4390813619382511,0.1353130198712578
G4339,0.43915859013268455,-0.1360689325688029
G7097,0.4392486361080762,0.1299592223597454
G700,0.4392766900819761,-0.14265374542903092
G7290,0.4393696076325798,-0.1455351559953252
G6832,0.4396920818323976,-0.13463921252710045
G5788,0.4397934843137723,-0.13387831204857017
G4355,0.4398218698362347,0.13544538185294588
G629,0.44000357871738804,-0.13776415440576711
G5660,0.44028210647238886,0.14326353626906052
G4518,0.44038487867393294,-0.1325823379454071
G2542,0.4407370744806153,-0.1334277907003934
G6646,0.44101159456485794,0.1369053097335298
G1564,0.4412114851010335,0.13572660399672717
G6560,0.44123451565985927,0.14397688934493447
G6427,0.4412412221633285,0.12845707776047915
G6919,0.44133851834616444,-0.12326863835248254
G836,0.4416276360743544,-0.13709568871203973
G940,0.4420365889185356,0.1304032244917487
G5014,0.4422724757532338,-0.13210425361452163
G2328,0.4423486017220889,0.14187218488067446
G6775,0.442429189037405,-0.13343576907442675
G837,0.4426926750029627,-0.14029338782483078
G609,0.4430873342927003,0.12393978692180538
G1833,0.4431803325701772,-0.13013463741322484
G5834,0.4432184410707286,-0.13787024207936324
G2717,0.4432504978940994,0.13054584008806125
G5699,0.4434798113080596,-0.1359499363889743
G2010,0.44357166722942565,0.13883591385557847
G2673,0.4438256004487393,0.13995200012772285
G5208,0.44404099025801924,0.1316604988616773
G2934,0.4443053479803204,-0.13782262212276708
G3503,0.44433226127225345,0.13582795458435995
G5555,0.44434728420352987,-0.13216725700358073
G5196,0.44445132728649883,0.1324557292178395
G6339,0.4444655860820351,-0.13399490680879006
G5551,0.4445778651984741,-0.13513554130909197
G2402,0.4447384402061426,-0.14622728140126418
G6459,0.445398053823023,0.13225103376791636
G6782,0.44551568728965985,0.13873083193519692
G4727,0.44560958654059724,0.13107281495653
G1979,0.44561415552879813,-0.13531652488351742
G7842,0.4458562362860812,0.1284867060177995
G2431,0.44588806840675155,-0.14056991809579145
G2237,0.44612550883878266,0.12487410300573791
G6398,0.44624183566600195,0.13160869080341742
G7056,0.44629914403392734,0.12540466044069143
G6614,0.4463290591964141,0.13954219118563613
G5697,0.4464077007461319,0.13380432283113378
G4561,0.4465451475877422,-0.12817545116090318
G1265,0.44656800813560427,0.12547533357842117
G3914,0.446577161103092,0.13082237375212674
G456,0.4466475731523363,0.1407139753831395
G7029,0.44669649512668086,0.1359613764941702
G4411,0.44701957154734395,0.12938147124092622
G44,0.44731906688279777,-0.136476472237484
G5733,0.44741900393779743,-0.13383991273678358
G2756,0.4474998955027103,-0.1315835687385946
G4150,0.4476126410910828,-0.1381939467949141
G4058,0.44775996128226603,-0.13082470103646388
G3689,0.4477674610029707,0.1286804757400384
G1755,0.4479359875390171,0.13154804703840245
G7589,0.4479590007087231,-0.1327802659625505
G4464,0.4479748881710377,-0.13281981721211816
G655,0.4482863442511762,0.13903367298649272
G3153,0.4483455760540619,0.13061163678866755
G1191,0.44858496308896667,0.13816551882817144
G7456,0.44871022528958504,0.13479555400380513
G6566,0.4487940151634112,0.12335868958963649
G3339,0.4488532186048242,-0.14067342063427882
G3338,0.448887770804263,-0.1324667363298903
G3184,0.4488907136869337,0.1398789117445561
G5884,0.4489897375611499,0.129995290856537
G1594,0.4490492278182586,-0.12998485766047552
G3443,0.4490801011159047,0.1287860240196922
G7857,0.44931812097440504,-0.13162958217363901
G3023,0.4493747221187604,0.1273985799318207
G6068,0.4496485982277162,0.13558083886420125
G685,0.4496588141514478,-0.13263370403964025
G7855,0.4497019448703292,-0.13778368537268534
G5553,0.4499193591413887,-0.133812141916838
G6740,0.4503140987780151,-0.13440183863738045
G2901,0.4505158667822614,-0.13522722927847772
G3974,0.4505528391686634,0.11779344108124656
G3956,0.4505557367117635,-0.1290234252221353
G6685,0.4507590746932848,0.13485013371320625
G3893,0.4507762233499254,0.14115221104092765
G1076,0.450838351155594,-0.13117792917072807
G3472,0.45091215159596143,0.12701092265182945
G7881,0.4509357657978794,-0.1315445158002818
G4848,0.4512586518771068,-0.13175550104921394
G5770,0.45171912843970596,-0.12648947490892237
G6522,0.4517954135340593,-0.13208321029020062
G1282,0.4518206158852833,0.1410607148785282
G2457,0.45186036396657026,-0.13811306353326586
G3742,0.4518693511606843,0.12763128385623673
G7805,0.4518825075417313,0.12235229389589578
G2478,0.4520888834998442,0.12549350186836103
G5707,0.45220092258348965,0.12206238329518791
G198,0.4522083707397849,-0.13211617244555524
G3048,0.45221913128064306,0.13634459826093395
G1277,0.4524085849910894,-0.12932434595975523
G7710,0.4524161024389909,0.13363650507808103
G1351,0.45246272903248097,-0.13450074421327118
G1079,0.45247754020652087,0.1277527116899123
G2060,0.4524908406024055,0.12525465445761064
G4338,0.4526301325413057,-0.13297031869028964
G7664,0.45285229462412435,-0.12926955330443501
G6006,0.45323223217906705,0.13147097487268766
G2488,0.4533302514479606,0.13139609720514558
G3038,0.45336829058230943,0.12257674581746125
G7730,0.45341525453284204,0.12064495861923952
G6807,0.4536478788242537,0.12246181156570814
G2896,0.4537290476358905,-0.12650310611258656
G2104,0.45385300198587575,0.12771694279972468
G597,0.45414197157103453,-0.13616487377234107
G6109,0.4544012472017457,0.13679621519204335
G2274,0.45485449585257987,0.1254839965865313
G3229,0.454910790400866,-0.13640797131812993
G2697,0.4550022883868623,-0.1290147353009813
G2541,0.45502260205385014,-0.13001781100960147
G5886,0.45509693825132247,-0.13493678895751643
G1436,0.4551982162645438,-0.13281209685032389
G4353,0.45535718683586,-0.13149426062785838
G7566,0.4553609585551943,0.14058367698165378
G3124,0.45538137807763635,0.13249708208456393
G7440,0.4555023069355042,-0.13077812790613777
G5327,0.45565001013702244,-0.1277215725448387
G2783,0.45590716899746364,0.13309917302002144
G3381,0.45623670078481093,0.13538782938031246
G5598,0.4563952084744598,-0.13492188613242664
G4498,0.4569224757925031,0.13208205131115897
G4335,0.45700561330055456,0.12626729960022468
G7919,0.4571943944149295,0.13369673400036475
G3800,0.45724312610358697,-0.1278009844098824
G7958,0.45732257495475537,-0.12904449718678696
G4196,0.45740611918331076,-0.12175549222485363
G4527,0.457598421233149,-0.13548825477512594
G2062,0.4576402902254598,0.14499648206755192
G1369,0.45765730818433514,0.13216947623702843
G6604,0.45776266470076243,-0.12114911554090455
G4240,0.4579078004962738,-0.12121086752631419
G5008,0.4580432202363496,-0.12668406289677592
G174,0.4580535523130722,0.13483394862143117
G5141,0.4582197718875788,0.13106025936794108
G2163,0.4582263277181361,-0.13099853597677347
G2923,0.4582617524614717,0.12756231084313843
G6401,0.4586809647718504,0.12925023037983252
G935,0.4587451557061525,0.13394049930639504
G6054,0.45890375501272307,-0.12920189944016264
G701,0.4589282036819635,-0.13869502826059263
G1628,0.4589865482734897,-0.12452128187070731
G3253,0.4591638969028221,-0.12313695358586561
G355,0.45929784580252975,-0.12508356757503736
G1496,0.4594872880358175,0.1259133197449507
G5653,0.4596959800631816,0.13070924508744886
G5601,0.4598049992760904,-0.12824417592006193
G4137,0.45990249760763,0.12754927879377478
G1152,0.46011511899354374,-0.11832476199374199
G6842,0.4601524807856593,-0.1313015336145464
G36,0.4603185626444811,0.1287204980541702
G187,0.46041748722193565,-0.12735016371121746
G4762,0.46056383502375564,-0.13093314429622963
G2894,0.46069753225697074,0.13122465045396114
G1611,0.46143821926697903,-0.12767551474802602
G10,0.4620649890407358,-0.13172068225726896
G4059,0.46210876737257744,-0.129742219865968
G4276,0.46231039739686264,-0.12508009779228088
G7091,0.4623265831848741,0.1304291894861801
G4840,0.4624126860361295,0.1294179872028008
G7552,0.4624145005691864,0.12987250894257252
G2161,0.462422733668326,-0.13329408462408737
G1908,0.4624885558917893,0.1260160284646388
G1023,0.46290711422176634,0.12398512779122481
G2727,0.46299330647588244,-0.12833704740425883
G5571,0.4630753713099969,-0.1269462228902003
G6640,0.4630912364310775,0.13014182060993057
G634,0.4632983586247199,-0.1304984477490899
G6818,0.463381469226375,-0.12855506199105696
G7353,0.4636999632855213,0.13278171755280774
G1019,0.4637429154359338,0.12358233479725922
G1990,0.4639939016478626,0.13489550401230166
G4388,0.4640412247064818,0.1289696798261007
G6143,0.4640443275670335,-0.13269911587723948
G6090,0.4641089241194092,0.11969066504631379
G3765,0.4643548624533296,-0.13296756550640332
G2804,0.4645253185269488,0.12829191472802093
G3222,0.4646109239182691,-0.12718624194737194
G454,0.46470455005012923,-0.1271571644957385
G4543,0.46473697970891614,-0.12172550214038974
G2228,0.4647493969500396,-0.13548211257610351
G3975,0.4647583099545538,0.12834443557425027
G648,0.4650793799118499,0.13076585453077227
G6457,0.46516256669359846,-0.12401780328231042
G5221,0.4652556256268128,0.1258827194284355
G3559,0.46542151309670254,-0.12589330566021897
G6655,0.4655113724834413,0.12612012348491142
G145,0.4655171054599385,-0.12828021778928678
G7784,0.46564794512169894,0.11958887628696613
G3160,0.4656712012426425,0.13157122125442644
G4074,0.4657093781514189,-0.12566331785081128
G602,0.4660320046228764,-0.11980375574308169
G534,0.46635015111697276,-0.13219736561465836
G3855,0.4665615868757731,-0.12508058175173853
G7772,0.4666365478578276,0.12845232370039125
G5838,0.4671490494983087,-0.1287915255502106
G3437,0.4672294825102935,0.12756277371960156
G3383,0.4672996749262853,0.1230088254785419
G3849,0.4673255529140987,0.12427556705544564
G6426,0.46740488571915073,-0.12836989194283488
G6358,0.4675054177938951,-0.12681859774749735
G7493,0.4676787496550332,-0.12405796444266036
G817,0.4677361907519293,0.1401561317087524
G2412,0.4680436261114954,0.13298164248283284
G1506,0.46846106284198163,0.12934044386141014
G26,0.46857803333493175,-0.12163789690236738
G2390,0.4687509136895802,-0.12089615983594737
G6402,0.46880675903210745,0.12936380187119134
G4089,0.4688273008313927,0.1291757496403867
G2258,0.4688747287079239,0.12604374005819852
G1872,0.4688753382440396,-0.1321505424624697
G4010,0.4689540246951689,-0.12531565811431095
G664,0.46901778642582626,0.1263262968896165
G7327,0.46906393930643975,-0.11837874390400434
G6187,0.46910564555400003,0.12415182078318399
G5386,0.46916900925882443,0.1236851848180534
G4185,0.46918852714007275,-0.12802262758416594
G5296,0.4692022354204255,-0.13054344135792015
G4160,0.46922745288744405,-0.12969404652238947
G4248,0.4699232105428919,-0.13548958901087757
G4018,0.47014848914930907,0.13278011564612047
G3158,0.4702484719402793,0.12190618381770923
G6769,0.4703514757965005,-0.12349255931712759
G2534,0.47035277454419533,-0.13017800746690578
G6853,0.47037408022852123,0.12590049755397104
G4609,0.4704846430016758,0.12765646364678915
G3844,0.4709978384485357,0.12736398687979827
G7188,0.47104781667480256,-0.12216707577277272
G5581,0.4712946975903859,-0.12701069186752234
G1146,0.47149913345724237,0.12463224942887552
G1359,0.4715392832484204,0.13004746812600987
G3331,0.47161173574542925,0.13353026116402938
G5846,0.4717211057863876,-0.12341175004297333
G2936,0.47187689482166584,-0.11971219180614426
G6516,0.4719839442363166,-0.11494872629207557
G2254,0.47216077372749865,-0.12378448848860057
G1024,0.47225918397409083,-0.1273580213545921
G7447,0.472411247110901,0.12714845238353287
G7352,0.4724329212144974,-0.12038191113846934
G3758,0.4725891113317444,0.1282482738355911
G4482,0.4726030146009853,-0.12208828332000038
G7520,0.4726177999351321,-0.12442584004593708
G7931,0.4729027074716209,-0.12749499165875716
G7971,0.47295071002407785,0.12361732933949279
G2962,0.4731290741344527,0.12903795097124643
G6244,0.47316611747895176,-0.1224646312264917
G5776,0.4731998791211314,0.12585646089890948
G3378,0.47322699929347734,0.12955870879118575
G4718,0.47322995362249276,-0.12968934766847326
G1886,0.4733078857689439,-0.1269681256525342
G7131,0.4733381199051018,-0.12170914236307104
G6471,0.47337786554185457,-0.12025435897313919
G7295,0.4734890873577483,-0.11748198522328411
G3489,0.47362825829062083,-0.12066319984313523
G1796,0.4738024404128336,0.11635632747618331
G1180,0.4741948597312041,-0.13277402861639603
G7954,0.4743089975543603,-0.1199812153098034
G4797,0.4745148199127357,-0.11920786288530663
G2015,0.4745591033116914,-0.12419619042893584
G2723,0.474956746316886,-0.12194490922806972
G5687,0.47496367491487934,0.12382061270864324
G2811,0.47527392959567216,0.1245350838426994
G2026,0.47570360009780943,-0.13255785018210664
G2288,0.4759452631273914,0.12639199363556264
G234,0.4762085784567238,-0.12416746481227159
G4053,0.4762487158355079,0.12537237473860466
G114,0.4764041614845145,-0.12383528089921123
G34,0.4769406136535833,0.1301536447772065
G2698,0.4770874983275165,0.1298885317030127
G4299,0.4773239017422293,-0.12749906386230508
G1855,0.4774351419559558,-0.11606038625804624
G3990,0.4775753804604447,-0.12063534092663875
G4445,0.4778890532306497,-0.12202565611696775
G5404,0.47833818513553694,0.12299620924961961
G6435,0.4785929519759733,-0.1244347007890789
G795,0.4785996259894585,-0.1149133613952241
G5447,0.47863301798823565,-0.11756834292748822
G3221,0.47915817312602527,0.13118675743207553
G6978,0.4793029088190184,0.12438639540166921
G4833,0.47943286944729047,0.12248863228041071
G4450,0.4794751129970095,0.12226994073116691
G1644,0.4796283572896558,0.12500194867384395
G4060,0.4797034611715564,-0.12225831046342325
G4179,0.47971636048753363,-0.12878651779255884
G2265,0.4798550755829668,-0.12004249491129589
G2996,0.48009581821954395,-0.12131054210493453
G3019,0.4802489891739662,0.12076112382705764
G7808,0.4803423577919075,-0.12098468074913149
G5547,0.4805532465805571,0.12397712554839944
G980,0.4807897557195564,0.1204224661450476
G3645,0.4807988682988301,0.12812010725399972
G5623,0.48084490373579725,0.12709299001460425
G5276,0.4809308814782046,0.12087282905687123
G4452,0.481211450238306,-0.12180558560643502
G15,0.4812650525371315,0.12508011520591633
G4432,0.48127823136381487,0.11493641810783889
G3440,0.481517214747461,-0.12281864498268202
G3523,0.4817091015404228,0.12109843413320252
G3971,0.4817343150965516,-0.11797430407400274
G6574,0.48187785611772593,-0.11717393000553984
G5642,0.4820558211765211,-0.12162323700285349
G1754,0.48238666263233054,-0.12332292860620783
G7759,0.48259873105595075,-0.11693139282429975
G3622,0.48273799161763753,0.1291119385820722
G147,0.48282011428425764,0.1181782802758913
G5794,0.48286189339514796,0.12237069974475442
G5092,0.48286327567520315,-0.12003999144678898
G1703,0.4828664738732884,-0.12179331127114916
G6596,0.48304609008423915,-0.11371754825323858
G6721,0.48318175924082196,0.12301821883912697
G5082,0.483361948647399,0.12529657906363842
G2686,0.48341595510096735,0.11845630660087914
G4953,0.48364020559995236,0.12695854315212823
G1435,0.48393103262008486,-0.12140146554649522
G6632,0.4839394462413812,0.12170169104911926
G4654,0.48411735969566183,0.1269081207485182
G3984,0.48439743361227305,-0.12049730020510188
G3280,0.48443349054942786,0.12276700739280648
G7984,0.4844785438860356,-0.12155450537656903
G4629,0.4844916717324639,0.1265102546655436
G7033,0.485372435122555,-0.11718151954302233
G1589,0.4855627437246788,-0.12128376441823499
G41,0.48558169123505257,0.12280646771900938
G7422,0.48565133288355633,0.11607965047765521
G835,0.48573773611751603,0.12211412065682874
G3382,0.4858595441916015,0.126454515223895
G4875,0.48602502224894384,0.12047540436327384
G6132,0.4862892818576183,-0.13062639669385828
G2927,0.4863758196455201,-0.1228443392802124
G1774,0.48641440257421653,0.11717699776908627
G899,0.48648283051141916,0.11834589610394505
G2152,0.4865251101704344,-0.1258205893344349
G1160,0.4866135184924949,0.1185270549120334
G6296,0.48668835639575025,-0.11942760166261474
G4600,0.4867649213340459,0.11691997234701605
G3519,0.4868014383717776,-0.1195424551884707
G1752,0.4870950708776731,-0.12735959565263655
G5803,0.4871091956575978,0.1247923530653863
G1098,0.4871139524267596,0.12071431497732815
G2648,0.4873291545703581,0.12627199377898263
G2706,0.4874335417302643,0.11535911282606197
G4446,0.4874771123693471,-0.1145829751139901
G5820,0.4874818708007641,0.11911881921121904
G1780,0.4875086274914435,-0.125532538449433
G237,0.4875238177067186,0.12129282052471282
G804,0.4875808119249878,-0.12178817270696204
G395,0.48765259757904145,0.11320583864680633
G2455,0.4877351038971808,0.12443768935504931
G834,0.48821635932972995,0.1279216618336691
G5171,0.48824406144100396,0.11405058964871614
G7163,0.48827394069149654,0.11692638850742783
G2524,0.4883501341579024,0.12207208038204675
G1257,0.4884463839824461,0.11938303021101088
G6387,0.48861488115802654,0.11631905807490113
G6023,0.48863861113994855,0.11760806226295345
G5445,0.4887919165465052,0.1214497277410261
G878,0.4890779348991978,-0.1285042061284115
G7283,0.48908857696899233,-0.11471690576797533
G62,0.4891839959888664,-0.1261926092699615
G6495,0.4892315145343711,0.1248402518997773
G5505,0.4893135743762862,0.12183818068190463
G3630,0.4894836980174091,0.12015776353661542
G1987,0.4895208650622762,0.12155728156047028
G1431,0.48952671664011727,-0.12085873222938989
G7256,0.4898669162362921,0.12125636046071285
G55,0.4899122771660852,0.11840032816092069
G3175,0.48997963339617345,-0.12005578578691577
G2256,0.4901004149981798,-0.1226489500392895
G6029,0.490104547249552,0.12139296162040322
G5068,0.4901680275538802,-0.12566493333313458
G5203,0.4903783103490713,0.11985015441604914
G7608,0.49047254726052214,0.1234900600585883
G6725,0.49047422001807794,0.12707385090390727
G7569,0.49071512789250304,-0.11401626912920435
G1865,0.49117548659017296,-0.11086583053132139
G125,0.49118850472209663,-0.12212278668424002
G3143,0.4913054654788871,0.11358933928329755
G5550,0.4913238939677096,0.11994156021782156
G1652,0.49139295588069776,-0.11381316919120005
G7532,0.49153093258535363,0.1184105872792655
G7269,0.4918344740562963,0.1210466205434611
G4241,0.4920385801603926,-0.12038352243711896
G7323,0.49223143480258325,0.10619647273358455
G4466,0.4924791360815445,0.12193092893293403
G3728,0.49252864384217343,-0.11172265905387913
G4376,0.4928345692397813,0.11414351619929507
G7008,0.49310050988392395,0.11586171157118519
G1667,0.4932347754420898,0.12276885423017236
G3179,0.4933049808804465,0.12473366850204048
G4544,0.4935193738184318,0.1260573230518852
G1914,0.4935334869623802,-0.12139904318507119
G2610,0.4936077722601504,-0.11456169071265412
G6905,0.49361125977002185,-0.11630272080540109
G7206,0.4937404010349048,0.11482163245387098
G7364,0.4940186369633507,0.12420092317487814
G778,0.4940737439521463,0.12244842248573595
G3582,0.4941237180722592,0.11810554157222686
G2568,0.4943455897075256,0.1197349971771082
G4026,0.4944686039729542,0.11479450874426159
G7423,0.49450589409364076,-0.11759837974067036
G4690,0.49455984002978715,-0.12418012329485953
G4077,0.49464712624657814,-0.12008952387910463
G7634,0.4946798679480088,-0.1226792644580784
G7001,0.49469965010103933,0.11438969730489068
G3135,0.4952853623256609,-0.11778053127949682
G2827,0.49537146270022303,0.11803171959561923
G1781,0.49549025733616003,0.11404249276781173
G4245,0.4955253125760267,-0.12263187708611893
G3155,0.4956787905576995,0.1191027196563062
G3454,0.49571198246865333,-0.1275234484882661
G3485,0.49576585884705315,0.12065134176803788
G1612,0.4957683473092539,0.12461418746648695
G4648,0.49583474601226885,-0.11992553149213925
G7956,0.4958484350350706,0.11348940630142296
G1715,0.495907875883724,0.11915525164922282
G7370,0.49606012595415105,0.12016081910430644
G1423,0.49608353315927856,-0.11641514203836925
G4788,0.49609359207719295,-0.11202272777597509
G4159,0.4961855224427508,0.11685287175887296
G6937,0.49620781390770985,-0.12016250374513182
G6232,0.4962893841882495,0.11770559429707228
G6805,0.4963208760843303,0.11662205738977004
G3469,0.4964783791801288,0.12143899210638809
G7221,0.49656403612776145,-0.11826340841693544
G2028,0.4966454933504528,0.12234812704530917
G6309,0.4969654581006899,0.1247804822785914
G4117,0.49717190032401215,-0.12307413045872143
G5927,0.4973181336868465,-0.11453673987762802
G827,0.4973871465695807,-0.1168094567727512
G2888,0.4973890317694728,0.11772649423689446
G1521,0.4974005098034856,0.11986408464116122
G1196,0.4974409140669047,-0.12078543277918721
G5501,0.49749884197467165,-0.11110909667934092
G3263,0.49755986787845286,-0.11093427373654738
G933,0.49762542524229036,-0.10972229504871674
G4963,0.49781786726164157,0.12059616743254702
G7449,0.49784760269486894,-0.12031718249572873
G7053,0.4979620691806481,-0.11841138393820437
G3028,0.49799958630503527,-0.12182962766151521
G1418,0.49801964873486804,-0.11808998039301552
G281,0.49830627487679047,0.12282069150563892
G1434,0.4983790752934001,0.11855255016450594
G5376,0.4984111593727031,0.11258547462215686
G6363,0.49848393630693977,-0.11675803020586445
G653,0.4985805012577119,-0.10636682563515155
G2469,0.4986196445204769,-0.1205202445469412
G3196,0.49864387147505873,0.11519884610861289
G4232,0.4987035648685457,-0.11277456507916611
G1291,0.49891049958695044,-0.11647735414154148
G905,0.49906433513437176,-0.12414823638475644
G4295,0.49906920888070283,0.11536569630831629
G397,0.4992397452658087,-0.11676991000167106
G7601,0.4992955587510154,-0.12496910727558112
G6372,0.49947854431787286,-0.12794757116845307
G4294,0.4995164731151437,0.11370220882861398
G4914,0.4995225070417768,0.11662223215341333
G2071,0.4995602937098853,-0.12664392921909234
G6876,0.49963880726939347,-0.12480679842292614
G6511,0.49980513853883046,0.11542635051360746
G2158,0.4998930978692202,0.10874898059579587
G3493,0.4999397988249801,0.1145326626069976
G4675,0.5000804992321071,-0.11635183818242471
G6441,0.50059295221299,-0.11922652391417832
G4156,0.5012344776000106,0.10637746370670847
G79,0.5014056496283867,-0.11331974513884802
G1665,0.5014308079394931,-0.11286677498342435
G1239,0.5015098829682001,-0.1194592148677044
G1136,0.5016075559430817,0.1149397031965421
G4522,0.501675761492448,0.11989945429024676
G7697,0.501847046956643,0.11898443140541773
G1867,0.5019461647314389,-0.11414485114935438
G1488,0.5020476989174073,0.1239844830867543
G5611,0.5020813583163646,-0.12026964402585298
G7714,0.5021553997380543,0.11358325705846106
G5390,0.5022027598773047,0.11760744234578614
G3845,0.5023794988858157,-0.11120535883746191
G3368,0.5025067353813267,0.11736281615161206
G3169,0.5025278334840338,-0.12291568183484712
G5740,0.5025430222568478,-0.11922955987159309
G6691,0.5026148994028781,0.10822157683243347
G7959,0.5027377855374917,-0.11694236257108595
G5646,0.5028286600925735,0.1175094411955284
G2078,0.502861151918449,0.1172251436326354
G2820,0.5030326285401854,0.11381064078138897
G4810,0.5031529236100057,-0.11098884263815298
G7096,0.5031729289015657,0.10708821551272302
G2241,0.5035648140299647,0.11694744396012646
G1772,0.5035691361801795,0.12250923066228972
G5047,0.5036983970521676,0.11632930570322955
G2958,0.503833682713728,-0.11121075669132785
G1663,0.5039213999139853,-0.11805419688931497
G7969,0.5041429032995363,0.11535317684602073
G3785,0.5041881816507321,-0.11578026838271245
G2470,0.504686047945099,-0.11690902734026522
G2217,0.504689372593663,-0.11314637270154185
G3224,0.5050001704930248,0.11528986440725174
G707,0.5051213250738033,0.12337467763581421
G7912,0.5051911936806343,-0.12330375838576182
G1096,0.5052463838212706,-0.11356209249636574
G3044,0.5058181469209794,0.11268123043553009
G7889,0.5059796452281811,-0.10461482528219206
G6298,0.5061129811951011,0.11626534233570494
G1204,0.5061625636096383,0.11536768470102743
G231,0.5062122006486545,0.11325316393418974
G2081,0.5065538481387035,0.11269755274327399
G2072,0.5067359391387499,-0.1181741520349339
G5972,0.5069763821543449,0.1157278309532711
G7948,0.5071540989877832,-0.11529183507164685
G2877,0.5071675485699016,-0.1195314940126062
G3909,0.5072622348120669,-0.11285316728948964
G5364,0.5073220644414278,0.11940137486449083
G2769,0.5073407138959256,-0.12010432147393688
G56,0.5074312106428085,-0.10564020535602464
G2087,0.507501074214123,-0.11714540276471086
G4917,0.5075461955355967,0.11802996699142049
G2814,0.5079198835160178,-0.11741122004872229
G1901,0.5080434706211042,-0.11397357410594776
G430,0.508106105018826,-0.11087180632182429
G1378,0.5081876938012218,0.11346460700812039
G3538,0.5084979601249358,0.11232168125337552
G709,0.5085642034294444,-0.11227099552704177
G4347,0.5085822448514603,0.11251924287919973
G4870,0.5085918006744923,-0.11691309717295811
G2117,0.5087242548077184,0.10852931286447237
G6136,0.5089631723462402,0.11227519644841666
G5335,0.509223116184532,-0.11684561468299073
G7988,0.5095024518298908,-0.10894325726713788
G5873,0.5095570850724299,-0.11526786006292103
G7747,0.5096280116590146,0.11392565878984806
G7316,0.5097387802592843,-0.11659281007000227
G2545,0.509759154048792,0.11964935811344814
G181,0.5097959470251335,-0.11127838429099818
G5355,0.5098281412368939,-0.11995458534921086
G3188,0.5100920975543277,-0.1174892545678708
G2509,0.5102822944464671,0.12192988758406437
G5828,0.5103135883667972,0.12030944560151811
G4684,0.5103165092389229,0.10902255673487449
G95,0.5104151901610405,-0.11503362177447418
G5387,0.5104473871618367,0.11201054476512995
G2160,0.5105740697582963,-0.12545433885735016
G7229,0.5106021398170002,0.11425649190491949
G3403,0.510701551687608,0.11828065075940838
G1264,0.5111748109198317,-0.1129792103505008
G2854,0.5112055798153978,-0.11130250239473322
G6233,0.5113433041222204,0.11623015954065602
G6275,0.5114802611593718,0.11641667052473341
G4429,0.5115434243258405,-0.1126120998936096
G6637,0.5117065591635723,-0.11187322879220594
G6579,0.5119220811983474,0.1163025601864065
G6933,0.5119375130116959,0.10998130267362669
G4879,0.5120234332179117,-0.11055150564008118
G7412,0.5120759600576505,0.11874178286074741
G5858,0.5120909448537376,0.11247719053397759
G6616,0.5123020460251928,-0.1178464076774372
G6949,0.5123735613738298,0.1199708342631837
G901,0.5124051417838555,0.11620162895001307
G2929,0.5125041267839094,-0.11291333785080036
G6812,0.5126765396051836,0.10839472665096388
G545,0.5126778636041842,-0.12049908399463176
G5663,0.5136053332334406,-0.11604262144524255
G3887,0.5139804835605745,-0.11263651480088166
G4007,0.5140135917347228,0.11442044982746369
G1671,0.5140537711918315,-0.11794331324667891
G5010,0.5140985818108488,-0.11453495432362598
G1300,0.5141357065923997,0.11222262489379908
G7893,0.5142859746629922,0.11044305217661578
G3624,0.5143250264494514,0.11218054113453588
G7330,0.5144889538824853,-0.11887184334264109
G2741,0.5149417275143962,-0.11380506181135286
G7128,0.5149776527367527,-0.11688384648089568
G2312,0.5150667784054304,-0.10886176989919552
G5126,0.5152506191807518,0.11270249870269144
G5170,0.5152945313636293,-0.10849894128263561
G5932,0.5155800380295041,-0.11508417504669
G7389,0.5158324302824226,0.1170934004177616
G3370,0.5161155910725027,-0.11278215815249713
G249,0.5162166537456776,0.11269559834350068
G1482,0.5162338412173991,-0.11773099713958314
G2504,0.5162615371497274,0.11461167448617626
G4511,0.5162663060803583,0.1155044675037504
G1000,0.5166217360455889,-0.10720329326752702
G1187,0.5167893501208263,0.11525762722767025
G5314,0.5168633785069969,0.11048903240056768
G1935,0.5168988312523366,0.11017431091508782
G4770,0.5169949298462274,-0.11309257878904372
G1103,0.5169985641207557,0.11443422929041647
G4677,0.5171432654205577,0.11313170867207617
G2422,0.5172223833740213,-0.11538674609493904
G4288,0.5173036308453304,0.11080033053366814
G7489,0.517338995048132,-0.11216604878966999
G3269,0.5174977581052653,-0.10491673714229341
G4517,0.5176137502890747,0.11429568232458233
G7282,0.5178019555357185,-0.11049981201463456
G4639,0.5180969971125872,0.11580674766386118
G7401,0.5182952946056334,-0.10915132067323177
G5487,0.5183015523439585,-0.11468561255471456
G3113,0.5183568991816447,-0.1036679316245909
G3888,0.5189659439559451,0.11573334803521665
G5508,0.519443333753129,0.11725108101772597
G2573,0.5196589392832356,-0.10871458361211932
G3431,0.5196960102657067,0.11239496867555154
G5582,0.5199600106256863,0.09606227984317084
G876,0.5201650338624781,0.11439318840262301
G6957,0.5202360049849557,0.09841529565839122
G1312,0.5204822034814757,-0.10920945582629357
G6327,0.5207290523681811,-0.11044041415766431
G3589,0.5207673780879936,0.1185650139670405
G2425,0.5207693943588816,0.11311600443253715
G6368,0.5209493050592647,0.10885059991858163
G3031,0.5212337820144706,-0.10727315455147529
G3763,0.5213779228877671,-0.11063127319535596
G1318,0.5214233036924161,-0.11048628268335947
G7683,0.5214258537534312,-0.10598962810979426
G3291,0.5215688290616665,0.11474033570014136
G929,0.5216231022552413,-0.10878570676635134
G6799,0.5216380701622552,0.11288874046614514
G5003,0.5216919886457649,-0.11129965253973176
G1838,0.5218302445092755,0.10989376022718816
G5413,0.5219292090581806,-0.10591564641497259
G4425,0.5219850423693417,0.09966078092715662
G5107,0.5220558641329636,0.11458171885374246
G421,0.5223791196742751,0.10928938800597623
G3549,0.5227393551753428,0.10704668611687898
G308,0.5227888937052831,-0.11328543839842892
G4958,0.5228308103606307,-0.10979075688908183
G7738,0.5228716197765665,0.1069439362530643
G1499,0.5231810868218292,-0.11540705033791064
G5754,0.523426615590111,-0.11278762167011827
G536,0.5234873568588283,-0.10912262550443154
G7410,0.5237357155391507,0.10864390525038892
G1799,0.5239216253704225,-0.11765259425828212
G1242,0.5240552062223834,-0.10072529124739346
G7108,0.5241333203973284,-0.11033200687518356
G3781,0.5241555646965868,-0.10869733635357795
G6082,0.5242938162048667,0.11214371341585563
G2646,0.5243426714729106,0.10857746910238399
G5112,0.5244309193452087,-0.11118100280528193
G5187,0.5246142301454912,0.11666442150432627
G3932,0.524959278504326,0.11127924201926387
G407,0.5254467323257612,0.11402348112364066
G6074,0.5254666127490203,-0.10646356423025068
G4123,0.5254836446077947,0.11464617549499585
G4451,0.5254855155594933,-0.11280673836080246
G3482,0.5257945758714614,-0.10955235987552016
G2989,0.5258214842132679,0.1120983028041583
G1441,0.5259334744444796,-0.11338472907066241
G6575,0.526278799554081,0.1086719390112662
G1592,0.5263118235364167,0.11180050920598551
G1485,0.5264650009094164,0.10450144759904445
G2401,0.5264863569870026,0.11433035607123189
G2001,0.5265826725405227,0.1132252436154522
G3891,0.5271659534851201,0.10306209049823721
G3735,0.5272580392594921,0.11728359617258272
G3092,0.5274123376645201,0.12051634760999133
G180,0.5275543771850434,-0.11079045224471279
G1879,0.5276054474758035,-0.11073632401487343
G3089,0.5277792840120787,-0.1089294136950912
G7147,0.527872559917425,-0.1120580669387736
G4135,0.528353171262671,0.11321022696345523
G2561,0.5285057472213887,0.11289279271908599
G5977,0.528872775391269,-0.10628325563201105
G4382,0.5290382385129114,0.11005474387803768
G3342,0.5290732470255,-0.10586565213895524
G3683,0.5291828245890444,-0.10611724180377963
G4326,0.5293029812477982,0.10789952830359276
G4184,0.5294503563923678,0.11260821358045339
G4669,0.5294533481917943,-0.10966140283901932
G4708,0.5294850103710548,0.10603021785336256
G4695,0.5296817039870406,-0.10894545706824986
G3851,0.5300359593886736,-0.11899416702978699
G3647,0.5300861763935549,-0.113295534482072
G477,0.5301514382897597,0.11401111509798627
G5725,0.530317798944095,0.11437429849794019
G5637,0.5304729270212785,-0.1065130532956652
G7139,0.5304925634957918,-0.10920556295550721
G6096,0.5305767496146144,-0.10428454171705787
G1514,0.5311258329307711,0.1057853652669399
G2887,0.531384436320375,-0.10785443811739086
G1442,0.5315305595833167,0.10551321094139166
G5847,0.5321161406379115,-0.10912795867559422
G4313,0.5321218529741216,0.11445829715390508
G3746,0.532242399053917,-0.10928764615157767
G1719,0.5323130330482613,-0.10692772678311774
G752,0.5326695947902451,-0.10747308135195763
G1669,0.532759976926277,-0.10450383444240818
G6394,0.5329360302068407,-0.10945413530537575
G1028,0.5330643074692132,0.11487353125640212
G938,0.5331570556527385,-0.10634670451759196
G6302,0.5331627332326021,-0.10713251974856708
G820,0.5332125120696353,-0.11021640919489403
G535,0.533434031576768,-0.10506450626244421
G647,0.5336678685529469,0.10557040325427924
G2802,0.5337502461020792,0.10827138171762504
G2458,0.5338450843693807,0.11689479317019931
G3351,0.5338781489033952,-0.11019306300222532
G719,0.5340450716577156,-0.10524049210336353
G4415,0.5341352391059788,-0.11304099743799788
G7979,0.5341815949789246,-0.10189519064789238
G2352,0.5342504444308498,-0.11395798641634083
G797,0.53425670229859,-0.10706841442561699
G4575,0.5342901447664292,0.10721833618158691
G5026,0.5343696453911764,-0.11047039537324137
G2027,0.5343794707803167,0.10886723748819487
G7381,0.5346624590922742,-0.11404730762937415
G5007,0.5346700457236485,0.1046107381152401
G2585,0.5346753547715868,0.11187530899663692
G552,0.5355191385494398,-0.11104626515301541
G1912,0.5357072586039882,-0.10993878849861052
G1492,0.5357283878052956,0.10799403391072146
G784,0.5357868681040145,0.10812958961407983
G6693,0.5359126261192206,0.11286190802603138
G3796,0.5360196613324067,-0.10746818953103662
G1364,0.53602596054384,0.10474417849114548
G3572,0.5362464046887077,0.10595075434184346
G7660,0.5363377115411707,0.10645099967698085
G1653,0.5364139024111119,0.10719761662904628
G6809,0.5365321150449355,-0.11284199679865375
G2909,0.5365679192109334,-0.10221237590846383
G5904,0.5365774856646115,-0.10954394186013137
G5912,0.5366352721965231,0.10882532879489269
G7220,0.5367004625525192,0.11275929133789846
G6214,0.5367385732969705,0.11076142321552047
G6748,0.53681177799624,0.10834403180688698
G478,0.537004552461082,-0.09987912504518966
G4580,0.5370239862619794,-0.10772711345201069
G4042,0.5373966161961806,0.11378778144302366
G6140,0.5374223577122441,0.10856733876703581
G4550,0.5375524819042801,-0.10051398130812304
G4617,0.5376234533322044,0.1017811771529096
G3563,0.5377433386115291,0.11026073265538724
G2368,0.5378983687469798,-0.09996876330743182
G4261,0.5380202751720436,-0.10418679315119926
G3098,0.5383692642039235,-0.10286640170198322
G2777,0.5383754123997183,-0.10187925637441336
G3067,0.5385694081581539,0.09908149495251808
G4893,0.5385915607521108,-0.10678309496269558
G5249,0.5386168275042409,-0.10711120784289391
G4781,0.538631918749472,0.11021667852194819
G1597,0.5386840893594036,-0.10517005102539453
G1989,0.5388746116055092,0.11424189994017532
G3520,0.5389661418250493,0.10479172049132796
G2824,0.5390143847219273,0.11369881362722155
G4023,0.5391146180534456,-0.10860079294680257
G6381,0.5391977982932415,0.10458668764893256
G1571,0.5393872323048545,0.10614771802940613
G3600,0.5396095287316198,0.10872862709757812
G7296,0.539664100343739,0.10407255610888189
G1552,0.5399049048859781,0.11294928497223897
G1246,0.5399307096677421,-0.11272823368733151
G7122,0.5400791874663913,-0.10019876401706804
G6897,0.5403467959377348,0.10748750143589467
G5676,0.5406022730495088,-0.10981644487844675
G7305,0.5406266633553514,0.11430812240137535
G3613,0.5408720039241331,0.10773059916728511
G6502,0.5409507574103145,0.09854741274014021
G6785,0.5410102518942701,-0.1021497641611421
G5400,0.54108167287102,-0.11029547020233416
G3379,0.5411481981416788,-0.09864478794383912
G3991,0.5411887097207242,-0.09526377003639863
G1557,0.5417077269896506,0.11580817150329598
G3558,0.5418149562802593,0.11026939022171797
G4630,0.5419441885919261,0.10822119686493141
G3612,0.5422036952302418,0.09796334290786135
G4239,0.5423237926595976,-0.11014081977465105
G1121,0.542453945800381,-0.10618002593860709
G173,0.5427007608225523,0.10687663124984316
G1863,0.5427108541522927,-0.1031676761670559
G7508,0.5427373922163465,0.10223452697358675
G809,0.5427603531215067,-0.10100170242460113
G4926,0.5435545228074892,0.10542726751518844
G614,0.543570843330978,0.09540065315187689
G708,0.5436496654453624,0.10360767461331913
G4356,0.5436689297497888,0.10659455285182787
G402,0.5442118334193675,-0.10279618179253965
G7313,0.5442287091156286,-0.10345125249219836
G3767,0.5444808507222902,0.10320301568932148
G7228,0.5445320157941904,0.093631152823932
G6133,0.544549831253183,-0.1037442550606083
G28,0.54457780926696,0.10271022262437754
G48,0.5446054700127025,-0.09866475942558899
G7754,0.5447445889192869,0.10317481902851217
G1929,0.544796505053581,0.10640632569456432
G4649,0.5448167234890546,-0.1018321510260241
G3082,0.5448974849331147,0.10610338950992229
G3673,0.5450853961495112,-0.10649752165078241
G449,0.5451025720591577,0.10524385561016705
G3942,0.5456238243768728,-0.10761473473243538
G7215,0.5458692132188854,0.10757247380971531
G7395,0.5462057897968473,0.1076317643958377
G5564,0.5464400734040935,-0.11014026404587621
G5923,0.5465658967926964,0.09612573180660346
G6299,0.5470054250149561,0.10652174225976238
G1986,0.547164011012318,-0.10755755104807331
G5969,0.5472010753240659,-0.10443805229122569
G3243,0.5477448251742908,0.10779492435739671
G4079,0.5478262813507089,0.10283185087766601
G4779,0.5480345446296822,0.1146240480720129
G4041,0.5482264971997355,-0.10585111199674999
G3924,0.5486771847962917,-0.10658570929945577
G644,0.5487001150151778,0.10469875553898117
G182,0.5488396439143455,0.10700792227578096
G3560,0.5491200741192,0.10935391072799065
G720,0.549303354922532,-0.10375653513600494
G1691,0.5494259833147257,-0.09765443096354405
G7648,0.5495169463660841,-0.10450625468510794
G5644,0.549625110646665,0.10353406100830753
G2631,0.5497350458104948,-0.0943204892445922
G7761,0.5501455984962758,0.10789267926798729
G1484,0.5502243947195538,0.10763509139803312
G2645,0.5505189925204619,0.09806191826023675
G1221,0.5506979728934036,0.10014192522588244
G2369,0.5507340560580314,-0.09652800027276787
G4688,0.5507486502298626,-0.09978564867052149
G3607,0.5508747219710473,0.10129601686119286
G2759,0.55091551282923,0.10143610462381529
G4484,0.5509300854412962,-0.11057635878051433
G3601,0.5509541382246607,0.0967856683995479
G4435,0.5509547460575552,-0.10887237133725991
G7099,0.5510742493527673,-0.10176403690668868
G2838,0.5511050316004917,-0.10163138612036433
G236,0.5511971329367383,0.10224803301383227
G2826,0.5514328613516566,-0.1030262278550937
G3315,0.5515425629736987,-0.10060014336268826
G7166,0.5515724691355803,-0.09929351630873905
G2981,0.5517604979877042,-0.1032580259573577
G2595,0.5518111059522355,0.09714143056072412
G999,0.5518393306435078,-0.10098412476184201
G6830,0.5518401340259985,-0.10241470080601975
G3020,0.5519073614282359,-0.09827969084615323
G5368,0.5522252821194831,0.10843084657582178
G6482,0.5522921212013647,0.10605157562118078
G4093,0.5523609078283269,0.10378335030693556
G4360,0.5524824384193032,-0.10605566734676505
G4340,0.5531851506521628,0.10071956914305216
G369,0.5532848919878643,-0.10143814446814726
G1064,0.5534459348898311,-0.10117629632067941
G2679,0.5536717610663902,0.10587028644159688
G727,0.553708773561806,-0.10792286389891007
G3441,0.5538271436056118,0.11072025853020936
G1911,0.5541798111854558,-0.0956859059866914
G7690,0.5541847355984483,0.10504684372276318
G3116,0.5545494222871952,0.10221556348330112
G1999,0.5546852302006207,0.1049271901035649
G2086,0.5550807777151734,-0.10721541655058503
G7665,0.5553735728105524,-0.10916063802132511
G7304,0.5556110472012508,0.10348851069175867
G2623,0.5556288758547958,-0.103448441910371
G3896,0.5556822964336945,0.10302186916747047
G3886,0.5556856601113427,-0.10430517608922814
G4662,0.5557235057329248,-0.10128502505455725
G1144,0.5557818609101846,-0.10787406927610038
G3165,0.556272313003179,-0.0974084812690185
G7217,0.5563032795371401,0.10485925857625024
G1483,0.5563695797589329,-0.10010090251346623
G2624,0.5563713311947526,0.09864373621876052
G5720,0.5564663193477204,0.10064297869424418
G4849,0.5564755672403838,0.10911614515321288
G3522,0.5565751108714683,-0.10595168876547145
G5509,0.556677153491234,0.10398929378122634
G3905,0.5569467256111318,-0.09679889043607902
G4536,0.5571534659596203,-0.09655364373674508
G6909,0.5571561618763019,0.1031985769636571
G1906,0.5573285922166309,-0.10004520336103255
G4583,0.5574823616227189,0.09683530985349478
G2948,0.5576146063436775,-0.099811595052805
G3218,0.5576179189975257,-0.09693916329037713
G6538,0.5577778584991407,0.09709950464237928
G3569,0.5579125159498088,0.10843124718554112
G3487,0.5579704053273811,0.1053105887881563
G6043,0.5580754361398907,-0.10649566401323216
G7862,0.5581680007993903,0.10232128843465407
G3087,0.5581990873105138,0.11006217674598727
G6854,0.5583283568937244,0.09889446136173358
G4791,0.5583447168356767,0.10557590160455756
G3213,0.5588101800821199,0.09598995781979468
G4354,0.5588347852361957,-0.10447974065617194
G5562,0.5589114093596252,0.10125664839940304
G4899,0.559237334395913,0.10002086894501788
G6776,0.5594339244063696,0.09991863021463972
G3929,0.5595109886009572,-0.09922421438874028
G2942,0.5595907734949259,0.101174036713984
G6310,0.5595931311275759,0.09621807884823559
G6114,0.5597478824932071,0.10564386419644431
G7405,0.5598677794817648,-0.10045866281934757
G3868,0.5600056045554896,0.10028306694402331
G7451,0.5600765194062589,-0.09863240253907979
G2112,0.5601561682176097,-0.10028752072664095
G5017,0.5602483787123147,-0.09991630412403092
G5019,0.5603129803485924,0.09592975127045138
G7545,0.5603217470947819,0.09673892328638767
G6316,0.5607707548902754,0.10672204896400643
G916,0.5608743650801211,-0.09417049173296994
G3717,0.5613787681241622,0.09966888455828533
G6676,0.5615000268163816,0.10057114277903187
G1828,0.561703524312021,-0.09900528116717441
G1584,0.5620737808458826,-0.09807803142443894
G2223,0.562123500394691,0.09910013179878378
G6542,0.5623227798976249,0.10190604417095275
G5796,0.5624687245514564,-0.101991326209947
G3791,0.5626908041180998,0.10078350434453107
G4424,0.56271062767508,-0.10387781193112747
G1113,0.5628176934097542,-0.09242090735716554
G2503,0.5628523466443732,0.10865905456168039
G6973,0.5631713463832786,0.10095503673144646
G72,0.563245729933568,-0.09848997934523054
G7205,0.5633797196325047,-0.09835813413143606
G2281,0.563474521893685,0.1039696810738813
G5880,0.5636788488456481,0.0994220331179852
G3654,0.5639124491045238,0.09732374947763386
G2952,0.5639244534600908,0.0946907650247529
G2553,0.5640062062428342,-0.09613760303619687
G5320,0.5641278446287796,0.1020175770571744
G7464,0.5644012271663672,0.10837312418765543
G4448,0.5644551235909812,0.09430053900007554
G5696,0.5646822717691442,0.09932034360899164
G5421,0.5647504993354125,0.09477862272102988
G5193,0.5649063035039921,-0.100785679748926
G751,0.5650296166487612,-0.10103056778042777
G3025,0.5651667763149617,-0.09910815061793876
G3259,0.5653191784629952,0.09863683142715374
G3840,0.5654823179721014,-0.10061791495798081
G434,0.5656684910236423,0.09609200058732566
G972,0.5657234112805147,-0.09662703412358342
G4716,0.5659379649198268,-0.09671355598348574
G5139,0.5659600325266116,-0.09481437603235601
G6094,0.566049754384045,0.10464618284566399
G2331,0.5662080288699025,0.0995360399135091
G3913,0.5662087167741602,0.09954702831024193
G8,0.5664354068905949,0.10078359632892132
G5292,0.5664798291631981,-0.09806696212108408
G2973,0.5665017599059938,-0.0996180219306537
G4249,0.5665598779642349,-0.10026907734586238
G6981,0.5666624848104842,0.09528867556576545
G3599,0.5668931720242691,-0.10415819142860318
G4559,0.5669707725826609,0.1038810015828168
G7174,0.5670471428118935,-0.09777138205073062
G903,0.5670795177157184,0.10119762887700676
G7253,0.5671272932869291,0.10444209474964256
G6570,0.5672339494345143,-0.09691071663450589
G451,0.5672568382535746,-0.09690452374223234
G4014,0.5672895803338923,-0.09994453017635287
G6382,0.5673468767337333,0.1005844056508224
G3359,0.5676668202965591,0.09484785072575777
G6652,0.5676913973783664,0.09355132939485314
G6859,0.567809423994098,-0.09813120834532776
G3308,0.5678745776768784,-0.09784845788736783
G1890,0.5681099811247898,0.0997568543399798
G3890,0.5682745101786753,0.09866458254090985
G913,0.5683326601440819,0.09770266359106516
G6916,0.5683873731461397,-0.09539811488783112
G1323,0.5685366151151352,-0.10244661409092451
G649,0.5687305087642193,0.09636844292966615
G588,0.5688402161881745,-0.10301296320019432
G4892,0.5688664946919086,0.09705961331492942
G3527,0.5689116944880535,0.10179201978322891
G1157,0.5689517418537411,-0.09898907780629013
G5009,0.5689784380587207,-0.10097476723804857
G3702,0.568989813633872,-0.09586808580857975
G5822,0.5691491222449931,-0.09346815783251533
G630,0.5692831036151174,-0.09644427401798036
G6010,0.5694952370024784,-0.09064804517080169
G4139,0.5697090354441277,-0.09737711298265743
G530,0.5698413402187096,0.09701546945170408
G4786,0.5699167375867346,-0.09884110496518989
G1427,0.5699882412019437,0.10057695575792007
G3576,0.57005215674225,0.09941145120222208
G5274,0.5705306889519149,-0.09741430832856394
G3299,0.570547341724541,-0.09977576373293254
G979,0.5706816664740614,-0.08777866343326333
G4993,0.5709287494793684,0.0985174021772924
G2342,0.5709851515165505,0.10303882247149371
G5055,0.5710157395556041,-0.09263756278833937
G5736,0.5712045507639094,0.09614856832287191
G4948,0.57121623851178,0.10207822022507997
G1545,0.5712189808001926,0.10057760800509304
G7337,0.5714183329636175,-0.10491816283030857
G890,0.5715716602972347,0.1011313162852081
G3039,0.5717580161484116,-0.09808540553236647
G6719,0.5717916695462363,0.09437883534698613
G253,0.571799750456486,-0.09795090003779494
G3704,0.571832627711804,-0.09710374653199275
G2080,0.5719451059956082,-0.10485401918213402
G4647,0.5721704964404264,-0.09749476960780952
G4207,0.5722740250899585,0.09769600287669095
G3411,0.5722804240773771,0.09776213880381397
G2348,0.5724498131540967,-0.10153832489323072
G1048,0.5727492179433286,0.0986452306232001
G3277,0.5727819494807597,0.09649884326920227
G3399,0.5729947660333558,0.09728748069965543
G2460,0.5730589359725136,0.09710635897983262
G7301,0.5730849415331674,-0.10155772455632439
G209,0.5731242756149606,-0.09431927686694735
G4423,0.5732680927640917,0.09568128615105358
G4153,0.5734100780594841,-0.10187329325622557
G6658,0.5734309210177552,-0.10160782303754914
G3311,0.5735242829759026,-0.10098487606057298
G754,0.5736218359871086,-0.09781026500301088
G3230,0.5740100637550973,-0.09590647754984674
G5933,0.5740412207482569,0.09454423598779026
G3740,0.574243436315601,0.10021545926384579
G502,0.5744500472755879,-0.09971860763262096
G6976,0.574519668108681,-0.09745404576587786
G7468,0.5746416742201578,0.09936374731665965
G5150,0.5751120775086795,0.09171001844427878
G5976,0.5752413587445961,-0.09275983187092104
G6941,0.5753064627066891,-0.09498542521575325
G7647,0.5753713081161114,0.09850193662506221
G1398,0.5755121112067156,0.0992400088473704
G6995,0.5755580513061569,0.10153420653250793
G4071,0.5757727936776311,0.10044251051392153
G4302,0.575791835592919,-0.09462104761888593
G6513,0.5758701978539273,-0.09558665863855587
G6892,0.5758916068490764,0.09861646271776331
G6822,0.5762458144972245,-0.08817431751591291
G5752,0.5762736192442769,0.09113307707416965
G271,0.5763018517778347,-0.10115112596310377
G3880,0.5763474580124004,-0.1007007788099587
G4127,0.5766915331144404,0.09992530404162037
G6888,0.5767144010669261,0.0928660514133637
G591,0.5767316408496374,0.09718108201558764
G5506,0.5768037005355999,0.09292898551703682
G370,0.576939525679363,0.09917405532630177
G3980,0.5769868079677429,-0.10177287723032637
G6016,0.576990373028569,0.09066401112201343
G3801,0.5769908487855793,-0.0946819455080816
G2166,0.5771106227119815,0.09209424889353046
G2774,0.5771246787512044,-0.09865866914664785
G5769,0.5772854646218757,-0.09996179866886935
G471,0.5773164874045561,-0.10055842271240914
G6626,0.5775718346723435,0.08983231852334604
G1613,0.577627527218123,-0.10148286052017338
G2538,0.5776352858391494,0.09468586469530804
G6966,0.5779017642479054,-0.10164093804654165
G3190,0.5779585465734732,-0.09968513293185155
G6115,0.578012364864753,0.09562741208546245
G1271,0.5781268667838665,-0.09146017287091214
G5718,0.5781811329049793,-0.09715836276816162
G3477,0.5782775341041653,0.09218911111280015
G7686,0.5783192435039218,0.09749370752296697
G4403,0.5784888258520902,-0.09564181418072276
G115,0.5788118337791233,0.09923642162192851
G221,0.5788831929410216,0.09249818530539564
G5840,0.5789801149189684,0.09650657939228792
G4012,0.5792248875327323,-0.10040228484469312
G2725,0.5794755779571615,-0.09847935260160531
G1171,0.5794845636839754,-0.09313931959245583
G7088,0.5795810218699444,0.09535586477215174
G4168,0.5795946365400193,0.10076353301648143
G7726,0.5797431674286829,0.10156429507540404
G6836,0.5797871420875226,-0.09929332692268922
G1092,0.580012976557785,-0.09937049853954928
G1508,0.5800523994498117,0.09474133739805554
G863,0.5801485541189706,0.09407525807366007
G6211,0.5803304255099182,-0.08920505674740364
G4463,0.5803893220937975,-0.09391609518240668
G6623,0.5804387135887036,0.10244192315592643
G570,0.5804839484308426,-0.0952796799766935
G4984,0.5806891659252862,-0.10073145597797488
G1903,0.5807677355976633,-0.09463794072014192
G7879,0.5808788514581458,-0.0957971526114469
G1572,0.5809262573029805,-0.09378134945464375
G503,0.5815694356086489,0.09661270106240927
G902,0.5815951126004104,0.0911311336684394
G1208,0.5816272135412215,0.10117557423248322
G6846,0.582007461446981,0.09705805890165009
G6104,0.5820199081065103,0.09513528742186848
G3642,0.5820761799719915,0.08909925116037005
G3787,0.5821023284818516,-0.09570450006262185
G6702,0.5821163501911332,0.09412232320402796
G4619,0.5821809280703077,0.0963259746327173
G3356,0.5821994687534338,0.09901519452942811
G6690,0.5822517443690269,-0.09423769076351309
G329,0.5822625530435883,-0.0989299706130338
G7261,0.5823525799127195,-0.09189997880145273
G6034,0.5824433564287385,0.09616461834688501
G4001,0.5824999319754298,0.09244308785193203
G7190,0.5825034092443997,0.09102583135978703
G4341,0.5826066149556947,-0.09461571556517356
G6242,0.582610769866232,-0.08867561715736803
G1195,0.5827395857354936,0.09571959819974454
G1905,0.5827412563125849,0.09611899922606375
G7899,0.5828196050968177,-0.0983930074137776
G3486,0.5835199245799279,0.08594240621721332
G7177,0.583610679548255,0.10083909271868381
G455,0.5836780382177323,-0.09837117487045202
G1093,0.583797384977831,0.09927142321952771
G832,0.5839241218064926,-0.09024006088197384
G1438,0.5842153663293128,0.09634574325200984
G4148,0.5842184959390354,0.0981151103850173
G6761,0.5842285673973091,-0.09655862542215797
G1897,0.5844238873551442,-0.1018640871335938
G5798,0.5845439013334757,-0.09884918028930631
G2461,0.5845796634694675,-0.09689695004178589
G1922,0.5846613776748539,-0.09436444721710514
G6125,0.5848827613035763,0.09182736470961239
G2038,0.5849351971930489,0.10067399769517608
G464,0.5849804728737573,-0.09707673172176962
G3678,0.5852288688729036,-0.09884579369941403
G7266,0.5852329779089158,-0.09239806248468121
G5911,0.5852404945366156,-0.10161610654918671
G5191,0.5855067352658851,0.09302353014370175
G7346,0.5855844599639916,-0.08825665942732894
G3107,0.585868560481084,0.09443744562372249
G1014,0.5859888975777663,0.09839014974181745
G7170,0.5861019928667985,0.0949292604446645
G458,0.5862091216669338,-0.09506865659619806
G1353,0.586247796009977,0.09447429237824934
G6552,0.5862930998711845,-0.09905494237004514
G2857,0.5863035714967442,-0.09302452920960325
G7822,0.5864158452470396,0.09303454912492289
G1887,0.5864692159468226,0.09759429248813628
G2872,0.5864989945319902,0.09252215620208606
G4954,0.5865598990632912,0.09284081696766734
G7900,0.5870030028748188,-0.09690926282516998
G6795,0.5871787104583523,-0.09673331056389337
G6004,0.5872560169648722,-0.09143527053757408
G3146,0.5873192756599077,0.09608594396124712
G5398,0.5874339082105204,-0.09214873349259319
G1119,0.5875397677581924,-0.0896945831961096
G2638,0.5875805012673072,-0.09838638666636262
G1573,0.5878046355235776,-0.0974980323052866
G7551,0.5878259609601921,-0.09540114769107977
G6060,0.5878287676832764,-0.0909274105445981
G1325,0.5878671245791081,-0.09590205211393704
G1588,0.5878915654491033,-0.09835994357993938
G2199,0.5884121883889002,-0.09676799759208148
G1324,0.5884554411767493,0.10171630405794628
G6248,0.5885008950467532,-0.09039319629735526
G3578,0.5886300772448356,-0.1004478049211949
G2420,0.5886665933861945,0.09421839768580836
G4236,0.5890006817645062,0.09756686126841999
G6313,0.5890393339115737,0.0932355044500452
G4538,0.5893930857196608,-0.08998427773452145
G4664,0.5893984432155592,0.0957717693848296
G1617,0.5894844321360363,0.09828640127848944
G2188,0.5895970630524738,-0.094993449212238
G3653,0.5896374795687985,0.09093459499668201
G7289,0.5897682214956717,0.08991582395373801
G1124,0.5898283230335424,-0.0934890173407286
G671,0.5900528384827013,0.09518540789853573
G2590,0.5903610172183502,0.094736900083327
G2364,0.5905885130534572,0.09597052948865417
G4794,0.590689575431661,-0.09585221819937095
G4626,0.5907390397117446,-0.08617738313311069
G4243,0.5907919037630359,-0.08946635388273405
G6520,0.5909093061935349,-0.0947612620055726
G5989,0.5912484145121255,-0.08889060026665077
G287,0.5913345824441563,0.09181866570780044
G6361,0.5913368241264798,-0.0954289656099524
G4175,0.5916382445802797,0.0958135524628644
G6093,0.5917057592412316,0.09010433840718726
G7392,0.5917097215119675,0.09802244127680595
G2275,0.5917915375198632,-0.0942251624453812
G2637,0.5918796474621014,-0.09149222717164532
G7378,0.5919095010939934,-0.09595411891654848
G5658,0.5920396375292811,0.09488762623322308
G4485,0.592080229074353,-0.08599510001530455
G3681,0.5922093710622247,-0.09264423914433872
G291,0.5927164890369776,-0.0925332484150152
G4136,0.5927629946487232,-0.09479503439432788
G1714,0.5927731495779454,0.09261847545680635
G3536,0.5929835943765345,0.09549328692905602
G7644,0.593101758658072,-0.09830689792673565
G2379,0.5933180691007247,0.09294091107335799
G2239,0.5935728466621819,-0.09147281595320148
G4868,0.59367329921331,0.08792172490867065
G4932,0.5937279879791495,0.09108866052867376
G6800,0.5938347865365066,0.09102739563895428
G6284,0.5938947528320669,0.09305426993722118
G6633,0.5939341673506393,0.08648024798049987
G6330,0.5940318937003859,-0.0892679330465291
G3774,0.594068400469195,0.09868299584176404
G7237,0.5942391167857588,0.09075788931188347
G7153,0.5942837433582033,0.09466557065268501
G7390,0.5945643716177613,0.09404386873191387
G2009,0.5946557822017279,-0.0931643903105637
G7914,0.5946649597387703,0.09428847405767019
G1417,0.5947616712617627,-0.0921474773446381
G5657,0.5947944146165831,0.09212177577248153
G4767,0.5948256690028725,0.09313068733847729
G2365,0.5949282784081259,0.09650815260673445
G6040,0.595097714699633,-0.09066684113960326
G6193,0.5951731134904776,0.09259812998759259
G3823,0.5951820086387605,0.08585083360525154
G3925,0.5952443849966235,0.09058591260261672
G3881,0.595287549590402,-0.09627945084187534
G2843,0.5953391072948996,-0.09565889210329093
G3769,0.5953803638099091,0.09084045971307823
G6996,0.5954342236784818,-0.08638079947885202
G3480,0.5956217807285269,-0.09209628053298656
G3621,0.5957390750913634,0.09267959465652235
G4043,0.5958139073113763,-0.09033429611286763
G6021,0.5959705253304997,0.09622985559454694
G2916,0.596136434433947,0.08990383301755023
G7103,0.5961486016681461,-0.09200716878845164
G1544,0.5964743551277285,0.09248210156625104
G1709,0.5965804318079432,0.09531325094663307
G7161,0.5967400918934601,-0.0965244567859335
G1214,0.5968041387550971,0.09055210449835549
G7749,0.5968265130095756,0.09113161239008709
G652,0.5969232237640097,0.08791153049910207
G7061,0.5969706261276859,-0.09232256777725806
G3276,0.5973799379697723,0.09372224952278174
G5002,0.5973947346507356,0.09114826600225881
G4067,0.5973996440093241,0.09195827076851612
G2917,0.5974340977482122,-0.09176272472041533
G2859,0.597524825932533,0.09028751968847368
G2522,0.5975390624647601,-0.0933380092068198
G2320,0.597697639750215,0.09288463670563019
G6277,0.5978340154778663,0.08835187822219044
G5708,0.5981587009900461,0.08744979055497117
G312,0.598512023201782,-0.09362349922478094
G4947,0.5986641584303358,0.0902668064416477
G3637,0.5987307109441729,-0.09053670441274175
G6880,0.5987746941747548,-0.09616198752269642
G2107,0.5988058878542118,0.09410770365253246
G7022,0.5989831878762373,0.08615380757638368
G4201,0.5990677058394865,-0.0912148170231808
G162,0.5992107156755964,-0.09346393925349063
G1072,0.5992118035019889,-0.09112622935870072
G2463,0.5992923780053223,-0.0964228117293339
G1615,0.5993676120664295,-0.09357884510168228
G4362,0.6000432566537022,0.09713058344654321
G3125,0.600075579266331,-0.08770710883368446
G7420,0.6002839938263012,-0.08759624148272789
G7115,0.6003256246800315,-0.09146539324101774
G6726,0.6005307349769033,0.08958528926294765
G3648,0.600850751660015,-0.09367272179305454
G3944,0.6010946781043539,0.08980774759330734
G5136,0.6011200897543526,-0.0898067691134564
G5194,0.6011380944725917,-0.08662033198233768
G823,0.6011953079497134,0.09354790729814667
G4558,0.6012362625529248,0.0867231812255832
G7000,0.6015254013100948,-0.08994608776096397
G2155,0.6015680049064236,0.09044948193274537
G1253,0.601618795691309,-0.09587355226701977
G3936,0.6016964036983592,-0.08598180990724304
G5385,0.60179291281746,-0.08911056729989203
G5375,0.6019471341158946,-0.09180359108777747
G6715,0.6021444017240352,0.09587162480059024
G1297,0.6021776978618081,-0.08979960850888043
G6215,0.6022726630400919,-0.09387584188103396
G96,0.6023793170932426,0.08769832636426565
G608,0.6024226952334661,-0.0944553029579081
G3473,0.6025028077663723,0.08970231180757399
G7065,0.6026028352976683,-0.0921745258960366
G7124,0.6026545215765011,-0.09168876414089527
G601,0.6027796735337564,-0.09369793387121882
G3214,0.6030283495626428,0.08815576062734802
G4894,0.6030395006369613,-0.09046882088283785
G7646,0.6031108210721503,-0.09036536379731996
G5824,0.6031148045206932,-0.09196333962231337
G4372,0.6032415770781514,-0.09357409046916934
G6509,0.6033466596794117,-0.09290140955637755
G2198,0.6033900855593102,0.0845616995739209
G1682,0.603564661752704,0.09320066492567068
G1106,0.6035957476053366,0.09199769221041412
G7702,0.6036415959634696,-0.08903060606838395
G7888,0.6036542970571538,-0.0864709370022892
G3598,0.60367266952454,-0.09207848448418697
G4979,0.6037977315153609,0.0918419963077466
G1551,0.6038247945196078,0.08672491121648868
G5174,0.6039130709006064,-0.091925036954393
G7736,0.6039380928894749,-0.09390873713402442
G5531,0.6039381808951407,0.08472203128014089
G7937,0.6040568697077716,0.08744571783980576
G529,0.6040889558527255,0.09136563355066096
G6269,0.6043362054423667,-0.0877208507580976
G4783,0.6045265154416614,-0.09156628803859447
G2424,0.6045282221229875,0.0856248968039662
G2954,0.6045305499076143,-0.08508781866441557
G7483,0.6049213786105838,0.09131600537942111
G3976,0.6049359273987973,-0.0884420031488483
G1816,0.6049968840892808,-0.09242820193033406
G5489,0.605197199643182,-0.09128161395463329
G2766,0.6052210601120518,0.08714258083562473
G1263,0.6053876663095941,-0.089882209338386
G1091,0.6055208809208883,-0.08475703425252833
G5901,0.6055692084097919,0.08740082655614494
G3752,0.6056899490936714,-0.08916182114749019
G828,0.6057575789873042,-0.08816967780902811
G3461,0.605940566908361,0.09090325817685868
G4596,0.6063012816379483,0.09181668853533742
G2745,0.6064498519919852,0.0870674707568909
G2098,0.6065302088954407,-0.09336463945131286
G6983,0.606549033736986,-0.08936277517705603
G1559,0.6065864359650811,-0.09003721319959931
G5294,0.6066249730677109,-0.09205132439708276
G5639,0.6069908595860168,-0.09211037764745406
G6644,0.6070395706815108,-0.08995064875986464
G2687,0.6071572548346891,-0.09287985764496498
G1061,0.607183763524101,0.0898862262980804
G7792,0.6078608651883617,-0.08669464197454335
G4532,0.6079595205966604,0.08770855044286893
G5805,0.6080768470001987,-0.0885629931867226
G5527,0.6081936911644954,0.08758735991575735
G374,0.6085682747003514,-0.09234370149610369
G7635,0.6085709075765089,0.0895196243713609
G669,0.6086270203536881,-0.08901133376317052
G1654,0.6088171329461665,0.08259663417526548
G3754,0.609138472177432,-0.08813654033148349
G1648,0.6091469023746541,-0.08585321763847231
G822,0.6092836285246126,0.09106802776445432
G4330,0.6093396734990166,0.09136978542585229
G2057,0.6094398616203066,0.0924691745506996
G378,0.6098603779127327,-0.08602882919958511
G4631,0.6098876839000729,0.08893243493334163
G1773,0.6099562910472238,-0.08984597584337502
G2787,0.6100491976604359,0.08996276670647324
G5498,0.6102816184115097,0.08726567254703987
G4713,0.6103450490857871,-0.08691091839904758
G4578,0.6104051483350452,-0.08872475659336394
G2990,0.6104208385815608,-0.08975600813032072
G3835,0.6106056736837977,0.09310793111042079
G2325,0.6106749418852041,-0.09004349120598312
G4824,0.610965829660252,0.08926024328457316
G811,0.6111551577138694,0.08738334694673995
G1956,0.6112753214816665,0.09088291752623387
G537,0.6113872735027179,0.08450406016060799
G2953,0.6113889320415,-0.08752408144712276
G1660,0.6114132724046268,0.08404198990541867
G7537,0.6115193421422358,0.08754318579896322
G3217,0.6115287414140804,0.08570499436015216
G909,0.6116175879011089,0.08398347966811975
G6686,0.6118340409889858,-0.08909813541705001
G5044,0.6120112656993923,0.08778365337179798
G4049,0.6120613986648417,0.08152905703167145
G2685,0.6123435533648056,-0.08296198573761224
G3512,0.6124043165909427,0.09070065410463814
G2238,0.6125269665709888,0.08847491883858141
G4937,0.6125950140177105,0.08774638143144557
G5684,0.6126632417594478,0.09037668940629762
G7631,0.6127586050660982,-0.08611311557403142
G5137,0.6128572553752121,-0.08903667060940108
G3036,0.6129752581299492,-0.08994026941467638
G6315,0.6130425509620642,-0.08772613266473839
G7252,0.6131354638416486,-0.0835135941841665
G7130,0.6132212249826078,0.08144691501093762
G2589,0.6132558845699654,-0.08773383078526414
G2867,0.6132565123485372,-0.0884837143189722
G6913,0.6132892680063444,-0.08807329476959475
G5855,0.613365460415624,0.08855177827763036
G2617,0.6134223625933677,-0.08661904829378729
G290,0.6134507344032925,-0.08998838076220321
G4140,0.6135147094626284,0.08854090541485611
G543,0.6135528823501947,0.08877773124260288
G35,0.613728725684614,-0.0844718243245697
G592,0.6138519317159435,-0.09035104778477551
G912,0.6138687740070246,0.09257041694573712
G285,0.6141326334998147,-0.09080362767998588
G2796,0.6141874420479785,-0.08509913317933597
G6494,0.6146142262714409,-0.09158697741299171
G5700,0.6146184660351581,-0.08597608480760977
G1342,0.6147436328176819,0.08523053669660464
G1464,0.6148568757003987,-0.09155273115946548
G2607,0.6149325603401385,-0.08555486561479611
G7501,0.6149598455971947,0.08752820047668791
G5235,0.6150002078229675,0.08643042172934051
G580,0.6151763770906045,-0.08850516045778703
G2450,0.6156055436317488,0.08924842279285573
G2389,0.6156479625788893,0.0860563450920693
G298,0.6157166336543934,-0.0929682489812754
G5691,0.6157390543951203,-0.07942298831731548
G2096,0.6157813583182276,0.08389131885686962
G6260,0.615786711495252,0.08813419924874528
G3611,0.6157895305337945,0.08851718084849304
G7246,0.615938047193491,-0.08380294271014196
G4560,0.6161172804265398,-0.09314836369034162
G2169,0.6161533110302491,0.08815594476815894
G1958,0.6162690048389532,-0.09149027461714408
G4047,0.6164046699587092,0.08462775926504316
G3357,0.616439053560569,0.08561499598605679
G5940,0.6173216891759921,0.09058200129473934
G612,0.6173282820497383,0.09126244268684656
G3062,0.617508794798767,0.09019117029174406
G1745,0.6176119901833828,0.08705510786926812
G3919,0.6176298262302639,-0.08538985694871708
G3131,0.6178337372396268,-0.08164849720638907
G2606,0.617854448264153,0.08839881561245314
G1819,0.6180412241642435,0.08574576215385589
G695,0.6180880157083719,-0.08889379811986906
G7522,0.6181398726165814,0.08744221212705619
G3088,0.6181480684870537,0.07845931654235817
G1761,0.6186568467486275,-0.0854005103637214
G513,0.6187727075606921,0.0832199327165132
G423,0.6188384187611141,0.0866339901058119
G7682,0.6189847710935571,0.08456118164152922
G5207,0.6190208175878826,0.08626533020445593
G7402,0.6190895071741315,0.08259295826960976
G1232,0.6191243902866362,-0.09241581886390939
G5480,0.619471149095143,-0.08876895810771843
G1831,0.6195646678347762,0.08900961624889281
G6938,0.6197617769486008,-0.08382622131508224
G6055,0.6199509483497497,0.08306885190971627
G2415,0.6200850476999978,0.08745451642452468
G2671,0.620274273348831,-0.08164805456921488
G3998,0.6203026941019683,0.08636229212748141
G7617,0.6204487917471478,-0.08532317711268181
G3114,0.620478621638989,0.08718562306817312
G7487,0.620546647194956,-0.08862945027876742
G5395,0.6209200210833636,-0.08662977201463769
G1181,0.6209310851888132,-0.08547011644541011
G4274,0.6209779424760524,-0.08959924734354849
G6272,0.6211254060292913,-0.08490227443281831
G5273,0.6212169987404976,0.0873795967948107
G3782,0.6214165023796447,0.08351988391902693
G4377,0.6214602343949447,0.09217943055033473
G7579,0.6216372770955993,-0.08702115573827436
G577,0.6216423928258128,0.08690275164461708
G5968,0.6216467601545567,0.08844866841588138
G1542,0.6219310346231695,-0.08626391533829231
G1269,0.6220326416213426,-0.08452289993807754
G6534,0.622098605851582,0.08837610742839327
G4666,0.6222276876639655,-0.08409252232916076
G1491,0.6225553601031721,-0.08452120237895608
G7331,0.6225709040225514,-0.08564414999647818
G6549,0.6225794196583421,-0.08410700441548566
G1451,0.6229358589827858,0.0841560262279517
G3090,0.6229445190765657,-0.0897756960964948
G3961,0.6234290921286273,0.08920840591390196
G937,0.6235526491512284,-0.0856716394913071
G6112,0.6235838834138409,0.08920093253933821
G3548,0.6239741667260383,0.08818440343001722
G4318,0.6240636178752612,-0.08452416234041157
G5775,0.624074271034248,0.093366922122521
G1744,0.6243513196115726,0.08206753923737344
G5732,0.6245693883891279,0.08515441755835322
G4120,0.6245870760670975,-0.08242566707128368
G7200,0.6246742762192103,-0.08492248725627101
G3317,0.6247514510246033,-0.08928174404325911
G6080,0.6249460093120596,-0.08334015233251374
G6975,0.6251222493222275,0.08111976776938964
G6089,0.625163281791014,0.08823597597901311
G7276,0.625165202451883,-0.08180803765306491
G1520,0.6253539243145227,0.08649010309556668
G6571,0.6256574957108638,-0.08678954186922969
G6746,0.6257266355415427,0.0789719344435004
G7633,0.6259193162207246,-0.08587398689418219
G3664,0.6262133451743634,0.08385853287793531
G6235,0.62625804622322,-0.08446779994959054
G7561,0.6263000306564891,0.0852079378241235
G6307,0.6264742733765855,-0.0869419255667571
G5393,0.6266584136484052,-0.0856985695036209
G3111,0.6267034810337024,-0.08032710037875379
G3373,0.6268403221439737,0.08980802314046245
G2890,0.62695494776613,-0.08520505816984296
G6153,0.6269758371094691,-0.08271442153599701
G6891,0.6270217207805481,0.08743652226284968
G1354,0.6270582350505336,-0.085673886920799
G2801,0.6273508297249029,0.09011980244422363
G3515,0.6274410757202071,-0.08482059775358022
G586,0.6274868703241281,0.08781814296928024
G2397,0.6275713147790756,0.08477490239758592
G6627,0.6277571860780469,0.08285535381117189
G6942,0.6279655616296752,0.07975899802278882
G2858,0.6280274169802474,0.08386972221733048
G4142,0.6280613363732386,-0.0866190398754956
G6634,0.6281435097130771,0.08289544815990003
G3494,0.6282593584873379,0.08412111659422564
G6866,0.6283800952696277,-0.07999538774803866
G5881,0.6284125660659254,-0.0810377151711773
G6498,0.6284838940949091,0.08675741706554642
G2246,0.6285209354426418,0.0858925474423724
G1805,0.6285390057979038,-0.0817945437490393
G7895,0.6285615445968877,0.08507588605327167
G626,0.628644218783853,0.0836640128705458
G7138,0.6288699279782048,0.08607387194801937
G346,0.6289554885637212,-0.08345923369596472
G6763,0.6290381580284745,-0.08631541068358574
G4132,0.6292883747148286,0.07860019068725116
G4740,0.6292927838987747,-0.0808812606345872
G2106,0.629425947270835,-0.0821078719693714
G5801,0.6296141780907196,0.08663888157010022
G279,0.6296191798495199,0.08008986759861514
G5247,0.6296930161366388,0.08031967107565376
G6989,0.6297006635451892,-0.0805050123766748
G2806,0.6297335404075387,-0.08543432148922579
G5212,0.6297522312740669,0.08710775161432047
G1757,0.6299868116788849,0.08220963936774858
G5133,0.6300665922375952,-0.08487132163470176
G2852,0.6300803607644284,0.08586240858208107
G61,0.630237147975879,0.08594648825415589
G1993,0.6303117711375908,-0.08449235912008678
G7481,0.6303247702615469,-0.08476054716443948
G5148,0.6304711817466304,-0.07517114707050568
G5773,0.6305818577657456,0.07853883680289969
G2895,0.630935382544723,0.08172965327016878
G4871,0.6311740155212907,-0.0836059672977675
G5093,0.6311749131618261,-0.08026716260185174
G4352,0.6313626470665552,0.08241876592777761
G6249,0.6314089061969584,-0.08717005335498798
G5478,0.6314111460520846,0.08517866892466358
G7657,0.6314671459556043,-0.08556647742814172
G578,0.631558852236284,-0.09023267053675654
G7472,0.6315751341342685,0.08443856599754093
G348,0.6318329208620921,-0.07960254700030225
G4787,0.6319584010111796,-0.08280590078514374
G6428,0.6320115354218678,-0.07570745967678642
G3065,0.6321962547253303,-0.0854860671704886
G839,0.6322497726019911,-0.08123740979318878
G6098,0.6322998531012931,0.08314452115939905
G615,0.6326007326652838,-0.08389272599788201
G6075,0.6326705126038907,-0.08545762251599807
G6760,0.6327626346958708,-0.08051417012767989
G7017,0.632817051035617,0.08370159262457784
G6070,0.6328584800705872,-0.08099736385051434
G1505,0.6330664615837973,-0.08183328124444772
G888,0.6332072170435119,-0.07773898181673336
G320,0.6332158697238233,0.08953485896591712
G7201,0.6332398721633548,0.08507822685921693
G293,0.6332767283437064,0.07985776166397879
G3948,0.6334553110747798,-0.08688842537954297
G2813,0.6339187402827751,0.07762709970929627
G569,0.6339571845717906,0.0849187831665654
G5545,0.6339694664601021,-0.07912829839715949
G5284,0.6340709434845662,0.08477641410933383
G3877,0.6340872479584602,-0.08400631606662355
G3938,0.6342042741019869,0.08581281791270899
G314,0.6343133563602192,0.0798167126851925
G6231,0.6343324366024063,-0.08425966091790398
G4387,0.6345839703479906,0.08853414039176664
G7911,0.6348416695769092,-0.08279708442968595
G492,0.6349178180179814,-0.08134619910870455
G1193,0.6349350452436076,0.0844873833498255
G5123,0.6349972355060095,-0.08381136023805011
G2643,0.6350157333887108,-0.08531960725939637
G75,0.6350621646061387,0.08152858882860947
G7977,0.6351514274299538,0.08596785407895352
G1608,0.6352319409936864,-0.0856939843729147
G6926,0.6352553237554459,0.07894236690604567
G4816,0.635303970777327,0.08094896208991695
G5812,0.6353236504867956,0.08434784949504912
G228,0.6353625220511974,-0.07920879725399822
G315,0.6354303118151432,-0.07686055887046761
G1685,0.6354705394603151,-0.08151161798108233
G3672,0.635615525038378,0.08172627614051439
G5628,0.6356513966049637,-0.07950507471296492
G2079,0.6359078758514756,-0.08231906404097944
G3,0.6360680732693553,-0.07964514437990443
G4307,0.6362097070884757,0.08230026042679486
G6156,0.6365382278030701,-0.08142056199654044
G2946,0.6368223486065523,0.08261496555880302
G5218,0.6368230983744181,0.08543288464736906
G42,0.6368980077798472,-0.08122648431288783
G5670,0.6370761860832328,0.08250680740938898
G5027,0.6371169387981269,-0.08672260522363796
G7801,0.6371752991984061,0.08046847774277613
G6620,0.6373034253671033,0.08507435350840885
G7143,0.6374376340446257,-0.08415170891677601
G1790,0.6374870525612517,0.08342487415491198
G7208,0.637630152884938,0.0807727857859377
G7796,0.637644171365738,0.08228316074557179
G3121,0.6376485394650475,0.08585837165159141
G1420,0.6378706157631484,0.08257707279929732
G419,0.6382090711939489,0.08149989312191341
G7123,0.6384339487211883,0.08374449033984954
G7333,0.6386999103954607,-0.0799583913827039
G2002,0.6387765125847344,-0.08012090659496147
G1616,0.6388825371411742,-0.08275915039744076
G2220,0.6389178702725493,0.07964710070141828
G4842,0.6390084799795968,-0.07815974752066623
G3987,0.6390318932730191,0.08671636459758722
G1367,0.6390686573764053,-0.08264178086787745
G94,0.6390767107489503,-0.0846900770965427
G7326,0.639157072371255,0.08242690084088658
G2663,0.6392763271369206,-0.08477734901263237
G5495,0.6392789044313547,-0.07889841661489036
G2489,0.6394139132256004,-0.0821044119458149
G53,0.6395310664879981,0.08296568180457484
G5739,0.6396401710703841,-0.07632644801081664
G3869,0.6397670273367244,0.07938859770512185
G6827,0.6398124736157811,-0.08172909463242292
G5743,0.6399677963176527,-0.0775149789089748
G736,0.6401901849718736,-0.08044089891841824
G4854,0.6402023646592685,-0.08313950517774556
G446,0.6402090068842989,0.08373116495200278
G336,0.6405002684672719,-0.08360579281500524
G3257,0.6406208004213698,0.08303307046461494
G6656,0.640646268269022,-0.08021714514465433
G7770,0.6409581054216218,0.08193191555466106
G3902,0.640960331381945,0.07774871296628638
G1739,0.6411066970919437,0.08040835619812645
G5347,0.6411112022532677,-0.08225343093777854
G3946,0.6411329126749392,0.07995750539964722
G7230,0.6411707016618695,-0.07345690216175849
G6838,0.6413899893658526,0.08471183992301098
G6005,0.6414661688868568,0.08524353778497994
G6347,0.6415571137582177,-0.08729457390839873
G7079,0.6416926177322781,0.07684744585698391
G5678,0.6417082886635003,-0.08184129835900794
G5457,0.6418065931070723,-0.07619894161493448
G3400,0.6419325122066005,0.08224786934914817
G4995,0.6419540630999836,-0.08326284236965897
G1618,0.6419894837087439,0.08093701394198245
G2327,0.6422374215427247,0.07552085379192092
G7045,0.6425128615996842,0.08773368894263771
G871,0.6425314867466984,0.07586340648755346
G2105,0.6428154142002694,-0.08469184827876901
G2972,0.642984711536734,-0.07941584947243605
G971,0.6433012762717292,0.08124087261175877
G1760,0.6433046531565576,-0.07737460934367214
G3962,0.6433072493864352,0.08242072319386194
G3954,0.6433372767155283,0.08080711926090081
G7384,0.6435171364780404,-0.07318333497564179
G5103,0.6435449338266506,-0.07988826110486905
G252,0.6435501062803753,0.07838702406324508
G4461,0.6436805783243194,-0.07753373115089934
G7254,0.643744272753911,-0.07853741091139678
G5001,0.6437883491822405,0.0816052892887465
G6106,0.6438065081399944,0.07898434278066509
G2309,0.6438231209810985,-0.07911423928186812
G6923,0.6439213077470756,-0.0767412235168315
G7349,0.6440845086223014,0.0761993081200452
G2436,0.6441290357473619,-0.08603409988239599
G4921,0.6441403824239331,0.0797277863037607
G4233,0.6444115656134451,-0.07954980516690593
G3565,0.6445561413656571,-0.07958265812397519
G6389,0.6446661981075263,0.08065658141315843
G164,0.6447537943513488,0.08055397244720519
G3606,0.6447714106305213,0.08320144588761025
G4975,0.644802090497427,0.08312606165618312
G6118,0.6448102775590853,0.08193781302916046
G5589,0.6448919636703629,0.08547201468390639
G3303,0.6451153148314641,-0.08069836352483568
G4333,0.6451643123810042,0.08000184092430335
G3591,0.6452377598635817,0.07393672225149701
G4,0.6453449421090831,0.08268561506674187
G3119,0.6454077139863333,0.08125577093111114
G7249,0.6454876192903124,-0.08419966870722784
G1664,0.6455134046034448,-0.07779854993514583
G4165,0.6455465491344647,-0.08389353108022736
G6373,0.6455845163175826,-0.08044460186127457
G2351,0.6456071831070032,-0.08271547264895418
G3204,0.6458067587398937,-0.07486580516448946
G2739,0.6458119735978833,-0.08160844748998991
G757,0.6460113355107129,-0.08129140797228059
G1478,0.6461775931547713,0.07790601411547571
G5424,0.6462534081048592,0.0757994982506437
G1940,0.6462817512600322,0.08072396949522617
G4000,0.6462948439551803,0.07869195132101373
G78,0.6464891711791054,0.08301222238387983
G1227,0.6467321201849614,0.07877775099856364
G783,0.6470599722826469,-0.08112207846044886
G5779,0.6473707642809614,0.07929210207395168
G2347,0.6474058615439797,0.0801054249922979
G5365,0.6475814295259759,-0.08471380007721137
G6657,0.6477162833943281,-0.07965817159722632
G3808,0.6478670067924883,0.08087188908263053
G4322,0.647943092968015,-0.07562725846134594
G4717,0.6482699595968362,-0.07538683999496487
G7299,0.6482770672970475,0.08272448755287365
G3057,0.6483178098860339,0.07845201297752787
G4815,0.6483963318803907,-0.07693625482614277
G3867,0.6484987480951658,-0.07730102790007418
G3105,0.6488691679635958,0.08107627958343602
G7258,0.6493672099941341,0.07788446878366112
G1603,0.64944117823559,-0.07634638683217213
G57,0.6495221791709185,0.08190469223398779
G3268,0.6497603456692778,-0.07534891808339139
G1913,0.6503641825900847,0.08381827306144679
G7101,0.6504177032693644,-0.07283771631048976
G4739,0.6505902426234083,0.08235316736990367
G7578,0.6506947082713802,-0.0827332803552227
G927,0.6506997951836684,-0.08565410367830203
G702,0.6507714926640173,0.0799032064822485
G6463,0.6508118740766351,0.07900646420979333
G7120,0.6508687257818242,0.07905504000383273
G7667,0.6510544043589721,-0.07739027959178177
G6056,0.6516556923746064,-0.07868144360100682
G7465,0.6519438904188439,0.08404003732189902
G7672,0.6520897619758885,0.07887073958495336
G4045,0.6521285059485938,0.0796708774686461
G3231,0.6521848207751901,-0.08126091335120633
G7262,0.6523337722909033,0.07699742430203987
G7795,0.6523934084091971,-0.07699260787568117
G2221,0.6524552825502863,0.07647526965248005
G437,0.6524738398492744,0.07563551672128567
G7376,0.652488706567181,-0.07607435917857121
G2764,0.6525269524749013,-0.07962386083883267
G5529,0.6526193442170632,-0.07403781087765446
G6188,0.6527716720208667,-0.07680059935050088
G60,0.6528189421632307,0.07694600592384275
G3786,0.6530830494803282,-0.07771406013903565
G6759,0.6531581136563276,0.07913231788904257
G4857,0.6532816516733178,-0.07606144903335949
G4798,0.6534733050426138,0.08028990964926631
G3827,0.6535060540598921,-0.07867098165038672
G32,0.653643786813071,-0.08033570390060135
G4638,0.6537080407209451,-0.07656608551449487
G7596,0.6538408439619523,-0.08040813005678563
G1988,0.6539154979936065,0.07670285139322158
G5761,0.6542079036936326,0.07939738366840315
G6465,0.6542239165049499,-0.07422151290961801
G4247,0.6542773031566705,0.0764064885870716
G4038,0.6543807331126766,-0.08279013542896202
G3123,0.6543848244609168,-0.08202543532364356
G3615,0.6544050971705409,0.07714628475962383
G6950,0.6545735238275838,0.07274822553690734
G4027,0.6547694922729519,0.07549915513359629
G6199,0.6548473901641582,-0.07543559725786952
G2386,0.6553583755413502,-0.08121721227430892
G5325,0.6554858125016196,0.07781501027867672
G3043,0.6555186698873798,-0.0791541192371852
G1553,0.6555372290542258,-0.07797956422136514
G6345,0.6555649406343476,0.07582477344418918
G6722,0.6555879953370974,-0.07790859057960145
G750,0.6556125134986162,-0.07942983997067193
G5313,0.6556651580824112,0.08018824511316726
G1405,0.6557134088697232,0.08041673784811677
G270,0.6557428657568493,-0.07267723825797157
G4832,0.6559607544379279,-0.07760504354452026
G2259,0.6561106039440805,0.07432724787752708
G982,0.6561432407872256,0.08047625138302941
G5749,0.6562728870643306,-0.07798361982110116
G4186,0.6563145845027851,0.07834351259944766
G7207,0.6566345904638003,0.07488719124236647
G5541,0.656774581800889,-0.0747952692072473
G6697,0.657019263212022,0.07552229897972872
G6765,0.6570218954268988,0.07523405970045877
G6250,0.6572462152610268,0.07715560237577644
G4368,0.6572640588222987,0.07760214797597419
G6354,0.6575153887982816,-0.07080097984281215
G2032,0.6576468222647962,-0.07046352347551194
G2763,0.6579105222320503,0.07863670073328319
G5069,0.6580234185399639,-0.07197187736123666
G7908,0.6586014788482593,0.07598717263986511
G3906,0.6586108876947929,0.07792286060733032
G1575,0.6586661943785623,0.07870288794662778
G6240,0.658725674071696,-0.07585892807690514
G5109,0.6588892159656767,-0.07445452532462725
G7769,0.6589847099509478,0.07762490326463398
G782,0.6590300450306251,-0.07755992608351575
G1604,0.6594746951339139,-0.07788861186832921
G4357,0.6596290090433075,0.07220077428263844
G2121,0.6596658212185541,0.07863417987996069
G498,0.6597001982512933,-0.07524205853249827
G3302,0.6598314287234743,-0.07715823161762965
G3055,0.6599943972952622,-0.0751358331047726
G2889,0.6601126411806513,0.07503808703111535
G135,0.6601619605272077,-0.07523762720835339
G505,0.6602338592525907,0.07717681557497418
G6346,0.6602970227305194,-0.07586298265199838
G7450,0.6603979783650243,0.07871091139814886
G5337,0.660542551893442,-0.08002221953833177
G2192,0.660590189445478,0.08035290734973696
G7016,0.6607330897888773,-0.07763143556337271
G528,0.6609471840631838,0.07739203625699187
G6336,0.660991512350481,-0.07182785275775465
G881,0.6611779130275737,0.07490815368371373
G1596,0.6612240338965892,-0.07017566131329542
G5800,0.6612301044399382,0.08149741697928564
G5220,0.661674122436329,0.07503447892548774
G472,0.6619389958194983,0.07846507579006481
G7461,0.6620235777449776,-0.07733986790583429
G4537,0.662098628695407,-0.0800257672750837
G1601,0.6623147652689538,-0.07493640459372461
G2588,0.6625785990950476,0.07786332379544567
G4410,0.6626376937292073,0.0713279641826991
G2634,0.6627234400638691,-0.07804291824097265
G7263,0.6627765790379028,-0.07793874897145919
G4525,0.6630753223728203,-0.07493168980607308
G6282,0.6632706495503693,0.07687322274920294
G6408,0.6633468941081966,0.07456079668596093
G2743,0.6633955809861247,-0.07537712679220503
G2227,0.6634661458144804,-0.07890278305287281
G3445,0.6636567121321643,-0.08008018771837107
G4738,0.6636731002268406,-0.07524467286324449
G4693,0.6636893950785173,-0.07848591587091952
G7338,0.6639347905083239,-0.07744275951762467
G7978,0.6641172686530799,0.07573843397357786
G2344,0.6642175269133994,0.07840924044740441
G4563,0.6642301212104862,-0.07360747329331405
G5464,0.664252961933099,-0.07319582115993849
G3007,0.6644307320725846,-0.06997094596687885
G4269,0.6645614501326089,0.07461086543823897
G1141,0.6645788796503496,0.07722814257314492
G5738,0.664700126012582,0.07735749045602187
G1639,0.6647855614785696,-0.0728871302867225
G491,0.6648880628951717,-0.07280631232985416
G5635,0.6650158109753042,0.07608334371168406
G6540,0.66513091187851,0.0734183149480905
G4234,0.6652998397083941,0.07697792219214097
G6537,0.6654453962444445,-0.07473243956802358
G4144,0.6654802347208633,0.06896261065402572
G3194,0.6655112776480306,-0.07661813441640222
G6810,0.6655535568432742,-0.07402610003262698
G4729,0.6659145072183885,0.07265628994301884
G3903,0.6660260416100692,-0.08031622129669477
G5173,0.6660319134825474,-0.08195809454300257
G5334,0.6661197495462912,-0.07392972842711512
G7519,0.6662769641824003,-0.07474652266348772
G2935,0.6663530244096032,-0.0736456649083436
G2048,0.6663576955431552,-0.0769206858978641
G3288,0.6664273378783914,-0.0735558097530136
G2182,0.6666201000270287,-0.0743965434000256
G3345,0.6667443845496046,0.07748429837733256
G5131,0.6668011107379199,0.07912943434420402
G4306,0.666899436331077,0.07365293930386352
G5189,0.6669021953997996,0.07897806532338617
G3210,0.6669114020096232,0.077353339992462
G3137,0.6669504838867346,0.07411469702309635
G4587,0.6670912659335861,0.07229506157040368
G4764,0.6671502184171748,-0.07908635358768938
G1199,0.6671662649609256,-0.07504480984976804
G1235,0.6671727324311041,-0.07246628238512948
G6709,0.6671812317581642,0.07702470268538412
G7082,0.6672104787270492,-0.07089192876160672
G3490,0.6674894931039599,0.07489094522670504
G2435,0.6675708001788956,0.07251412186134684
G1817,0.6676304206242725,-0.08071804155601692
G2031,0.6676440990999921,-0.07400657499690676
G5878,0.6679174157520922,-0.0741905150603591
G4851,0.668012360899706,0.07014922249823416
G376,0.6683735878564354,-0.07989451710189475
G128,0.6683862117681786,-0.07233440740298695
G5829,0.6685093061841405,-0.07581252860054795
G3296,0.6685690149815062,0.0750345730159581
G5144,0.6685985320318449,0.07138258190928512
G2853,0.6691588422775743,-0.07738061097192661
G6595,0.669750557632069,-0.07596319223483607
G3147,0.6698180278653741,-0.0770368368417324
G4197,0.6698669202102765,0.07582071892262479
G7429,0.6700164057060547,0.07406285567718861
G2214,0.6700952894619926,-0.07510321112176588
G896,0.6700966157253611,-0.06902252643316595
G6869,0.6702313553630479,-0.07414144349309507
G693,0.6704572525843662,-0.07313238294525078
G4215,0.670474971574081,0.07166022549339346
G2276,0.6706141626673712,0.07125283509307764
G3422,0.6706200531247903,0.07182199662749421
G3223,0.6706255318581074,0.06977609727157782
G7181,0.6709357788151358,-0.07017209264049884
G6113,0.6711019254363629,0.07741814726714114
G1675,0.671174933935681,0.06919090769327955
G6910,0.6715324905952107,-0.07703306565021624
G6544,0.6715396210436861,-0.07415577834825242
G3388,0.6715550661514015,0.0740978385679387
G7186,0.6716846788866205,-0.07704882361667244
G3866,0.6716882061229996,-0.07571434690312531
G3988,0.671769929494707,0.07545327726545743
G6257,0.671914625516232,-0.07028657691332288
G5165,0.6720044437131263,-0.07330241310404019
G6536,0.6720196458733588,0.06937965016260184
G5238,0.672099528378151,0.07257038890949462
G5777,0.6721658524757279,-0.07382106782688638
G5568,0.6722783914170553,-0.07479257264084106
G2520,0.6723091458629434,-0.07166764864554712
G7214,0.6726277962698349,0.07254086270364671
G673,0.6726640011620705,-0.0741674398901993
G4701,0.672758343361618,0.0769590504092943
G4008,0.6729561727674028,0.06790848993646616
G4864,0.6732337263189125,-0.06860448103897956
G1783,0.6732923430356734,-0.07143600330631462
G3348,0.6741158874684149,-0.07230703753937959
G5076,0.6742073915332044,0.0716919545012873
G2964,0.6747281305862497,-0.0749094464672066
G2433,0.6747902088379948,0.07064254067492581
G2737,0.6748031199373294,-0.0706559607485519
G6793,0.6748191862830524,-0.07215510434122438
G4422,0.6749639722169865,0.07235864876431411
G3049,0.6751212782185182,-0.06982446119868416
G5185,0.675172056155237,-0.07939098133287857
G7272,0.6752379684381253,-0.06706602450567806
G5104,0.6756705412674018,-0.07061966015124799
G964,0.6757458402753824,-0.0717053322912426
G1138,0.6759502961778382,-0.07560276048945064
G3911,0.6762600596002699,-0.07454178983758096
G7086,0.6764422193749788,0.06838239603681909
G7428,0.6765980401023912,-0.07116701865302935
G7019,0.6766584289379676,-0.06991360854762046
G3236,0.6770291748741875,-0.07138894970444254
G2639,0.6771915361811451,0.07123710150372045
G127,0.6772173504108907,0.07368869570822291
G5580,0.6772644072073304,-0.0734922781453246
G6172,0.6773307060714528,-0.07072791257699251
G5502,0.6774777247123995,0.07326454994129747
G4416,0.6775557798565903,-0.07179216600636099
G461,0.6775783594367673,0.0773392462145311
G661,0.677903956184207,-0.07335025783592052
G4271,0.677935788842976,-0.07484061309737919
G7407,0.6780738802703429,-0.07428241585926611
G3346,0.6781493848610083,0.07168317517967632
G5593,0.6781518805811926,-0.07085833791246048
G5289,0.6782262134681858,-0.0721975678520721
G555,0.6783202013664802,-0.07335180220742574
G1767,0.6786484803211225,0.07094690135288972
G1185,0.6786783044482226,-0.07553707991658223
G2212,0.6787571281746398,0.07169685031883422
G4640,0.6787651755183183,-0.07125975177487498
G3812,0.6787857120495797,-0.0724569189238736
G98,0.6790361524025803,0.07097916638903157
G3708,0.679104388124851,-0.07209642969483777
G3451,0.6791290058312176,-0.0694289179053347
G5394,0.6791808253214651,-0.06671544523000632
G5937,0.6794037641856916,-0.07554912537136063
G4900,0.6794553989237068,0.07410474861905147
G3731,0.6795703890873956,-0.070187063925022
G153,0.6796033299552461,-0.0651764026379312
G2421,0.6796291114073842,0.07297171013478473
G3973,0.6796520298002846,-0.07461356890096646
G2918,0.6797075485633808,0.06935992597179828
G7356,0.679938990182148,0.0732012205785562
G1243,0.6802161049072324,0.0714783076048205
G6446,0.6802586558288483,0.07228251108004216
G4591,0.6803007767666787,0.07140065416323259
G1549,0.6803883757720106,-0.07226976196080698
G4570,0.680481654094108,0.07359868264252502
G511,0.6805174534846639,-0.07243185340846392
G6653,0.6806992173759637,-0.0740963187986259
G6796,0.6808063593449554,-0.06809459364675799
G1567,0.680916969407825,-0.07585597846097376
G5935,0.6810741486295908,0.06677205183768409
G3674,0.6812888377640152,-0.07371856500125762
G5360,0.6815088087860255,0.06678041155863132
G424,0.6815198992308062,-0.06780521449698494
G3347,0.681653687515344,0.07136967022031468
G3325,0.6816939059389929,-0.07119875168539182
G7198,0.6818298362623181,0.06594986010811388
G1047,0.6818304003768152,-0.07004929290033673
G119,0.6819270436143778,0.07090871739595353
G7873,0.6819848382220681,0.07104514382962723
G3726,0.6820049261170604,-0.07171489742944456
G7339,0.6820680559072991,-0.07196333114694824
G6413,0.6821819955287841,-0.070991665954493
G4130,0.6821838324058902,-0.06761851359967368
G1105,0.6823002390464578,0.07300577981190562
G4724,0.6824992254205998,-0.07120286319038568
G3285,0.6824997647115241,-0.06891797189044792
G2594,0.6825297846651625,-0.07200298147942027
G2437,0.6829804519240696,-0.07207952878254599
G640,0.6829928802811942,-0.07053109201290857
G3456,0.6830004038097339,-0.0747312900498259
G5521,0.6832511854655554,-0.07472446472372088
G2837,0.6832584597149138,0.06826697046995059
G4771,0.6835800467223996,0.06997712050556107
G6815,0.6835999657164731,-0.07119124158924267
G2243,0.6836045667291982,-0.06987103942127879
G5091,0.6837070945955045,-0.0758069534266978
G1248,0.6838689329831271,0.0767610413247041
G6423,0.6840594586214304,-0.06963941797201491
G6779,0.6841596782237764,-0.07055333743077663
G1462,0.6841912025101065,-0.07163149579063986
G882,0.6843026529847375,-0.0693911525763872
G677,0.6844359244672805,0.0750436095514998
G2924,0.6844511768459266,-0.06584170423548752
G7680,0.6844799308261293,-0.07079507569518768
G2285,0.6845388792398613,0.06482077837818237
G4726,0.6845598668874313,0.07148515643796732
G5033,0.6846176792852445,-0.07001900115038134
G1692,0.6846802727226982,0.07033346438713826
G5679,0.6847512176981727,0.06989335388935017
G3450,0.6847670641126054,-0.0619028602700795
G4847,0.6850084933086427,0.06752354317936413
G319,0.6850495586245497,-0.06811839241578346
G5852,0.6851254607695376,-0.07274942782875472
G2234,0.685242611491717,-0.0721057828232956
G1045,0.6852804120145014,0.07330353433774939
G6484,0.6852871436940555,0.07077686368631211
G4994,0.6854165121311991,-0.07517195329972279
G3805,0.6857579320300593,-0.07264843926983884
G4501,0.6858360809610589,-0.07211798371970633
G6420,0.6859706082689506,0.07322693566574501
G1238,0.6861157321903926,-0.06833374191131739
G7662,0.6861908930622569,-0.06670348626575547
G5351,0.6862247189601505,0.06996184574926076
G520,0.6863966280640306,-0.0685941072368092
G7413,0.6867663966017721,0.0673472897441455
G4652,0.6869051586835007,0.07273702555226264
G6624,0.6871030023702465,-0.07256613161311673
G6532,0.687204749266054,0.0737865229998737
G1909,0.6872511179209839,-0.07197447830137411
G596,0.6876760860030644,-0.07110443418045327
G3101,0.6876979309276527,-0.06720455674352822
G6768,0.6877452162239872,-0.07234732037430797
G3006,0.687846643089886,0.0700193572107804
G1524,0.6879260104326528,0.06822222602804866
G2341,0.6882805208183473,0.06903499302503385
G7950,0.6884594739471321,0.0656982149611137
G562,0.6884946330774124,-0.06988846695086776
G6553,0.6887039578450244,-0.0704860967323198
G667,0.688719502779922,-0.06581405037128277
G2696,0.6888114277602955,0.07381376530129305
G3602,0.688881623902861,-0.0727251470192046
G7689,0.688884924413139,0.06448986923125155
G1677,0.6888997856991074,-0.0673500487450923
G3168,0.6889325090218278,0.06969827340765719
G6817,0.6891251251744834,0.06370155001143524
G969,0.689146616251894,-0.0708447318533835
G1723,0.689341271376479,0.06877575287849
G1522,0.6893972965378282,0.06760283453658436
G6411,0.6895567201757198,0.06995689810876368
G4974,0.6896080450443542,-0.06699581024724283
G4753,0.6896431970623647,0.06917130324196057
G7047,0.6898096950671371,0.06982639338109811
G6631,0.6898236715722108,-0.07336885479506802
G2206,0.6898995905377101,-0.06908814851419681
G7411,0.6901898113537313,0.06499811883980222
G2177,0.6903826224955831,-0.06860940913281345
G3142,0.6906155088080566,-0.06748188499778977
G6586,0.6908991759982339,-0.06912292788152825
G1515,0.6909987545980405,-0.07263861430153276
G2492,0.6912519464100806,0.07153013354351176
G646,0.6912764401402476,0.06669594845998524
G2955,0.691323792204845,-0.07319357366614093
G6475,0.6913273117415124,0.06738045871654172
G7904,0.6914218919926376,-0.07077133695336484
G416,0.6914720900316331,0.06810061099145832
G517,0.6914884654457131,0.07023769718651243
G4890,0.6916184201583669,0.06633686022040086
G2284,0.691637743041986,-0.06910961308596823
G1720,0.6916423000820884,0.06820993750811538
G6878,0.6917260888529266,-0.07156190749940593
G5142,0.6918233360922741,0.0675420618833904
G2395,0.6919430639570517,-0.0696409567277335
G4998,0.6921091052597943,0.0680277154586166
G4568,0.692136735874946,0.0670837517208223
G6017,0.6921444547298286,-0.06505846952709886
G1186,0.6921854143271771,-0.06649929756531173
G5787,0.6922794470813434,0.06917746147246484
G7369,0.6924303265267517,-0.06802296540250777
G5781,0.6925300276073391,-0.06337366307916643
G625,0.6926696013640254,-0.07009120032466085
G7555,0.6928659284015578,0.06568110323218423
G2442,0.6929007068975246,0.0708201676202858
G5616,0.6930483560845127,0.06909437056253334
G297,0.6930661003419454,-0.06915379907766381
G5153,0.693342941181711,0.06953458886780446
G359,0.6935626596905167,-0.07153710084295208
G7213,0.6937206542090266,-0.06876478976228455
G4414,0.6937862105786212,-0.07008657649097655
G3008,0.6939827381202368,-0.06590205297474475
G6225,0.6940280638404881,0.06995305639639933
G4237,0.6940420564124716,-0.06623811714293011
G5813,0.6941115313125952,-0.06354665307982767
G2703,0.6941408870471157,0.06466960371513943
G2279,0.6941497347754667,0.0687721395856947
G3675,0.69451370496533,0.07074959716377446
G2097,0.6945704955705552,-0.06764254153562513
G2073,0.6946162708199619,0.0652550121638184
G1118,0.6947254285391138,0.06954305901049582
G5789,0.6951846397071246,-0.06680471021438744
G7469,0.6952443389492271,0.0667932672369718
G2362,0.6955255556822499,-0.07195781609423331
G4516,0.6956117069017735,-0.06565913022187204
G3041,0.6956770188628292,0.06356187377638207
G188,0.6957149284799011,0.07137809777603235
G3032,0.6958589082967996,0.06952226027319167
G1823,0.6959708960499118,-0.06616434553117616
G895,0.6960382962312197,0.06642232028560939
G7859,0.6961185655510378,-0.06717695372306014
G952,0.6963692995020356,0.06781066718979346
G4082,0.6965787961486729,-0.06678958236006041
G2308,0.6965904192762669,-0.0747084854756149
G6491,0.6968555903623205,0.0671700276563499
G675,0.6970321392215106,-0.06939890005692922
G1251,0.6971685159580165,0.06943908289194928
G5414,0.6972904786167894,-0.07343625886547409
G4095,0.6972933621067838,-0.06782702070099761
G5573,0.6974267850892164,-0.06683197018929136
G6443,0.6974905621680412,-0.07068152099667349
G1701,0.6975997940320562,-0.07069774196748572
G722,0.6978205544175673,0.06602461033728528
G6764,0.6978344526433058,-0.07098552039233885
G2225,0.6981282442307234,-0.06398411987760219
G5130,0.6982712105248031,0.06782566300479509
G6678,0.6983757137951718,-0.0668892061720394
G6084,0.6984017736906706,0.06743495789163526
G7637,0.6984926965067453,-0.06685567064394066
G5631,0.6985012438921252,0.07082972627326006
G2812,0.6985874831578558,-0.06733345395123397
G6771,0.6987540252758196,0.0618581344854466
G3281,0.6988008266730072,0.06547892572216574
G5079,0.6988045625942416,-0.07040718614250467
G2490,0.6988218627598952,0.06624935545983374
G3679,0.6991752179284731,-0.06533184998231466
G600,0.6992770122843722,0.0688739481388092
G2724,0.6994406664801531,-0.06282833604409477
G6962,0.6995417402137509,-0.05886363101456979
G6588,0.6998176061285886,0.06423931788460129
G7491,0.6998249538470384,0.06807950959662643
G6470,0.700308709570867,-0.06736276153559283
G5620,0.7003117386442657,0.0678278887746547
G4491,0.7008462693538797,-0.06738958909843511
G1111,0.7010364993172106,-0.06783693820943984
G2789,0.7014073238830207,-0.06433903410286484
G2688,0.7014518414678745,-0.07111960046280828
G522,0.7015068897563339,-0.06565528565586992
G4427,0.7018777458766718,-0.0673819750094223
G4381,0.7019386919777866,0.06434802989087822
G2418,0.7020498322719412,0.06728025666400085
G4344,0.7022607619784974,-0.06796939910691344
G4655,0.7024639809951021,0.06717163257405066
G1694,0.7025673266634128,0.06398985429506499
G2829,0.7026990280702445,0.0657748751852762
G7787,0.7029022151243972,-0.06306828483969383
G6856,0.7031494175189853,0.06607636408478818
G4972,0.7033930155192218,0.06817697139636507
G4606,0.7035031267100206,0.07066225812930586
G5018,0.7035647293436829,0.06778469340088665
G5577,0.7037798072586154,0.06818096225411722
G3605,0.7039019390120811,-0.06858338113720899
G1927,0.70408211819956,-0.06556934831014513
G217,0.7043786682200874,-0.06345899788342768
G4562,0.7043813082359853,0.06499238419121471
G7155,0.7044340859475787,0.06163921476384848
G159,0.70453282726919,-0.06696318837028399
G6195,0.7047450288977561,-0.066426160928716
G6001,0.7049270166311755,-0.06324407574308394
G4208,0.7050999875178077,-0.06562360313597489
G7652,0.7052895038317235,-0.069084817629916
G2770,0.7052974608889534,-0.06566849743546985
G2505,0.7055326132376238,0.06259904403112629
G3860,0.7055639273957124,-0.06762409897253065
G2482,0.7056637241192069,-0.0631434145289504
G124,0.7057490173336902,-0.060896107365053714
G6058,0.705931002750202,0.06448723777659648
G7543,0.7060322853264873,0.06171960578365611
G218,0.7060868081457867,0.06832429204222541
G7929,0.7061889591474344,0.06674066305323909
G3799,0.7062018280494116,0.06462507577277024
G1600,0.7063140589403986,-0.06753877774107525
G2600,0.7065916019486179,0.06386457537157933
G4811,0.7071803413881296,0.06714928106474694
G3466,0.7072931688501702,-0.06897011987147227
G6213,0.7073151913489903,-0.0650796365290757
G4850,0.7073649331598795,0.06388068002913368
G6480,0.7074916245349208,-0.05891880093539579
G6466,0.7076696178052628,0.05989251838669765
G3300,0.7079333333733093,-0.06596355639827461
G6185,0.7080105714934666,-0.066667524406991
G2187,0.7081558068981907,0.06482253976243699
G7298,0.7084076509151355,-0.06270151402733092
G5418,0.708590721218967,-0.06721281024353516
G2971,0.7087380385668125,0.0667718279272827
G6539,0.708851250566992,0.06677278225719274
G6011,0.7089147000133036,0.06398838089808438
G7905,0.7089977137622696,0.06667228930279726
G7159,0.7090661260845732,0.06693713136600299
G5636,0.7094765734149957,-0.061774989602075746
G1388,0.7094787256210817,0.06392380086606679
G7341,0.709545280598896,-0.06521917026693372
G6059,0.7099283081140957,-0.06202899228004663
G2720,0.7100239837413317,-0.06660969589728918
G4458,0.7100305735921271,0.06795463513252493
G623,0.7101670300879271,0.0712063736214861
G1869,0.7113128826518742,0.06569498746391536
G3852,0.7114872314862962,0.06651785031370601
G6670,0.7115048050896964,-0.06273034551807341
G244,0.7117227651336133,0.06370919458704315
G2286,0.7117246296814693,0.06329868863355889
G6052,0.7118659544379449,0.062028091261431745
G4365,0.7119908674878357,-0.06237599140821285
G4336,0.7122552987930717,0.06844957316039367
G3447,0.7123512336807722,-0.057475381069739956
G3265,0.7125371082017012,-0.06582339850426995
G805,0.7125903370828168,0.06430390433222465
G856,0.7127469839420135,-0.06354238794728082
G546,0.7127884725499006,-0.06851618218187813
G1133,0.7131090511270197,0.0649199591618929
G1832,0.71320553170119,0.05964755497059372
G3377,0.713356976123992,-0.06608673088594484
G3094,0.7133834247817216,0.06294286284010078
G2621,0.7135866494413919,-0.06237146618786022
G7850,0.7136905602364214,0.06384569248246622
G6171,0.7137082875577616,0.06014623189788535
G4110,0.7138191293874911,-0.05944806347417367
G772,0.7138723460916943,-0.058774644171338576
G544,0.7139980022073913,0.06328353316473816
G1255,0.7141769132438132,-0.06415308314253501
G6828,0.7141888798555802,0.0643393619467847
G5011,0.7142100182211559,0.06143360848956565
G2974,0.7142322371515994,0.06119889799691502
G2323,0.7142616975925966,0.06210666520883171
G691,0.7144679976163265,-0.06022748078877472
G45,0.7145682885065734,0.0655442952617687
G2950,0.7145941345395448,-0.06489987936861825
G1439,0.7149520453992915,0.06391850318929607
G4579,0.7150463008774837,-0.06354755548442806
G4319,0.7151521451149678,0.06456755302022925
G5594,0.7151824456086049,0.06774042541830995
G2263,0.7151915917745106,0.06228703544520631
G5049,0.7153663638373848,-0.06218980890430419
G5032,0.715417705864927,0.06363191888445156
G6629,0.7155814754072798,-0.06458085927760382
G5524,0.7155929540397676,-0.06317090653222875
G2550,0.7156053851438129,-0.06365163809971917
G3810,0.7156307210008237,0.0628515285731237
G3115,0.7156964154734633,-0.06283448313619101
G327,0.715969087765041,-0.06182024447411257
G4040,0.7159787073237776,-0.06417883507270651
G1876,0.7161311248060127,-0.06284225380441648
G133,0.7164323807977995,-0.061334860872002545
G5839,0.7164930845367283,0.06304839141149603
G6406,0.7165095026562596,-0.05893728209616636
G7886,0.7166673060950367,0.06107934299240533
G6261,0.7167710533881368,-0.06348501038539835
G4991,0.7168420798511259,0.06615579765066577
G2375,0.7168624263219343,-0.06362569768793996
G4473,0.7169577380214429,-0.06466942333466023
G1706,0.7170257247056158,0.061318546293588606
G6091,0.7170853025459345,-0.06401212579194179
G192,0.7171704361476408,0.06424574237058583
G1408,0.7171745758537735,-0.06522261287684536
G4092,0.7171747582112962,-0.06649146239559883
G5543,0.7171962385165882,0.06429296952251978
G988,0.717307671059094,-0.06229467874784714
G5895,0.7176851037254135,-0.06183477063598724
G1747,0.7177227945907535,0.060748484837992583
G6714,0.7180908875976171,-0.06317202632310202
G5412,0.7184502455352264,-0.062130483152556024
G7036,0.7184920731496631,-0.0636577489646403
G2578,0.7186973958993377,0.0643875707301037
G5990,0.7188517804565449,-0.06190908751326751
G3585,0.718862292910337,0.0596563280419088
G5444,0.7189539972340478,0.06362902464277106
G2012,0.7190770147913508,0.06330064254932632
G5649,0.7191094665113649,0.0668068935153184
G7741,0.7191814509768795,0.0647278562442929
G7711,0.7192264200292371,-0.0638386485265782
G4891,0.7194018924406,0.06590358166941902
G6079,0.7196314179077801,-0.06058203316753805
G5713,0.7200985029207523,0.06284376203336542
G2897,0.7201941788200867,-0.05895230210452873
G4608,0.7202246626852653,0.06381183758413808
G3614,0.7203116002273962,0.058656518940754715
G4803,0.7204314983988462,-0.06490815734672262
G5321,0.7206198689304804,-0.059677171312943825
G392,0.7206632443840091,0.062059088069415916
G737,0.7208461337961932,0.06626313747485814
G2378,0.7213700997198547,0.0587238966197071
G1689,0.7215359308908644,0.059795022906716504
G5158,0.7215746629512784,-0.06325648283396014
G7354,0.7217414168783384,-0.05978393020525193
G1622,0.7217735128906737,0.061135029629785224
G2430,0.7218082535080035,-0.06166874570949665
G7199,0.7218837434503205,-0.06472109393411724
G657,0.7224896517909639,0.06335168796540301
G4934,0.722941790250176,0.05994736893784515
G7182,0.7230237768177963,-0.06064539140634308
G564,0.7232784766081993,0.06433671000360107
G5714,0.7233424937950971,0.05930395338621906
G2992,0.7233592945114504,0.06312994381676315
G3332,0.7233715893281392,-0.05588924234914267
G2799,0.7234132640457136,0.05995482942094603
G5363,0.7238474957546142,0.06049883548504415
G611,0.7238519485607278,0.062239914924001355
G1293,0.7239273759322682,0.06377092137483334
G7653,0.724022440783954,0.059734953451238144
G4109,0.7243292368986249,-0.06086166214522683
G2326,0.7246150534377104,0.0632264768392346
G3216,0.7246853616644444,0.06079942293294571
G4312,0.7247708251603319,-0.06460892541413514
G6378,0.7248155261190293,0.06494865153480348
G4063,0.7252597588840566,0.06054804951680816
G7993,0.7255356586506833,0.05967925313920471
G3828,0.7256599820669565,0.05962577824138571
G1200,0.7257798847308146,-0.06210867176735906
G4682,0.7258796494079935,0.05687675890586893
G85,0.7259314133454173,0.062228405448585766
G6967,0.7259556652366708,0.06380083922254919
G5132,0.7260835829613828,0.061275409941952644
G7972,0.7263302173175418,-0.05931734885741951
G6412,0.7263573779883021,0.05876643123833469
G6221,0.7266265741279998,0.060943233347258596
G1554,0.7269467992021044,-0.06123677028282595
G712,0.7270835792530677,-0.05835365492533558
G1075,0.7274637472189195,-0.06250094988381069
G2658,0.7275551723767337,-0.05815007426251731
G7366,0.7276412764101323,-0.061380763031441785
G6801,0.7279281503421327,0.05729942146928204
G1525,0.7280829838451031,-0.06310453036351722
G0,0.7281443739657782,0.05903821597893265
G2618,0.7281503179839942,-0.060632532984850905
G4846,0.7281674848960343,-0.06230132863354257
G1556,0.7282753296889546,-0.05672255158647745
G4985,0.728448578750913,0.05833265142902845
G2580,0.7288607354181516,-0.05755445377693863
G168,0.7288803786091367,0.0568149360792007
G1891,0.7289772514412465,-0.05843370013540722
G1582,0.7289923736374384,-0.062046294621823456
G5920,0.7290829060942426,0.060739753163422734
G1011,0.7293525321825356,0.05612693742475454
G384,0.7294453575892472,-0.059264652552769664
G1587,0.729509599396167,0.059926761708927606
G4898,0.7296920948317829,0.062109344525245684
G3797,0.729794853312589,-0.05945449839634433
G5308,0.7301242169290757,0.06295529658391438
G7655,0.7306839793501079,0.05784711892666043
G7885,0.7306953507561651,-0.06451475110652993
G3396,0.7310107598919442,-0.05871080629093285
G7910,0.7310708742970333,-0.05993597271946575
G5350,0.7311807456079937,-0.06140800457137136
G5570,0.7313465380397648,0.05932738952095175
G160,0.7315173734619254,-0.05766417134767429
G7117,0.731529052872854,0.060990069941042335
G482,0.7315973157134569,0.05985080701956696
G7194,0.7317156771446649,0.06014866195241497
G4262,0.7319077518054852,-0.06019509414215288
G3301,0.7321717068763951,0.06174972477668434
G970,0.7322670417635968,-0.056698545440049514
G393,0.7323384793338719,0.05761620453850999
G241,0.7323985771253313,0.06208002386490921
G4111,0.7324991723693588,0.0548197954846881
G2202,0.7326166647783647,0.05578953738926596
G4413,0.7326895665543351,0.05904116172374761
G6107,0.7328535884560449,-0.06051361069895602
G5986,0.7330099767677604,0.06081884269001933
G6469,0.7330319079734569,0.06148214923823063
G5614,0.7331931746152116,0.06172828894947825
G7627,0.7332090855784896,0.05918076617422247
G229,0.7332920713794606,-0.06028867099633607
G101,0.7332941544504092,-0.05822847827203492
G2041,0.7334238347584394,-0.06046714867045557
G1938,0.7336526343337703,-0.05818572656496621
G7367,0.7337966303282297,0.05948709610675515
G2821,0.734420835522176,0.06047621442735528
G1595,0.734719407293436,0.06250190007322878
G2408,0.734820463426963,-0.05921755329695011
G1769,0.7348963324943001,0.058182398267396816
G1310,0.7349677600396344,-0.062426458969587637
G4496,0.7350489275990842,-0.0576008955882312
G178,0.7350802405727876,0.05755691478182101
G6521,0.7351605413588866,-0.05981993734425507
G5790,0.7355417094038308,0.05809435885057267
G3005,0.735724530332767,-0.05970788345151123
G7776,0.735817721904438,0.05740250027540808
G5917,0.7362430495893031,0.059085557609307865
G7774,0.736308773035715,0.06121252180330457
G6247,0.7364330161915007,-0.05847730094847925
G1944,0.7365731596772207,0.06174946420451775
G1813,0.7366129350293069,-0.05991642786842925
G7202,0.7367599632540882,0.06308865277134135
G2138,0.7370142012681399,-0.05648095596933223
G5823,0.7371441188102086,0.05873283224741303
G1302,0.7373169326976701,0.05897552791554969
G7612,0.7377135732771782,-0.060187255912025256
G875,0.7378218303982662,-0.05996183289955817
G2468,0.7379723481193123,-0.059279833705004385
G7307,0.7382163666112334,0.05487457828080336
G6145,0.7383008922709955,-0.05455247876922811
G2601,0.7383090917858683,0.05766984155897022
G3385,0.7384216402316168,0.05444362940172774
G250,0.7385091028063021,0.059067261128535345
G27,0.7385428544797652,-0.05965996318829013
G1994,0.7385684376378266,-0.0558595045515412
G6116,0.7387933629968161,0.05939306359883393
G1444,0.7389351757800875,0.06049454641012439
G4367,0.7389920444536959,0.0547472888475886
G858,0.7390163949319337,0.060542126420743275
G1433,0.7392709969908773,-0.05603361502884234
G3564,0.7392726211317212,-0.058554857968761455
G7321,0.7396102009951243,-0.059936200271450774
G4191,0.73978166358032,0.06018482122329866
G5425,0.7398218784719195,0.06035860776372756
G20,0.7399404878005802,0.05698177702661487
G4056,0.740165230694146,-0.05559474456015223
G4834,0.740190875241237,-0.05566512677113541
G3117,0.7404794805376052,0.05560476093515053
G4358,0.7406144960870362,-0.05824873226434138
G1059,0.7407058658288398,-0.056422456813733125
G2816,0.7407606629222254,-0.05732647218575321
G1396,0.7408305010169816,-0.05753932677603421
G3588,0.7408829436125763,0.05488130920025738
G3818,0.7411073614890484,-0.054144792640508026
G105,0.7411366052075872,-0.058364161354568345
G706,0.7414949845624107,-0.058942827768500954
G3206,0.7420403227910173,0.05921465018243374
G5373,0.7421436716895313,-0.05847987235363975
G6375,0.7425694362002975,-0.055268497032766636
G3479,0.7426022006890415,0.05884666936582638
G829,0.7428418915370467,-0.05713239168882168
G4902,0.7429168392967357,0.05820100667952606
G5030,0.7433405560904938,0.059978657337905444
G441,0.7435180278646505,0.05823836270380861
G7291,0.7440019111115856,0.057479020599956306
G6490,0.7440464485695317,0.052662383279914425
G6969,0.7441252657841083,0.056051339403513326
G3460,0.7443662028972254,-0.05976165116865722
G2417,0.7444929710646553,0.05859690511853234
G766,0.7445575139431697,0.053049469633672935
G7363,0.7445914300294865,-0.05765941537130824
G1140,0.7446140276281016,0.05727376499504738
G6425,0.7447805349544081,-0.057549561686969175
G2493,0.7448202325856221,-0.05597822614256917
G800,0.7449262242438295,-0.0557741863467465
G7618,0.745207139664855,-0.05512450423958537
G1636,0.7452843849586392,0.055609764496729136
G4125,0.7453075800931281,0.05427772984523294
G1183,0.7453114896283203,-0.05560806227770303
G1814,0.7453628483292247,0.05520557540409621
G7510,0.7455525727989551,0.05641145923472972
G7035,0.7455634963988358,-0.05732882827756557
G966,0.7456368117971734,-0.0555724128403942
G3405,0.7457538498475748,0.05605970137761179
G4379,0.7458015979117112,-0.05378039725509838
G380,0.7458431903260935,0.05622577226185309
G3963,0.7459071152395021,0.05628707686326011
G1666,0.7459466232262721,-0.05935199322493513
G4506,0.7462130219539485,0.0534050798739646
G5428,0.7463830200086563,-0.055259339767686225
G1607,0.7465146465683208,-0.05684183948705416
G7853,0.7468959671851163,0.05676183271320673
G3312,0.7469049250749713,0.05894153698953235
G1034,0.7470518681469622,0.05530088338827878
G450,0.7471993798707218,-0.05435822653860422
G4635,0.747224209713085,-0.054744804850159465
G3710,0.7472499866416888,-0.05184324586834125
G3046,0.7472914802950406,-0.05561600481005019
G5452,0.7472946290549816,0.057742666102487905
G1795,0.7472992244282423,0.05561189552626743
G1313,0.7473227433623764,-0.05731611292173043
G6499,0.7473807635429616,0.05366257731363021
G775,0.7475137012948772,-0.057032284245522855
G5468,0.7475700517755335,0.05520872377761224
G6364,0.7477053942859102,-0.05627157795032985
G6840,0.7482732717372422,0.05566888984505778
G6645,0.7483905391447673,-0.0564988713893392
G728,0.7484110655570023,0.055454584796985174
G2462,0.7484549279270425,0.053079917667922596
G5609,0.7485065098982784,0.055427272927823595
G1244,0.7485211254032844,-0.05537703970937369
G5914,0.7489777978202553,-0.05403002846022607
G2893,0.7490286809922451,0.054211783608484894
G4645,0.7490377837387354,-0.05321273080922519
G2983,0.7492380549070059,-0.051563062629304476
G1134,0.7492394371220543,-0.05652764433749885
G321,0.7493102699245472,0.05659199738712509
G2543,0.7495494890647995,-0.05600688554271125
G5759,0.7495786266075574,0.05693556985191034
G7793,0.7496708978834947,-0.054574571195630334
G721,0.7496880207261675,0.05744049478093647
G381,0.7497506460661167,0.054927350702192373
G2092,0.7498952195382316,-0.05472915711971233
G2675,0.7500194537008608,-0.05216910341779338
G5966,0.7502388346882011,-0.052555249942922266
G5242,0.7502702627614999,-0.05538232934251966
G7146,0.7503570800177513,0.05104894349056596
G619,0.7507532274873217,-0.05330377770939028
G3103,0.7508710201705647,0.05408461988208528
G6119,0.7510163385363001,0.054348372076203834
G5795,0.751024337565245,0.05415144515507607
G7921,0.7511079875193273,-0.05531822529067808
G810,0.7515119874123927,0.057729686694762646
G3933,0.7515887187927668,0.05619209952060988
G7156,0.7516820384728558,-0.050609637006333544
G6829,0.7519870306279072,0.058327162533649016
G2251,0.752077889784509,0.054920602230606616
G4819,0.7528533165714011,0.056704200236725316
G1240,0.7529176771567357,-0.053147953991272874
G6734,0.7531115530514216,0.05564570184578618
G4149,0.7538389587410035,-0.05516833790864739
G1445,0.7540642708774876,0.05365954144330991
G739,0.7541088187053312,0.055350945292251943
G280,0.7542223070502494,-0.05241778190322677
G372,0.7542519723548472,0.05621994638443958
G4814,0.7542635145871504,-0.052587361218489045
G2235,0.7542841048384007,0.05557906787169609
G7535,0.7542910802178318,0.05327891625764437
G1775,0.7544764809279341,-0.055511419530677036
G1104,0.7545909011163227,-0.05400127473124182
G3056,0.7548467340397038,0.056229687808798334
G76,0.7548965846623816,-0.05495281167714609
G2173,0.7549503226938361,-0.05233612918984552
G6943,0.7551476626196034,0.05509062973234233
G1503,0.7552394317921477,0.05344267837482572
G6667,0.7553811914233722,0.055268498657756314
G5792,0.7556760114079029,0.055111955943734005
G183,0.7559733919022612,0.05597986841758554
G4813,0.7560692680978633,0.05327517907138446
G1609,0.7562845079268952,-0.05463665406509355
G4821,0.7563912830425334,0.054313390539225063
G6492,0.7565671386685217,-0.053184950248360584
G7334,0.7566397744099166,-0.055803976784309366
G7089,0.7566807363699863,-0.05468900109285349
G1241,0.7569628648065616,-0.054270625937415586
G3677,0.7570187298000641,-0.05387057123066918
G4752,0.757265966274944,0.054370289057710616
G7224,0.7572897599894831,0.05107034386295822
G3507,0.7573047281609685,-0.05598837519463649
G7830,0.7574478726359939,-0.05153100356937206
G5248,0.7574496941914849,0.05336899594740388
G2381,0.7575879800742158,-0.05550485012891151
G5470,0.7576022111668923,-0.053475215328408515
G5586,0.7576443530106789,0.05394023062418659
G3260,0.7576954813412518,-0.04884753557978251
G3629,0.7577522506253714,-0.051183517369006226
G2043,0.7578731361550535,0.05345983855162559
G7961,0.7579205144075454,-0.05384709383918772
G5590,0.7580535495367136,-0.05038417561479995
G5681,0.7581637625764102,-0.05278314575279085
G3584,0.7582370350365557,0.057403999579392025
G1898,0.7582982883449193,0.055900131717478596
G1489,0.7584364335877336,0.051951464221660054
G7836,0.7585400629064774,0.054466516124551674
G1120,0.7587634834984092,-0.05714030326130881
G2907,0.758790197967471,-0.055142214460756206
G3753,0.7589480456279732,0.05369599586497173
G4881,0.7590363724085583,-0.05124723422244972
G519,0.759083483820383,0.05460160007033633
G6198,0.7593042046282018,-0.05235239711117368
G2372,0.7597043587632538,0.05267514888531248
G2479,0.7598025091208329,0.05157136434949383
G3309,0.7599423918570515,-0.05244786907396232
G688,0.7600671865789956,-0.052861344161344304
G1672,0.7601611528919548,0.05328339277451228
G6178,0.7602895955228177,-0.05524691585398594
G6899,0.7604669737377592,0.04920870496566723
G7092,0.7606305575933733,0.05127820854120815
G1859,0.7606511028629687,0.05339091356812903
G1041,0.7606904791699525,0.05175618595805162
G2295,0.7608245950557735,-0.05355869469231852
G6147,0.7610974505663475,-0.05376132727740683
G5427,0.7611996030676985,0.04816167794061513
G1473,0.7612239163907187,0.05030992076330954
G7713,0.7614263246274612,0.05149375581866876
G1874,0.7615090215660606,0.05279614697885662
G3941,0.7615217217977098,0.05318411572584414
G4637,0.7615868152425398,0.05296503529323459
G5266,0.761781967509198,-0.0536108351899741
G2664,0.7618178906113392,0.05177605189290367
G6813,0.762072923608471,0.0517816816895101
G4128,0.7620916407973302,-0.052460067676112304
G5572,0.7629983135760101,0.05133164511566686
G1347,0.7630864380537404,-0.048742806020316026
G7991,0.7631748261626836,0.0492140435805284
G7076,0.7632921646051894,-0.051850674695948215
G1372,0.7634178630098247,-0.051092837162145244
G226,0.7636445567845397,0.050630749903701845
G5930,0.7639959113024009,-0.0537187259303511
G6077,0.764085115737855,0.05359302631128557
G1742,0.764280932203615,-0.050262939062306486
G1459,0.7644593755160445,0.05362618576004825
G208,0.7646793118883566,-0.05270873272515356
G1925,0.7648677240972409,-0.05420149820684293
G4754,0.7649474732877886,0.050338862847593945
G3341,0.7650363117088035,-0.04978734068769004
G4460,0.7650483150757346,0.05268223101236549
G6280,0.765070352157451,0.054067603044477275
G1416,0.7651910605215068,-0.049671141633526324
G6391,0.7653227330669192,-0.05069203129796156
G30,0.765380391518444,0.0491838882538108
G1509,0.7655503392287566,0.0543639812180011
G326,0.7660389875442216,0.05261821794337412
G5863,0.766474918011399,-0.052359271357654925
G2419,0.7669177850911628,0.047425796176757636
G2788,0.7669708076193086,-0.05089406576168
G350,0.7674045065732986,-0.049963950238056345
G4792,0.767412273468203,0.04882763731493181
G830,0.7674280560140889,0.051524129618543364
G5319,0.7674955247628203,-0.0514598623647687
G1336,0.7676185790061008,0.054530683619852145
G7649,0.7678243730427139,-0.05049185729750801
G5244,0.768018867573466,-0.047172540405218996
G6041,0.7681794209351617,0.052552778847561495
G735,0.7685071640029107,-0.054014493511262966
G7235,0.7685981814038736,0.05062261396744226
G898,0.7686654531041154,-0.051802976598590664
G132,0.7687726903014195,-0.04852543040144142
G4549,0.7687846689926432,-0.052637146205232514
G4946,0.768966932614037,0.05130017232221348
G7828,0.7690846192489096,-0.051875048431953064
G2123,0.7690924472287443,0.05234924115475986
G3333,0.7693839274308202,0.050049329005770464
G6883,0.7694754926629959,0.050995701858800764
G3537,0.7696053165092703,-0.04545755334565833
G4831,0.7697069351110212,-0.05022919802909985
G6048,0.7700923227118541,0.049711125956774134
G7695,0.770096034014524,-0.05228101668010095
G571,0.7701142615273193,0.05212765640975761
G358,0.7704069344685583,0.050292649552790905
G3837,0.7709969855507925,-0.05069139801757469
G763,0.7712153832006037,0.05269520479543672
G3533,0.7712715535159519,-0.05160107020412901
G169,0.7714792955224781,0.053804476385788086
G1456,0.7715373415047402,-0.05048958636175925
G239,0.7715396470013882,-0.050753664955689726
G6982,0.7716049637162913,0.04975113602305561
G2925,0.7716972570549648,0.05265115683196533
G598,0.7717552716894502,-0.04821939244804836
G3050,0.7718129083645068,0.051043655761700266
G3508,0.7722046897538056,0.05217988145442632
G3580,0.7726694202821228,-0.04844240101702972
G3434,0.7727752993199908,0.04876927387414497
G2149,0.7728086370983318,0.05213926611396715
G5690,0.7730023301443827,0.05174553063915962
G5883,0.7733611764995619,-0.051430045897657484
G3270,0.7733880429846349,0.05224881484921373
G5875,0.7735390612776765,-0.0496918629772309
G5186,0.7736112759555229,-0.05006200824504788
G74,0.7738615100100243,0.04973015206439926
G6388,0.7740198805957773,0.05124167525944455
G1629,0.7741316118713419,-0.05102927049045534
G624,0.7742493708691507,0.0479891697454244
G1916,0.7742579881726737,-0.05042674341645873
G7317,0.7743250647288075,-0.05037600496855895
G5380,0.7744753270099032,0.052466350847542496
G6851,0.7745304465076066,-0.049686442119506784
G7371,0.7746055307931874,0.050312325624170776
G3465,0.7747335046564405,0.04812150963011872
G4981,0.7748378623973935,-0.049360738976203744
G7302,0.7748664230807303,-0.047416700818630496
G3955,0.7749297323069895,0.04679004865226613
G1531,0.775084913940476,0.05036637111795674
G4616,0.775224709853825,-0.05175857482167792
G7600,0.7752251316320499,-0.05160860092817467
G1122,0.775653345134529,0.050534726507921804
G1683,0.7758460089035186,0.05093000723330521
G427,0.7759871609115028,-0.048616660254014205
G5889,0.7760066507454545,-0.04957684902051745
G574,0.7762335907467298,0.050319402637170524
G1862,0.7762773600198335,0.052372305065939886
G7406,0.7763763848583991,0.05095356559420906
G3895,0.7766266122788119,-0.04917573998021033
G5316,0.7766738701656364,0.05340719662927531
G1280,0.7768985650138467,-0.0507275537451113
G532,0.777240154856237,-0.04968892117317112
G347,0.7773773213696595,-0.04995179609984761
G2168,0.7773781660198011,-0.047527615855916895
G523,0.7775805501042182,0.04906796593109601
G3500,0.7777157663029255,0.050612301450196205
G7844,0.7778568539086553,0.050399532453383585
G394,0.7783914864295807,0.0495533305861077
G7248,0.7784811836853348,-0.049713179432070785
G3889,0.7785893413352063,-0.05040937464542178
G6671,0.7786981894024649,-0.047228241676563434
G3859,0.7787059714957562,-0.0451137253214754
G66,0.7787148145199727,0.0481362431536501
G5517,0.7787455510918352,-0.04764551857490809
G4100,0.7793556743126228,-0.047731873961691054
G5310,0.7793694339243703,-0.05049148915967695
G770,0.7794354439156165,0.05064406521540858
G2873,0.7795012295059758,-0.04957350322844231
G6072,0.7796872970823725,-0.047937609601246295
G3761,0.7797567617776918,0.05141242014592471
G6416,0.7798146831968137,0.049953077598399113
G6209,0.7799134930557482,0.04736830514075438
G6144,0.7799249361845886,0.04887105031916307
G263,0.7799981320280374,0.04716946358981917
G2409,0.7800999227885144,0.04915443748797418
G2480,0.7802347870257555,-0.04689943651330409
G2982,0.7806087340738903,-0.04831737126708612
G5737,0.7806165298282374,0.04897346438272969
G5908,0.7806719682634488,-0.047598208339849825
G4255,0.7810528364084134,-0.046915903059327524
G3024,0.7811699299112006,0.04612939262948777
G1305,0.7814261359937965,-0.04761071411994682
G6073,0.7815733869277186,-0.04922145008422147
G7409,0.7817035324369286,-0.051324883112070965
G4698,0.7817388857379994,0.05116239504817649
G6200,0.7818275537769215,0.04701474913103299
G690,0.7823526985581727,0.047577016183839575
G3661,0.7826091828662253,0.049240261867359046
G3802,0.7828282824296289,0.04918977840015297
G1834,0.7829323733593769,0.04577665308928057
G2248,0.7829403842291158,-0.049695461306110814
G7935,0.78306130844748,0.04991840710837185
G2786,0.7835047775295781,0.05006708160961506
G2912,0.7835577136764441,0.04682132708855496
G2920,0.7835879409393981,-0.04954015135604827
G6241,0.7839568414490166,-0.047579330278326754
G6383,0.7841203398217256,0.046992904910919814
G163,0.7844770452582032,-0.050367656190167365
G4298,0.7847455445800297,0.04901144215461475
G3053,0.7850002853146598,-0.046990926650340395
G5311,0.7850430614514966,0.04956995257684492
G6747,0.7851166400079264,-0.04873151429592139
G4757,0.7853628097142512,-0.04574385302045559
G2734,0.78538730889723,-0.04570462208737694
G7134,0.7855517855669369,-0.04646434996946973
G6165,0.7859123043509565,-0.04868741921751613
G2765,0.7863311527681064,0.046983552965339445
G6821,0.7864872177321561,0.0464281934250374
G7782,0.7867178710663116,0.0467022991630916
G4171,0.7867445093313427,-0.049662273071649485
G3894,0.7868021453740162,0.04590637557567067
G7380,0.7868930329834185,-0.05148883916702595
G5815,0.7871764084398756,0.047821157249685
G422,0.787386518467675,0.046172079332468516
G2018,0.7874635156442377,0.04451024970052149
G1207,0.7875893242312832,0.04637184756390614
G2317,0.7876143515808707,-0.04626088437665313
G7002,0.787822792797823,-0.04917952494274142
G1490,0.7878959135640767,-0.044555485977031635
G161,0.7880937640451642,0.04700046898253767
G3995,0.7883389221209303,-0.048802723292287374
G1261,0.7884467736813604,0.04750895109318881
G7505,0.7885270213397175,-0.045867435271996014
G3571,0.7886826851627908,0.04517262895196923
G7851,0.7890917703352218,0.04469569310548621
G900,0.789254252619811,-0.04987100599332102
G4929,0.7892652267487644,0.043679581998667616
G4777,0.7895640617193307,-0.046697387565120735
G760,0.7899929216815706,0.044665053850129276
G3738,0.7902940925998114,-0.047448286061855416
G3014,0.790313929134496,0.04228916024438047
G2832,0.7904463732605799,-0.0480134029513961
G5145,0.7904837652237592,-0.04711542781511851
G6343,0.7906736742835307,-0.04755981443702481
G4003,0.7910164107539668,-0.04554724573272653
G563,0.7910316269014093,0.047225246272098446
G7382,0.7911852373218057,0.04644441505422304
G2445,0.7912671551900963,0.04487228765607277
G4733,0.7912728590875421,-0.04543109688524188
G6581,0.7914999093898019,-0.046248241841160984
G3410,0.7915349674369994,0.04681638584214286
G2338,0.7915704028549335,0.047010805008529916
G5528,0.7917521101268682,0.04418997540147334
G375,0.7917611811293991,-0.04491144654079789
G6151,0.7917697335661058,-0.04426408420399473
G2502,0.7919416739477074,0.04486376815044208
G6904,0.7920220918139127,0.04575578186713994
G418,0.792051287731337,-0.046898844779008846
G6076,0.7922271075160032,0.04478259898465462
G2906,0.792353089359305,-0.04380948965378354
G1749,0.7923564184179814,0.046700801942913456
G3364,0.7928731594072209,0.0453260610401685
G6334,0.7929280960879073,0.04787859334020188
G627,0.7929390314583551,-0.04454323357850315
G2357,0.7929492157352862,0.04491608902231457
G1941,0.7929866912718578,-0.0439671940752087
G5832,0.7930836993123177,-0.04517903874715163
G5402,0.7931541255890934,-0.04886944483690051
G1284,0.7931757811172488,0.0432754722159121
G4108,0.7931963754132493,0.04539252799820925
G5225,0.7933629828031834,-0.04115438453768635
G2839,0.7934268678810975,0.043414044272966745
G6531,0.7935899836375407,-0.04639694023325686
G7058,0.7937080397130565,0.04531855465426768
G5275,0.7937866649578236,0.0484059321421008
G5861,0.7938670054471216,-0.045866442969044366
G1197,0.7941878149402675,0.044576716468984756
G3120,0.7943838648305537,-0.04314830554949092
G4342,0.7944184141618078,0.046446935545362895
G6447,0.79453738764312,-0.04575729630503244
G2531,0.7946347178998177,0.04548771796304617
G2921,0.7946640824273452,0.04494736671770781
G5324,0.7948328502399564,0.04361369077828148
G1807,0.7948528493585301,0.04508742640578688
G2597,0.7950129889293372,-0.04108710096291962
G1216,0.7951069264090975,0.0477947508029707
G3415,0.7951491849318246,0.045008064515864685
G2229,0.7952605325830301,-0.04732475697993353
G1006,0.7955406385986479,-0.04588576123565258
G2183,0.7955496613906385,-0.04241558149663735
G560,0.795614135640965,-0.04498915700283093
G6717,0.7959320700840222,-0.04535023099333705
G7018,0.7960112553489036,0.04448887314635558
G3734,0.7962177379687803,0.04477868692251849
G2627,0.7963489582091844,-0.04483995423705979
G3013,0.7966578459077603,0.04403465954121566
G1335,0.7968508479261509,-0.043192283240721496
G1210,0.7969572140197179,0.045843276608544224
G1583,0.7975697559219885,-0.04640232754735427
G1659,0.797860203288441,0.045270046973457365
G475,0.7979784070380351,-0.04451975029386361
G165,0.7980423177487828,0.04632818408052696
G7839,0.7980671708400346,-0.04622161206661499
G1826,0.7984858636645478,0.04162252853105935
G2044,0.7985391377745468,0.04443992975977236
G6053,0.7986848621120446,0.04439421117670192
G7599,0.7987101116153047,-0.04182354148529143
G5119,0.798739487069084,-0.045701074435091166
G4124,0.7987447602117352,-0.0441215781032427
G6340,0.7988179496454203,0.043902168343361886
G4454,0.7989858624169077,0.04472101057082411
G2910,0.7990589988140585,-0.04232133413680751
G5255,0.7992850598116358,-0.04405803640254123
G4927,0.7993842100659775,-0.04502942456117115
G2141,0.7994451891425827,0.04321994709104696
G328,0.7996252385396776,-0.046329070474507746
G5184,0.7996540528005277,0.045345962305721736
G3174,0.7997208358566563,0.04342801809433648
G494,0.7998430507134323,0.045405464118346665
G5469,0.7999220055181265,0.04487919797653255
G2387,0.7999980502477293,0.04488837339627909
G838,0.8005980715701007,-0.04207418667171643
G1384,0.8006638400808568,0.04534182174169541
G1732,0.8009247196632322,-0.04351783006385096
G1112,0.8010055507748411,0.04427955622050317
G6556,0.8011240213384816,-0.043833898123124215
G7717,0.8012034354338716,-0.04350093140919774
G2583,0.8012746730323779,0.04306355202999798
G1108,0.8012752169280004,0.04439345251400108
G3293,0.8014352331423293,0.0430173058489246
G7869,0.8015253168724488,0.043702982410880845
G1563,0.8016356244995062,0.04336990804088612
G7135,0.801647636397116,0.042755723574197414
G846,0.8018148992218361,-0.03894850892618356
G554,0.8018909956433282,-0.04361734969167231
G3290,0.8019400692601415,0.04445597599529151
G1035,0.8019783702684746,-0.0410442000417496
G1762,0.8022776395952381,-0.04265946330499827
G7957,0.8024403273335253,-0.04264011933772563
G5125,0.8026503496235555,-0.04478599671224422
G4359,0.8029624578355458,-0.04491066468899021
G715,0.8031672863965207,0.043749116244984725
G4087,0.8032587814342002,-0.04087205848224176
G3626,0.8034535363191282,0.0440639646883267
G1278,0.8035355779313876,-0.044334406838863104
G3843,0.8035555040915813,-0.047447129859379315
G5510,0.8036554428165532,-0.04812570272202585
G2136,0.8038522090917277,0.042877042612736796
G1088,0.8038973275429722,0.045572055130869336
G6561,0.8039567964491502,-0.042833952739840385
G4634,0.803964696158664,0.043710511749468633
G7344,0.8041040926647364,-0.04511071210488812
G6994,0.804160403273079,-0.04442400067051064
G4582,0.8046376673886718,0.040265619059566646
G6429,0.8047408235032482,0.04222042267087778
G6773,0.8048005790828627,-0.042528418545775167
G6701,0.8048202677800389,0.0429493779905292
G6886,0.8049539553947023,0.043573611420238786
G2818,0.8051597672972615,-0.045403765031374554
G6568,0.8052701559780936,0.04548669449906671
G1260,0.8055983720421969,0.041550831207515695
G5849,0.8058272761075599,-0.04489729849563482
G4061,0.805830385371495,0.04223513320942726
G794,0.8062965635935622,0.0448874872976651
G7706,0.8065040666985165,-0.03888898653403815
G2207,0.8067542719176726,-0.041564505354116356
G3714,0.8067724849769625,-0.04522119491318531
G3227,0.8069078259485791,0.04353910777844777
G5297,0.8070418664517994,0.043626996662758266
G120,0.807052330252634,0.04485604876745347
G6061,0.8070947558546488,-0.04224658222909142
G2979,0.8071831046294569,0.041697003769339894
G1610,0.8073448587564473,0.039692807934677055
G5293,0.8074015892180724,-0.04376846235109128
G2356,0.8074248597217443,0.04040824993684086
G2174,0.8074294618291246,0.04271470247244552
G4187,0.8074864675851253,-0.04316513138676026
G7778,0.8075328837613028,-0.043902910842123374
G129,0.807770174315912,0.043608698706032
G2516,0.8079674272250876,-0.040878417503588504
G6162,0.8082288457156197,-0.043680089113487704
G2316,0.8083601774912417,-0.043127857949924756
G43,0.8084758001649127,-0.04271992703397616
G7151,0.8085337644345094,-0.04144824283312551
G103,0.809018563703037,0.04183036900484358
G3555,0.8090930050258668,0.04203284670898098
G2844,0.8091915912326277,-0.0427956162906175
G3634,0.8095235094291127,0.042701584029957655
G4772,0.8096207253820571,0.04060945774748165
G3495,0.8096996044878562,-0.04450507229739838
G6022,0.8099161951691514,0.04413928574172536
G7479,0.8100157781760926,-0.044023373002924755
G4503,0.8101078703143972,0.03844936462413768
G1461,0.810184999125864,0.03558241561353562
G4980,0.8102180910333378,0.04054033307461425
G7758,0.8103956347387833,-0.04175559052582531
G650,0.8104199374398436,0.04329861617169457
G6430,0.8108313655956317,-0.04101528414030195
G6979,0.810914157982184,0.04124242462784265
G6797,0.8109362162891453,-0.04080506753205473
G59,0.8109607222219894,0.041948197242820714
G3552,0.8112112453418016,0.04162538080154215
G6587,0.811365229663351,-0.03941647158720471
G6350,0.8114609098705757,0.04090132915144453
G788,0.8121358927284121,0.04015605666420012
G3815,0.8121712865482317,-0.03822475216670482
G3707,0.812273742713099,0.04279519828942579
G3413,0.8123093882828758,-0.04177495055290777
G4114,0.8126227175277994,0.04042584053381977
G5054,0.8128729562573341,0.040112016655981256
G2797,0.8128884623075326,0.04058631604044468
G142,0.8131369818934286,-0.038803162229641856
G7416,0.8131448555829077,-0.041592473245552604
G7424,0.8135347058716876,-0.04077910756501506
G6868,0.8139050581500626,-0.04136038545198469
G6958,0.8141720313192146,0.04418431441427237
G1981,0.8143490321839716,0.041606052992671394
G6163,0.8144166950706053,0.039938060940601434
G1426,0.8145939601563785,0.04366212901949244
G2702,0.8146065618101692,0.04221885972056448
G323,0.8146315100307716,-0.038624190760800335
G1266,0.814692339141051,-0.04130657345432294
G4285,0.8147114863423996,-0.039939866810641364
G2266,0.8148961397566906,0.0410850865295455
G6405,0.8150814122943556,0.043718596816550895
G4155,0.8152472145489695,-0.03986973508102575
G5928,0.8153786924504058,0.03975340197055867
G2815,0.8154132695197488,0.040215575995777145
G2956,0.8154165396593452,-0.038365660572242735
G2683,0.8155562240221435,-0.04372382805215887
G2689,0.81575680759244,0.038147562201597665
G5612,0.8157951045894957,-0.040875999532503364
G3201,0.8158466859944424,-0.04167062432336399
G865,0.8158538922815673,-0.04316504819191372
G3009,0.8158880646367915,-0.039889856562247084
G6173,0.8159443896675539,0.042600342612322734
G3310,0.8159647170313512,-0.04148862399836731
G1413,0.8160336466638977,-0.040628899538689506
G7439,0.816056095199606,0.04098812858176563
G7486,0.8160658367041893,0.040681542273356464
G1661,0.8161223101354587,0.039667945543218314
G4872,0.8161530745108639,-0.04045723558626271
G7642,0.8163304292859214,-0.03914128630434652
G5905,0.8163449881888873,0.03932158878725006
G1570,0.8165499464993758,-0.03762253274693345
G1338,0.816715420331296,-0.04118294121284548
G363,0.8167260023947469,0.04075668421282872
G3173,0.8170583456500464,-0.03836402472226952
G4551,0.8171170536516521,0.04297561268027592
G4404,0.817200609406572,0.04085643849290389
G5613,0.8172409502345526,0.040538101053374354
G632,0.817269319674908,0.040150446832693226
G7142,0.8175023047357283,0.03900194385131436
G3212,0.8175413906199482,0.04041090601334078
G4835,0.8175749936657422,0.035982219251824085
G1917,0.817659641975156,0.03970046824937874
G3831,0.8178043527207908,0.03860551317171869
G3427,0.8182095242789481,-0.03978793368786289
G2614,0.8183387586344482,-0.04099992936173717
G5129,0.8185520957730192,-0.040489604424330174
G2628,0.818639177745192,0.03862462893484941
G6488,0.8186966356817222,-0.03938597564260107
G4308,0.8191281436771367,0.03895258987904471
G3326,0.8193766261012224,-0.03926410188339294
G1027,0.8193775377827476,-0.038240541695121116
G1387,0.8194610180754234,0.03941815424946518
G7896,0.8194809374856713,0.04134964250565235
G4050,0.8196741430317889,-0.03989895526192207
G1040,0.8196902879126353,-0.04062920701345807
G7309,0.8198383032074069,-0.04126238087648648
G4138,0.8198767803078472,0.04162265377385245
G305,0.8200549366648701,-0.04222543414535941
G3977,0.8201164206176093,-0.038853052936800636
G70,0.8204380491903438,-0.041642734502475055
G3885,0.8204444369270272,0.04177879594787589
G2477,0.820872004593364,-0.03985448912875483
G6166,0.8209063488554895,0.03766346350344497
G149,0.8209140745095611,-0.04127930924344316
G2287,0.8209967419205527,-0.0359028742775688
G5177,0.8211314093451423,0.036612888105558475
G4694,0.8212018739644822,0.04073305292901306
G6203,0.821285881239708,-0.041125156202283984
G7054,0.8213805502929552,-0.03924450189408383
G4939,0.8215390559475823,0.03777360190590785
G2536,0.8215641244822574,-0.040841046864823906
G5659,0.8216549404985016,-0.0395761493823239
G812,0.821742530018403,0.04116490414020834
G2456,0.8218460471648789,-0.0394444748964108
G4210,0.8219540437711271,0.038500733248822576
G6606,0.8220714633327748,0.03974481840640404
G2157,0.8223367848563226,0.039540038065763033
G6239,0.8224378548214581,-0.04118415417031594
G7595,0.8224475999043492,-0.04032162553029414
G5384,0.8226671256160712,0.04145289628139824
G2986,0.8226801636988841,0.04172811902323167
G1307,0.822697527663043,0.03801049265196803
G7930,0.8229115795587776,-0.03807929515410373
G6186,0.8229674643227172,-0.0358900021093773
G819,0.8231628479428019,-0.03929995354001039
G2847,0.8231790816864902,0.04127596974843168
G16,0.8232491386058718,0.0388125272231034
G7368,0.8232717004098917,0.03859215177037031
G2336,0.8234890280473501,0.04010037070109919
G7400,0.8236971686075685,-0.03554344365339307
G1746,0.8237301395732264,0.03984067680252763
G1311,0.8237358117894831,0.03870038376232453
G3476,0.823769532782004,0.03841323297614243
G5482,0.823785512313702,-0.03876831214451166
G7251,0.8241216992002909,-0.0367457591032202
G3496,0.8241527581225366,-0.03980932234199119
G5672,0.8241923476059554,0.037238305127288
G5921,0.8242017885498581,0.04025785812148388
G4661,0.8244311501551256,-0.036241902973630946
G7527,0.824616599174516,-0.04152890227137419
G7716,0.8246314553819406,0.03721211049284846
G6605,0.8250331882022839,0.03859027667856883
G38,0.8251716954751092,-0.03723141455241696
G5903,0.8253640376655466,0.03827715485591045
G7767,0.8254336222313914,0.03803765207325223
G2902,0.8254354441686245,0.03933054628347
G4867,0.8254898517360691,0.03785933967042551
G7708,0.8257272077503834,0.0387370755722374
G5665,0.8257425460064801,-0.03903039982730952
G7916,0.8259908427341636,-0.03974395598425762
G2693,0.8262795164778385,-0.038559507013640484
G4369,0.8265506198742598,0.03547867818790094
G136,0.8266925131300756,0.0386953307864361
G2808,0.8270021177231717,0.03903083661069348
G934,0.8272061424882932,0.036726420817423194
G1764,0.8272570695038013,-0.0366283844366872
G5530,0.8274296271187261,0.03677737295103566
G4465,0.8274332209467098,0.03711194926062693
G102,0.8274358425040307,-0.03910237491485535
G1164,0.8274631661331298,0.03746780285844021
G4055,0.8276258555364734,0.03854357619473629
G3369,0.8276993720071318,-0.039042136084778016
G1172,0.8282029890679201,-0.037827597687887904
G2540,0.8282422056730132,-0.03919230602550011
G915,0.8283090743358057,0.037687078244296936
G2147,0.828655085547283,-0.03748197617816889
G7812,0.8286781574391112,0.03683555013657559
G1779,0.8286798222364542,0.03566558347277571
G5515,0.8287871524461148,-0.03806871505437118
G3491,0.8288011420075785,0.03691321068295267
G793,0.8289618654833475,-0.03581252895381759
G7260,0.8294018748839107,0.038463500148565324
G831,0.8295400509315919,-0.03787969850826946
G7169,0.8296040040041471,0.03712851467012833
G7724,0.8296502365556416,0.04050545636995037
G1270,0.8296568982833517,-0.03859332979827408
G539,0.8297320985545619,-0.03646655398164578
G6861,0.8298865736220331,0.03739642506117817
G7743,0.8299114518268893,0.03895388238351638
G1824,0.8300825400500349,-0.03588432593017709
G2332,0.8301791816388153,-0.03775279025016214
G3011,0.8302144935682908,0.03702548930325854
G2255,0.8303009804595506,-0.03694811057179591
G4246,0.8304959255064607,-0.03623839401858901
G7924,0.8305027856434503,-0.035919454232334724
G2576,0.8305377389304766,-0.037270593726039004
G2674,0.8305541789737939,0.03740497641767914
G7926,0.8309930271796011,0.03760750905413449
G5717,0.8310396439045362,-0.03531263262664518
G1055,0.8312153096517946,0.03818609022573681
G4488,0.831419543199787,0.03609757660423968
G6993,0.8314394341794602,0.036509886535168096
G787,0.8316034024004235,0.03528712439828741
G4778,0.8316633865475026,0.03688379925546135
G7372,0.8316989206540142,0.034214214211797045
G7860,0.831742830922106,-0.03875671636770717
G2385,0.8323804194729594,0.03711201969476716
G17,0.8324966412869866,0.03787829908650531
G4763,0.8327590014954662,0.03580869435652595
G3284,0.832782766764674,0.037711645456406734
G5163,0.8327851654210732,0.03716937764738582
G1787,0.8328333993533397,0.03459585561368272
G7458,0.8328981624108184,-0.0371339294656747
G7324,0.8330175049360089,-0.03886942927313282
G3145,0.8330496144488054,-0.03703679800606167
G2186,0.8330942512738592,-0.035757534198676576
G4660,0.8331405168395581,-0.03812338351794285
G2760,0.8333216360121469,-0.03968520896442808
G7064,0.8333764839469971,0.03528845311319351
G679,0.8335048533768498,0.03978093942044329
G1267,0.8340323579390386,0.03568371811163064
G2530,0.8340748036572134,-0.03354985938599118
G1748,0.8342979668250788,0.03571652899013453
G5061,0.8343339785863096,0.03400099917784832
G5108,0.8345086979963108,0.03575588012021139
G131,0.8345226349485675,-0.036682676529316297
G6258,0.834661979306814,0.03574821388941885
G426,0.8352208485381025,0.036585044432661556
G5281,0.835909825467216,-0.03592817342319058
G3022,0.8359285167199467,0.034020390051045415
G2270,0.8360506350420973,0.03764910488885924
G7986,0.8361038229570259,0.036052722615214125
G2726,0.8365235348174157,0.03540939840111189
G6404,0.8367459557653124,0.0360334861046655
G2222,0.8368855942960394,0.03565208152853854
G6754,0.8369806345891068,0.034205096233640424
G5647,0.8371603061107704,0.036844066581574096
G3528,0.8374836801586258,0.03345662071139546
G6704,0.8376255393054884,0.03485985394200282
G1,0.8377437895620958,-0.03770879219045348
G4107,0.8382517232572806,0.033603242487014684
G487,0.8384260256049827,-0.035719752010004435
G4471,0.8388144874258876,0.036823759097724895
G2195,0.8388264376886967,-0.035822154457348036
G2752,0.8392361695203452,-0.03500763886823534
G1422,0.8394876520977534,0.037896136003966074
G5538,0.8396394100844505,-0.03596886168067985
G7318,0.8396577461790923,0.03611457815720726
G5768,0.8396666123156009,-0.03640916396013077
G7704,0.8399998980025405,-0.03703663464164522
G3459,0.8402504760632478,-0.03513745068237027
G5389,0.8412325360663742,0.035929897203275704
G6751,0.8418509647561963,-0.034599224424086104
G1044,0.8419180190607205,-0.032217255421686714
G4126,0.8419292641662817,0.035220726189470204
G5053,0.8419466919809337,-0.034228873709897266
G6477,0.8419501722566927,0.03390212912885876
G4952,0.8420886687129602,-0.03318621519426279
G3406,0.842305269151073,-0.03535576495065226
G633,0.8423496947598774,-0.036174286946029886
G2836,0.8424460556323137,-0.03348190938396718
G1082,0.8425392350595904,0.03690930490847248
G4585,0.8427557542525057,-0.03295051744369342
G7835,0.8429856335657862,-0.034608490377175866
G6026,0.8431008069743761,0.03431825871319068
G1290,0.8433504838644381,-0.03618543479266455
G5745,0.8433864980391466,-0.032538125495352725
G7750,0.8433946821496321,0.0334211585950121
G3921,0.8434762976486656,-0.0351006616080346
G3390,0.843594587319025,-0.03444170233002064
G3965,0.8436737505897164,0.03599619647268178
G2991,0.8440462396690288,-0.03234563704510357
G6870,0.8442895767879885,0.036040218247891706
G2845,0.8443499037844605,0.03399152916827447
G7894,0.8448760903713031,0.034378906930242675
G474,0.8449685372676214,0.032937656522994255
G292,0.8452426291968741,0.034328563794471904
G2307,0.8452435109636511,0.03217457339066825
G2554,0.8452531657411992,-0.03203990743006731
G5169,0.845302431307219,0.03424394304089487
G5463,0.8453762177651711,0.03375443427844935
G1414,0.8456478279054952,-0.035092832240070045
G5105,0.8459914874888603,0.03552420803397365
G6703,0.8461498434150121,0.03564357165995591
G1056,0.8468650852369535,0.032748119288270594
G1022,0.8469342835291079,-0.032097760571567636
G7113,0.8470695156720184,-0.0353558339774882
G6417,0.8470937104520049,-0.03419907426096535
G6152,0.8473760000561092,0.034683671612703144
G6730,0.847457521007986,-0.03453527716767334
G7160,0.8476061973504491,-0.032489201074139
G6954,0.8476511619934043,0.033163894529392904
G1864,0.8479170372400625,-0.03359565444655303
G69,0.8479643109236699,0.03424517047251581
G3666,0.8481339117390003,-0.03222235648531349
G6896,0.8482657758622667,-0.03553677081493909
G7949,0.8483816252127078,0.03456944935447319
G4323,0.8483840960070973,0.03453070988836712
G4494,0.8487190428532339,-0.03187074784896339
G4785,0.8487406562760849,0.03441908267477431
G1885,0.8488773408092725,-0.034970078160564126
G3784,0.8491596711541861,-0.03441651443220184
G3546,0.8491842440709185,-0.03137565451278161
G1830,0.8492654659883405,-0.030450346509969452
G3197,0.8494312673858423,-0.033171406060811676
G1077,0.8495226117120369,0.03337751954065637
G2354,0.8496103758849425,0.03531650022854303
G5604,0.8496247383965053,0.032955306271208205
G756,0.8497180900591906,-0.031203595955599447
G6461,0.8501102478529455,0.032001972165621936
G4636,0.8501422377432017,0.03301073045132772
G2868,0.8502384951378429,0.03312999211311578
G82,0.8504682384920212,0.03343137847794774
G1721,0.8506328764377864,-0.03215050649106846
G6297,0.8509058895579007,-0.03226583090490212
G5965,0.8509576790061073,-0.03058250556925325
G5261,0.8510121468072503,-0.03428344685059097
G171,0.8510612556298506,0.03305809145300494
G4836,0.8510629588517605,0.03135091234245554
G3768,0.8511212350155419,0.03220052053199001
G5494,0.8511488020613273,0.03355408254633243
G6659,0.8512284349922217,0.03295195954590042
G5931,0.8513016672957529,-0.031606898583970644
G1211,0.8513782296693575,-0.03216340660391618
G3862,0.8513987441417008,0.030732438774661978
G5983,0.8515065422703632,-0.03442479467901732
G5057,0.851706218740864,0.03350717170905994
G6541,0.8518716725370562,-0.032957253012081
G5493,0.8522861013393135,0.03251429324694135
G2780,0.8522997624160477,-0.031590844810616775
G4910,0.8526207664436719,0.033765208644432027
G3433,0.8526844412138843,0.03390465540958144
G5519,0.8528722758217413,-0.03319718215864509
G2903,0.8528868280501216,-0.03411519252649503
G7478,0.8529171052608179,-0.03353850013993631
G443,0.8529936010449188,-0.03176821043006406
G5533,0.8532005513242615,0.03212983835119103
G409,0.8532142692905031,0.029941298532559057
G7538,0.8535401472309989,0.031760782437123
G7286,0.854019761018735,0.031139905033094953
G7877,0.854023834391603,-0.03231628042131508
G662,0.8540576306413985,-0.032371284324029304
G4595,0.854128459437586,0.03170311392457141
G63,0.8543870153654546,0.03208218246145099
G2875,0.8546657559848954,-0.032233029225210236
G2622,0.8547131960543557,-0.028629621293149513
G1920,0.8547638284945411,-0.03111311527584745
G746,0.8547827920015812,-0.030544644603354296
G1403,0.8550831751753355,-0.03196656577495593
G5435,0.8550923802468293,0.03277137914017429
G4720,0.8551221869232168,0.030011378231439095
G3463,0.8551691916232474,-0.03212776069592993
G6929,0.8553543169279781,0.030399711695926944
G1281,0.8555298779760868,-0.03202288242685151
G3234,0.8555318015146304,0.03086481438882195
G5192,0.8555687277130581,-0.034806682038439576
G1295,0.8556726704260047,0.03007242132269705
G4707,0.8557499299910556,0.031739969347849055
G6266,0.8559359192025442,0.032690924437807065
G4597,0.8559541093864316,-0.03157509227073861
G1643,0.8560850182052053,0.03224413056461671
G7187,0.8561044740250076,-0.03322033294100046
G5993,0.8561480434831947,0.03124051643719733
G2230,0.8564641341901882,0.03139474982233531
G6448,0.8565500889098866,-0.02953520491115358
G6833,0.85664460074131,-0.031178031197126154
G7279,0.8569125052787495,0.02966589718783224
G992,0.8570271121424038,0.03193397479200948
G6321,0.8571763991017607,-0.033270654118041074
G5566,0.8577175653478406,-0.03251355191331021
G2250,0.8578642237753615,0.032019961561633045
G5542,0.8578850700762596,-0.027744892522981734
G4904,0.8580221419517629,-0.03010244071883289
G2911,0.8580792614150179,-0.03300573981781908
G5268,0.8580955680659756,0.032109795786263454
G4116,0.8581811288298958,-0.030811076018962658
G4725,0.8582548786955683,-0.03164719447435385
G2290,0.858536084548302,-0.03258654528489265
G86,0.8587647090106336,0.02953117578952813
G785,0.8588636181452735,0.030483056803811595
G6698,0.8589064272337423,0.029826534982573122
G3027,0.8590869917926341,0.02894494139342889
G4032,0.8591102888320439,0.030714253153202073
G7191,0.8592499067310316,0.030825552107347456
G5866,0.8598675238294877,-0.030652445577985476
G5944,0.8598736129024174,0.02901044086016103
G7385,0.8600889908564795,0.030591998953049728
G4878,0.8602010291192136,-0.03145993824366991
G7154,0.8603878179704947,0.03133961445058062
G7748,0.8604187203108179,0.030857253999720058
G4968,0.8604196847272081,-0.03153020238934282
G3506,0.860445813268187,-0.029339891467022518
G5080,0.8605255638911952,0.03006526412101644
G4057,0.8607631123884727,-0.02932983603943856
G2391,0.860988706473924,-0.03211987231675105
G157,0.8610216391686873,0.029613769282949624
G2692,0.8610877411183656,0.03148799621636299
G262,0.8611866810422334,0.02929461932275665
G6149,0.8612642669695197,-0.02920717216080655
G617,0.8612931984036257,-0.028686368951007103
G5138,0.8615992884782037,0.03172638358778559
G4273,0.8617102065575977,-0.02881538427057192
G7907,0.8619653204278662,-0.031002864757348106
G6934,0.8621548029284274,-0.03208787886298006
G874,0.8623237746903047,-0.03179293753479659
G1424,0.8623968920514724,0.030152064445254468
G18,0.8624285379970168,0.03055264041687933
G4332,0.8628141726648543,0.03009019717678097
G2083,0.8632326830947825,0.03142565643383168
G7027,0.8632364940021503,0.031073164550833657
G5024,0.8633105244226569,-0.028955242121920834
G7167,0.863334537205843,0.030866720676347235
G4406,0.8633581377556403,0.03131777910821273
G7728,0.8636042763005392,0.029282418331370172
G584,0.8636694603381336,0.030293836051094338
G4051,0.8637471472975516,-0.031166511647293976
G6019,0.863846987931557,0.031313725463019686
G1448,0.8638582854776536,-0.03063114072620988
G225,0.8638687906189672,0.028910784260588844
G3953,0.8639739366608141,0.0293763816711428
G1827,0.864128467424072,0.02696564628386981
G2438,0.8642963791431403,-0.02983162623347782
G6087,0.8643459812225666,0.02678645345835129
G1250,0.8643927066117898,-0.031191449851637083
G5059,0.8645948335843913,0.030037162246720345
G7060,0.8647663453559151,0.02684169690624235
G6601,0.8650039821355949,0.0303538408598944
G4129,0.8650519329121719,0.030713831400882186
G1586,0.8651807350709042,-0.031285726342597485
G6377,0.8654883398745735,0.028348884092450413
G2586,0.8658767471411863,0.03027190858520663
G2059,0.8660461946394822,-0.029694737469133297
G7703,0.8660917193433166,-0.026738074463431356
G3562,0.8662330801333825,-0.03002051313875968
G2640,0.8662516892952934,0.026863530023931548
G796,0.8665599145389526,-0.02826738581319757
G5763,0.8665658814178187,-0.029064861961393747
G7436,0.8666091784792793,-0.0263986084861696
G3557,0.866656318976437,0.028926062422698323
G3713,0.8668774174035104,0.027612777478658722
G7046,0.8668795617145991,-0.028609898537706718
G3771,0.8669710234715289,0.029138945944734772
G2017,0.8671392047044649,-0.030301204920852885
G689,0.8671465351559009,-0.028966252733142087
G7193,0.8674518251397842,-0.028348817507846895
G1029,0.8674573876967427,0.027577892626708643
G1866,0.8675177075142869,-0.02934585698126059
G5473,0.8676301196654417,0.029123260103069856
G7942,0.8676398949465992,-0.029472056729801077
G5224,0.8676902733338109,-0.028126545196424747
G7425,0.8678061227681372,0.02785790955287569
G4728,0.8678382682643191,-0.031042640377898615
G5727,0.8679696594684894,0.028660949579901424
G4394,0.8681329916657736,0.030310201022296854
G5497,0.8685238177826072,0.028459088754276447
G3110,0.8686106955278159,0.030612326419553
G457,0.8687051820774458,-0.027417999241898375
G5868,0.8687054580295486,-0.028863797233586425
G3237,0.8688031475147547,0.02878648226980086
G4370,0.8688204837947303,-0.028126388843477578
G7102,0.8690945914229171,0.029249109773079436
G1713,0.8691038225593359,0.028341760703429537
G6379,0.8692080276571404,0.02698777510959175
G731,0.869212191640698,0.02823789580870944
G4793,0.8692718484473868,-0.029760252503828664
G25,0.8694463290459776,0.026914374793054745
G4509,0.8696922475671032,-0.027355754849911505
G2835,0.8698243376674333,-0.02727740535740191
G2020,0.8702982844981859,0.029744833921702345
G2781,0.8703920611839742,-0.028841930595431435
G6276,0.8705444522416947,0.0289961328623117
G3322,0.8705603241861406,-0.026583448577800886
G2491,0.8713497224439928,0.029383286785544235
G6271,0.8714591260844333,0.027452461883575776
G6683,0.8716965587420258,-0.029177083395811876
G1835,0.871820607611695,0.027913295612401783
G4174,0.8720328626636308,0.027671812778111177
G6371,0.8720959132973769,0.030028288709759363
G6024,0.8725416712077245,0.027062259296682267
G6925,0.8725600313092763,-0.025751687212327554
G2346,0.872701023397042,0.026580476576714782
G5963,0.8727110549392836,0.028059060918421048
G1931,0.8727954798448359,-0.026496739799498972
G6500,0.8729160915151637,-0.027935734943036594
G6422,0.8733081398612084,0.02839407156233889
G1065,0.873323272794463,-0.027763739911663532
G2581,0.8734599564931044,0.029176050989988808
G2231,0.8737468902801155,0.02921882411146371
G7233,0.8737801010830737,0.026790483886608134
G7013,0.8740485075922854,0.02787514476654348
G360,0.874048958978209,-0.028022463642214043
G6526,0.8740810808192172,0.02709944738239168
G2272,0.8744465906059489,0.026682494540010326
G526,0.8745422759969366,0.02702824857048597
G4459,0.8746241164247048,0.027638694405524973
G2226,0.8746783392753807,-0.025263899240873716
G4189,0.8747669527473775,-0.02672592406292061
G4324,0.8748352058354738,0.02654339010891482
G7234,0.8753457409596878,-0.02622859144145758
G4508,0.8756035978193552,0.026717453276214505
G3264,0.8758984414540323,0.027077980925065102
G5955,0.8759772406403484,0.02860046270126259
G2333,0.8760702926421946,0.027396634233138022
G3783,0.8761162063840164,0.02595997776408972
G4862,0.8761782489767609,0.026930964852191958
G1406,0.8762353704934683,0.026572796380183915
G6668,0.8765575746218467,0.027492340566440374
G7865,0.8765588124220437,-0.027881849151527666
G1142,0.8766753639993661,-0.026475281321251543
G651,0.8766794021352547,0.02754016958868239
G4291,0.8767398428505117,0.027376959804506912
G1844,0.8767469162882937,-0.026329062373825964
G1547,0.8769501026724209,-0.026994470501019177
G2518,0.8772006772246632,0.024414274316702067
G58,0.877251529329155,-0.02786739153834296
G6968,0.8772965085688262,0.02882829894174979
G6169,0.8773336525848656,0.026570080034118017
G1252,0.8775900161508902,-0.028144076477996265
G1698,0.8776806761499099,-0.025187682961038113
G39,0.8777919963885161,-0.027039510238285516
G5818,0.8779330196324853,0.027164329656308085
G4883,0.8779407083590338,-0.0253663081936149
G2404,0.8782895909183582,-0.027413978268236754
G3085,0.8783591810409198,0.025777426457676333
G5154,0.8785502768391436,0.02622032692117053
G4935,0.8786470803270419,-0.027991973858797814
G138,0.8787635961026417,0.026309104184367653
G524,0.8791504922608095,-0.026597924517948415
G1670,0.879197780322094,-0.025619169234639222
G2933,0.8793627818296013,0.02543573457158793
G2487,0.879551486913967,-0.026760677541618406
G7902,0.8795743445249179,-0.025903349442750807
G1286,0.8796216826058494,-0.02730472582633728
G379,0.8796423683837105,-0.02592227939622959
G1370,0.8799528491117645,-0.027039358570183514
G1402,0.8802256766998259,-0.026519733174483605
G1788,0.8804261918482481,-0.028133753102690576
G4593,0.8804333759194186,-0.025094451488610028
G5052,0.8807081566470154,0.025527569485354527
G1333,0.8807890638354738,0.027131432591138684
G5151,0.8808020832457765,0.02603019491019915
G5747,0.8809156779698237,-0.026818815063655778
G2388,0.8810445132050195,-0.024723223111966966
G7764,0.8811283837873279,0.026428607071646626
G4945,0.8811734076030805,0.026644458761496223
G7883,0.8812198813176033,0.02770155164070473
G3651,0.8813317573792241,0.02569015892954609
G2926,0.8815124311308711,-0.02553676896821124
G7744,0.8816406042513367,-0.02736890346828052
G851,0.8816490661338015,-0.02765329403254925
G853,0.881706537901109,0.023989629764794535
G1346,0.8819407947904443,0.02687899140976276
G1400,0.8821070427918929,0.02554876380159987
G3790,0.882121763262872,0.024110387994330216
G1766,0.8821410827842124,-0.025597736958238866
G5358,0.8822323867117071,0.026228320737272725
G7455,0.8826812226679009,0.026601442558501838
G3075,0.8828588901656313,-0.024793256042226958
G4221,0.8829136929652429,-0.02491088781896563
G2271,0.8831190517581949,-0.026881809235005286
G6731,0.8831669284973431,-0.024795665286136647
G6823,0.8831865188074264,0.026127093730817647
G977,0.8832023924661923,0.026480246756973365
G5210,0.8834671539121411,0.025245997852817136
G7858,0.8834816359474945,0.025461759818727763
G6662,0.883593164676656,-0.02427549238683535
G5702,0.8836622228748249,0.025949130949096927
G4242,0.8837090224310389,-0.0240911054313504
G6501,0.8837157171589969,0.026527075026358638
G3854,0.8837235965093431,-0.02448645077271219
G4380,0.8837678263584601,-0.025359790933347375
G7607,0.8840976405220022,-0.025728128824633562
G1087,0.8841183831793624,0.024985269331869397
G3386,0.8844880262765212,-0.026271735911156724
G2350,0.8845265296521256,0.024834244856587053
G3272,0.8848427963061407,0.026071145202612292
G883,0.8848609981164635,-0.024272081387937388
G4918,0.8848838526370774,-0.023637423000088233
G403,0.8850586467775154,0.026475336970745472
G1094,0.885278746801113,-0.026132958427428077
G3874,0.885534138502,-0.02700227577070652
G6208,0.8857437542292343,0.025641958287270176
G4906,0.8858578035439318,0.025037752658903206
G7320,0.8859408256165211,0.023954921801733857
G4573,0.885983658328225,-0.024659569260548866
G2830,0.8859964063391104,-0.02437825591056841
G5520,0.8861802977738782,0.02624448586937127
G1718,0.8863634421547602,0.023880596937838103
G7271,0.8865171341546458,0.024749465004103716
G7613,0.8865411207224252,0.02337044328347352
G1145,0.8866898891915109,-0.02470689646089469
G504,0.886782881167,-0.02427902553938984
G3138,0.8869267858094367,0.02541746881002671
G5949,0.886948039614182,0.024173788465609525
G5624,0.8870553529784728,-0.022808801274812055
G678,0.8872157967462645,-0.024871381963425344
G40,0.887357107852025,0.02148952119807329
G1687,0.887592139760677,0.02717138736147294
G6867,0.88781272857609,-0.024459044440185988
G7605,0.8879728367886066,-0.024838879532771224
G3166,0.88804487507372,0.024751292077476783
G541,0.8880694412357579,0.024081146299398976
G1605,0.8883198363459641,-0.02353429129595965
G6858,0.8885254918112258,-0.02308150731402787
G1815,0.8887298144266607,0.024349383473785985
G7009,0.8889951958975847,-0.025052541534752046
G4227,0.8892358935484173,-0.025279937585215472
G7087,0.8895565502622713,-0.02604364147617095
G5871,0.8895652972260719,-0.024791630257541906
G6210,0.8896782652053731,0.02361537609811784
G4309,0.8897327785114582,-0.024436851815474444
G705,0.8897890879420935,0.02461838073600627
G2110,0.8898912145189348,-0.025257394001689443
G2891,0.8901609884078816,-0.02519388356431476
G4046,0.8902101793535009,0.022810985841568713
G5730,0.8903538971106987,0.02515319349770597
G1013,0.8903684773079449,0.024122399041114247
G968,0.8903792122445873,-0.022324970220845723
G645,0.8907627089230028,-0.02476629257132718
G3838,0.8908962100636246,-0.022864483704806704
G1741,0.8912453273637422,0.0235724603461337
G6563,0.8916034083889285,0.02291524089395651
G2444,0.8918296804391462,0.02366979127292542
G1292,0.8918638517197982,0.02275276194988447
G6392,0.8918718936004008,0.023497891537397814
G7546,0.8919434816365523,-0.02368840806805851
G5201,0.8919982802699186,0.021656304018781856
G1487,0.8920472344272474,0.02336841211061974
G7998,0.89216769659844,0.021745988432328396
G2066,0.8921872604779919,0.022845493490936876
G7075,0.8923732701781973,0.024000805453113394
G6837,0.8924092537796346,-0.022621115754823624
G2562,0.8924814568838332,-0.022816140010705865
G2484,0.8925654650090257,-0.025199423417573585
G5349,0.8925993126298084,0.023449367548616498
G137,0.8926056330996472,0.023148533392450363
G3716,0.8926672506404668,0.024789967121912674
G275,0.8927461307940513,0.023025803975540104
G7504,0.8929703918683299,-0.022818029183046082
G2608,0.8930503835629384,0.022942033098775426
G919,0.8931649036088758,-0.023645444195595566
G991,0.8933144737755703,0.021536165797137713
G1296,0.893486609584644,-0.022441990319579597
G7284,0.8934899321235497,0.023199861479328916
G1569,0.8935980715158831,0.022534137957514633
G3665,0.8940029790234222,0.02314091881411088
G7785,0.8940389176210475,-0.022864120022847458
G5420,0.8940595560641453,-0.021201726514365374
G4524,0.894098056822032,0.023880404757919544
G7598,0.8945024325733206,-0.024055772713331904
G7245,0.8945749705848789,0.023711095484136795
G2865,0.8947733484570428,-0.022467817331035658
G2345,0.8949760572575534,-0.023313324163135633
G1356,0.8949953712328647,0.023242333430760508
G1810,0.8950252778017476,0.022746665131316776
G6246,0.8950808069356363,-0.02232211918767318
G1786,0.8951484963122813,0.02404643899513763
G52,0.8953381020492962,-0.024091164312480047
G7732,0.8957524306478671,0.023053649118985248
G6018,0.8958072594283959,-0.02343231810071797
G897,0.8960492452100322,-0.022578683881312192
G2510,0.8962436495785939,0.022579110143140443
G113,0.8962604921964517,0.022390428522935744
G7020,0.8962788912512484,-0.022999214539293635
G5366,0.8963525709623414,-0.021259023041014596
G6557,0.8963653748003577,-0.021180976189272744
G6674,0.896538881706276,-0.022586660905433573
G5330,0.8966131410448828,-0.022866443710477996
G6826,0.8968463533923658,-0.021319059732084998
G4888,0.8972878175758108,-0.023513126397908986
G4193,0.8973752420559747,-0.022415926564385687
G4133,0.8975925607429391,-0.02227991160681557
G854,0.8976078487869886,-0.02316144133932331
G150,0.8976277975774245,0.02158864216954117
G6642,0.8976595703822148,-0.02288836319807614
G4192,0.8976689595310345,-0.02239533662571476
G2196,0.8977340907307251,-0.022694806074255388
G4378,0.8979044583338585,-0.02264798555364826
G6841,0.8980013743471076,-0.02218663270341533
G1021,0.8980404828852186,-0.023374158185653096
G1907,0.8980994746767204,0.022213649850804804
G4519,0.898128488234273,0.02198106733903183
G6953,0.898265849612651,0.021630861412091036
G7141,0.8982897407778061,-0.02231021779482837
G2551,0.8982938739125242,-0.022485866991592943
G3340,0.8983654289424122,0.02217297794261837
G1330,0.8985092999472445,-0.02171685535068764
G4070,0.8986036586591188,-0.0222284263423356
G54,0.8987213604654831,0.02153138145047071
G2190,0.8988909341252296,0.022656368552495216
G2939,0.8991009564188236,0.022706534553661714
G7227,0.8991013337214854,0.021548912438785345
G7848,0.8991168359617449,0.02257811737510454
G6030,0.8991237155543976,0.022598266465215608
G3937,0.8993513525198014,-0.02175383301925431
G7494,0.899458466408503,0.021666499072167333
G6638,0.8996026867612107,0.022434039790418192
G6483,0.8997962359919721,0.022607007332833495
G196,0.9002662505431893,-0.023376464479877068
G2932,0.9003959541623356,-0.022023446093768613
G5994,0.9004322762851212,-0.021054257756594415
G7074,0.9006121221855383,0.02289478036258634
G1173,0.9008677443846589,0.020355456613391235
G7729,0.9009619481515818,-0.022483158533889706
G5146,0.900992978926463,0.021523142954234117
G4916,0.9010355195943323,-0.0219565876055069
G5181,0.9012529833198925,0.020869371566924803
G6158,0.9015364991804176,-0.021597615670515897
G2708,0.9015822502887131,-0.02229796078076739
G1128,0.9018194631308433,-0.02199980874538319
G3617,0.9019387294258119,0.021404148353100047
G6472,0.9019633984673407,0.021467309734261295
G7114,0.9020028071965407,0.021201199214948077
G6384,0.9023585443491865,-0.02209934317194137
G2189,0.9024153548128048,0.02172440777024065
G7934,0.902431463374991,-0.02220269487425243
G7460,0.9025629399537837,-0.02124283623976628
G7581,0.9025862731737071,0.021558401979333244
G5155,0.902938085942674,0.019541218473643953
G3822,0.9031568122628246,-0.020558773317091376
G2475,0.9031660958713073,-0.021666690225256857
G550,0.903190843415825,-0.020537771815078633
G6613,0.9037366425543578,0.022171375323821768
G2084,0.9040766321738516,0.021485674722933123
G429,0.9042901445995655,-0.02082566276699893
G7892,0.9046016354757497,0.02090475328707297
G7981,0.9046387353140474,-0.02106862647427396
G4941,0.905020428236953,0.02261184897821497
G3597,0.9051432528266052,-0.02044537740736911
G2453,0.9051786822443466,0.019193919715782284
G6625,0.9053753027939495,-0.02081585679244427
G1188,0.9055029744234026,-0.021334819624672686
G5751,0.9056311800282273,-0.0206857583544969
G5134,0.9056795130123645,0.019497566907749952
G2353,0.9056816301455236,0.020936947720755838
G5975,0.9057461854433161,0.021421266291250865
G1337,0.9059178711918241,0.020302906075562573
G3550,0.9059232329527309,-0.019078593668618582
G5741,0.9060120022563021,-0.02000665711195765
G1301,0.906015358164274,0.018019213447018997
G7825,0.9060560160557624,0.019875435247868868
G334,0.9070776630126338,-0.020451740009474348
G1368,0.9072469481207377,0.021535972173654282
G3539,0.9072747929846713,0.01896884419478008
G2197,0.9072912961811479,0.020466541150894246
G7084,0.9074335120657272,-0.02071410575551577
G589,0.9074823080735619,-0.01922679349379834
G445,0.9075947663517573,0.020702857692503338
G7241,0.9077389152380297,-0.01987007083677341
G6902,0.9080604825502354,-0.020021877966489243
G3320,0.908247461368618,-0.019589452881134034
G2416,0.9082635698642847,-0.020037054688265964
G1647,0.9085134564701967,-0.022408924181074562
G294,0.9086346006419055,-0.02021587014944763
G4157,0.9087348728918023,0.020093294475917213
G2715,0.9088372146196849,0.020029261059539956
G1358,0.9089358451275529,0.020277589683463132
G1846,0.908979087398573,0.0193682719854425
G5802,0.9089922896453567,-0.020420153398518485
G4253,0.9090716623941295,0.019000867625547334
G4759,0.9091586923458925,0.019477452998626025
G6794,0.9091969391771568,-0.019293921689691455
G7238,0.9093074280702231,0.01990026119750636
G5606,0.9095257583185703,0.020086165323795244
G5050,0.9097101627671664,-0.021006134321860978
G958,0.909812779005482,-0.019252408401888632
G4602,0.9098151248859463,-0.019280733837749933
G284,0.9100857870747177,-0.018609291722077023
G7517,0.9102328877606287,-0.019478182375532192
G3778,0.9106317093552989,0.02074909974466977
G3655,0.9106628864501818,-0.019963032737064727
G7523,0.9107807427335107,-0.01894312692442794
G353,0.9108595827540615,0.018839682670541057
G3772,0.9111294972557891,-0.018960369205479808
G3435,0.9113162916885028,0.018825980929786525
G998,0.9113940543448753,0.01947858616438617
G1285,0.9114310315757079,0.020505037607867996
G204,0.9115708429436995,-0.020528143865942032
G6359,0.9116370804767765,-0.018591560963637725
G6863,0.9120535070198617,-0.018700963626673943
G1845,0.9120656413206591,-0.019722226982104154
G1421,0.9120955385232383,-0.019645320487694323
G4020,0.9121360334328978,-0.019881669971296305
G2846,0.9121776841566869,0.019435980554121837
G5709,0.9126405997623676,0.0193843345087735
G337,0.9129986066334772,0.019958490532403596
G3641,0.9130430790386399,-0.019059357248549593
G493,0.913140194913856,-0.018885573582836754
G7278,0.9133443084534305,0.018959647608501072
G4438,0.9133608631251648,0.019237713187678
G7325,0.9133965361039275,0.019450927173111372
G4220,0.9134434643508331,-0.01891133577892906
G6444,0.9137763090778706,-0.018687849816079963
G2360,0.9138656305206486,-0.019170752982332145
G7329,0.9140092074521526,-0.018622651763540738
G7837,0.9141312062962503,0.018498182741497837
G2755,0.9141690422643394,-0.018682038090702836
G5411,0.9142418373389298,-0.01777435759787877
G6932,0.9144446146147533,0.018424538990472764
G4297,0.9147302496304934,0.017400488569217193
G7031,0.9148031139684013,-0.01961375158874372
G768,0.9151404091615777,0.018955378612877136
G1283,0.9151799249951422,0.018890807871343257
G3362,0.9152801069552419,0.01854949170745475
G939,0.9154752182713589,-0.018204125498490237
G6317,0.9154866443273215,-0.01866665981652648
G4531,0.9155350424712638,-0.018302274196664817
G7066,0.9155372776850779,-0.019396128726643123
G3821,0.9156842168352533,0.018734297398272638
G299,0.9156916120777618,-0.01900725527690421
G1893,0.9157796792454748,0.019001349889593643
G7559,0.9159892523076365,0.01933101471183369
G6597,0.91599523450778,-0.0186747170405461
G1115,0.9161440248482235,-0.01838277563750932
G3616,0.9161757988106815,-0.018596696649869182
G7189,0.9161801725489047,0.01930120405339599
G2172,0.9162855074533868,-0.017985725664809826
G3656,0.9163373398000267,-0.018643847383591858
G4244,0.9164717988635381,0.018056549114093177
G2571,0.9166633943647022,0.018594942831648045
G4264,0.9167020041427363,0.017820648057910768
G7417,0.9167144164459202,0.01839806836031251
G2218,0.9168498419115505,-0.01831844818836544
G6716,0.9170045882679507,0.018471529172657666
G1888,0.9170071447694297,-0.018704124786875775
G7204,0.9170395884650285,-0.018046062453558408
G4090,0.9173093662804814,0.01748443325784793
G825,0.917355895252575,-0.01842133098604221
G7085,0.9173594096379508,0.019493208551622364
G6912,0.9173695359805347,0.017234749706628485
G7398,0.9174629313981129,0.017560868791336007
G5774,0.9177074064969308,0.01758118365966653
G3724,0.9178039868304082,-0.01803919632284768
G1497,0.9178364136773043,-0.018165053292679752
G1507,0.9179410289201095,0.018158343446037575
G5685,0.9183150800063092,0.01798830521259686
G2822,0.9183540661330944,-0.01721226588052613
G4826,0.9184022898702255,0.01810919080354674
G2159,0.9185883718725867,0.018225007095741937
G2498,0.9186486838616936,0.016645458733851738
G3076,0.9189282831879217,0.018866058746996192
G4169,0.919188431812572,-0.017895965047597787
G316,0.9192727627648904,0.01871668769900718
G604,0.9196498126492041,-0.018339116375019712
G7453,0.9198418764590983,0.016936756951323434
G733,0.920009428414036,-0.018274393240761654
G4692,0.9203799677523437,0.017339041147499318
G557,0.920623114974714,-0.01662039739549691
G7677,0.9206822547271385,-0.01730684103404992
G5450,0.9207721027075719,-0.01832425747721103
G1801,0.9208959513883225,0.0182587161859738
G2301,0.9209344903390613,0.017676553177943387
G2373,0.9209865868910472,-0.018125849910097438
G3751,0.9210270551586413,0.01724567053220817
G414,0.9211161287600901,-0.0170767100922692
G635,0.9211999618709649,-0.018023553345416228
G7348,0.9212715874101014,-0.017576883300419996
G1153,0.9213898079991557,0.01699571499843154
G1649,0.9214248813681324,0.015588828992435244
G7773,0.9214912224655293,0.014638466830975388
G5677,0.9216683350792509,0.017344853359765627
G7388,0.9216707223466447,0.01805500531571747
G5525,0.9217287525057768,-0.015242993430228384
G7539,0.9217334848120617,0.01729454608115755
G4521,0.9218207855104441,-0.017598950316168524
G2850,0.9219024526931741,-0.017292495873686337
G7872,0.9220755683791106,0.017926772576310472
G2938,0.92227778390478,0.017791731778162755
G5459,0.9223097590747272,-0.016904377328087507
G6467,0.9223164071646548,-0.016280779365354704
G3083,0.9223383950253918,0.01762500356660238
G338,0.9223691002784911,0.016848499351337268
G6111,0.9223997004025619,-0.016527607556233392
G7558,0.9224717075888333,0.017826609854064094
G7623,0.9225140292388427,-0.017343308188303264
G223,0.9226095618626788,0.016884148889486292
G1168,0.9226828666908494,-0.017485370349997278
G1800,0.9228710570427131,-0.017454452494196554
G5786,0.9229849580446653,-0.016983302681803654
G318,0.9230702694054407,0.01733081398121001
G1839,0.9232359971466653,0.018258874045309483
G3228,0.9237853237121284,0.016182767538981645
G6264,0.9238620072418148,-0.016705916718515873
G4790,0.9241611508890912,0.01640195736643643
G2556,0.9242761506862816,0.01759572299974825
G4897,0.9243390833839149,-0.016258650794366662
G2359,0.9247167546565891,0.01662124404029789
G740,0.925133636015389,0.01632097693608167
G5836,0.9252318193712921,-0.0166224433338818
G3074,0.9254238644528885,0.017193070172085552
G5164,0.9255541842585886,0.017103076151314563
G3824,0.9256437478659394,-0.016511495065411566
G4699,0.9256808462376604,-0.01533220331933774
G4621,0.9257232093257826,-0.01536611888907144
G2,0.9257576843779866,0.017200903628350493
G268,0.9257842414988904,0.01616229022659036
G1602,0.925898606657409,0.015909463567703935
G1287,0.9260617608475865,0.016616193077739372
G7507,0.9261829631455865,-0.01598007531210381
G1785,0.9262611796859204,0.01584027816307189
G2181,0.9264426381254234,-0.01607062241822614
G5563,0.9265015533856389,0.015893439687422524
G4068,0.9266709380497783,-0.015177998577328627
G356,0.9267250498257212,0.014701097648948655
G7355,0.9268725851347376,0.015718711523701856
G2684,0.9270414394000644,-0.016102954084439465
G5159,0.9272409593469486,-0.016292875125527084
G694,0.9275188181081617,-0.014067439553075248
G5343,0.9275348658601983,-0.015999482008666244
G3644,0.9276065721967994,0.014734060978444125
G3478,0.9278553564724376,-0.015391738842257238
G7974,0.9278805946224825,0.01627764846417855
G5981,0.9278904858488111,0.01659728012820416
G3102,0.927922403587726,0.016197195025857633
G6,0.9283173266134542,-0.015992268373344293
G1702,0.9284317824915347,0.015527133766899619
G7751,0.9284561404666568,-0.01571104892263738
G3002,0.9285071231732369,0.015057651439927957
G3900,0.9286615650151392,0.014541880527690648
G7687,0.9286949658754087,0.01561200680522271
G2879,0.9288850960921584,0.015528812093160267
G2668,0.9289551800511238,-0.0162010534901368
G4320,0.9290961578736233,-0.016065664074555883
G6641,0.9291488662507011,0.015657934157578563
G3449,0.9291661392993916,0.015972059484474287
G396,0.929300171729667,-0.015043228915223597
G4430,0.9293762887595367,-0.015634572630347607
G5831,0.9296281459536309,0.015101520855577227
G789,0.9296831132415851,0.015071078023451298
G6031,0.929737984231339,-0.014908356827280499
G1511,0.9297807603793569,-0.01599676143388338
G6049,0.9298422915047431,-0.013914857954971174
G6661,0.9301112222062659,-0.015330988641065642
G7471,0.9305354379715699,0.015121077696064855
G6099,0.9306619760258177,-0.01538979226095058
G1770,0.9306750005127922,-0.015431766982210039
G3892,0.9307548831514605,-0.014299042515918379
G7379,0.9307878585053317,-0.014865357754681285
G6329,0.930942636903126,-0.014232071193586205
G4838,0.930967631677518,0.01585404326217149
G573,0.9310883455107575,0.014843904343773417
G3059,0.931227851216227,0.015187496255589886
G7611,0.931234377104114,-0.015128864534532313
G1130,0.931491195555161,0.01443907258438324
G6729,0.9316371108648203,-0.015091904691946417
G4901,0.9317458486744177,0.015178532836560857
G6543,0.9318815422276789,0.013857302102240695
G1528,0.932156721495912,0.015479705563321258
G4457,0.9322069475839982,0.013688426723214558
G6845,0.9322504959905741,0.014825915309813038
G3848,0.9322724087985458,0.015032946913304514
G2537,0.9323958817597039,0.015027078081269976
G245,0.9324391573159152,0.014204388494440279
G1538,0.9324630363958932,-0.015377650342937942
G4911,0.9325559600129757,-0.015456841651530565
G170,0.932631482125327,-0.014837725974734135
G2908,0.9328019014793629,-0.014560190887091734
G1032,0.932824181623987,0.014120866412811517
G994,0.9328931602538647,0.0145515275550447
G5655,0.932938312884485,-0.015603300568358425
G7834,0.9333794414966612,0.014882918052074555
G3033,0.9334267682773553,-0.015520665316754029
G4396,0.9335070031022823,-0.014019047782661616
G3531,0.9335713959851601,-0.014108793127119372
G1299,0.9336469477899734,0.014728391934204083
G4818,0.9337066163278923,0.014908766641798014
G7685,0.9338062971643473,-0.014537549247537704
G4213,0.9338681905403969,0.014716940910125181
G1699,0.9339285536210163,0.014739869445473184
G870,0.9340436204594096,0.014994645052457733
G771,0.934115599338159,-0.014036268268220617
G5304,0.9341740967205314,0.015078855468980454
G2410,0.9342929877994308,0.013180489317176546
G6100,0.934435049657674,-0.014942271132869816
G3570,0.9345514373920472,0.014321065151832735
G5045,0.9345656389473151,0.014574941141356601
G6576,0.9345921986495999,0.014609254580663589
G5279,0.9348312503355639,0.013680958135806835
G2575,0.9350212541442282,-0.015229940289960747
G7287,0.9350530522176793,0.013570359840681424
G4681,0.9350585026411998,-0.014004302508353772
G2392,0.935290207309696,-0.014604727261266121
G7095,0.9355268931105061,-0.013629953520626282
G7180,0.9356120137232244,-0.01379761308770891
G816,0.9364754418662329,-0.0136982119185763
G5318,0.9365560985183403,-0.014648113186995678
G5970,0.9369327626492623,-0.014105067175529847
G5799,0.9371362036991904,-0.013439546381830245
G6884,0.9373463186462621,-0.014004075980216048
G2050,0.9373590042472346,0.013852366741959277
G5382,0.9373762851405956,-0.01372652696415243
G2142,0.937404728286702,0.01381050866286613
G401,0.9374329977137118,0.013924215270742904
G6481,0.9374711774598974,0.01388502920300786
G2661,0.9376447167047859,0.013990841888784869
G4908,0.9380388484094975,-0.013311242968553804
G2052,0.9381061278295161,0.013517793225460331
G2495,0.9381675413913195,-0.01401403034826959
G3858,0.9385174833703804,0.01393245602754133
G5039,0.9386368719372225,-0.013801481404178913
G1184,0.9393842811832467,0.013793742515894075
G6643,0.9394699940828963,0.013561366560004603
G3015,0.939520483655562,-0.013416284547879936
G5859,0.9396235571103029,0.013585909786379344
G512,0.9397625817792581,0.014651331441534653
G3235,0.9398602526313352,0.012691159616682223
G2968,0.939975735907142,-0.012775046930887594
G7915,0.9402376183006615,0.012967847510427295
G4349,0.9403072655208625,0.013194704591665246
G6820,0.9403396850814763,0.013042306851108715
G2552,0.9404966250022163,0.012917538695670229
G2987,0.9405618831065985,-0.013523348293901657
G6496,0.9406814269959027,-0.012808243550045978
G7639,0.9407519108595597,0.013443890120158529
G6931,0.9409862084127965,0.011928138613187238
G4252,0.9410848827534726,0.013892905296362022
G595,0.941170736992728,-0.012956651692144008
G7039,0.9412098191145064,0.012859165910951015
G1428,0.9413537598708104,0.013194280857486342
G2277,0.9414043462209984,-0.0131453277206026
G4083,0.9414806184003047,-0.0122570697306492
G7586,0.9417619531998895,0.012828316134525047
G4275,0.9419621797569959,0.013065183972252065
G2742,0.9420244942096175,-0.013053341892709245
G6628,0.9422219423694016,-0.01277421808756038
G2322,0.9425657384044184,-0.013065818873134296
G7071,0.9425815732843668,-0.012038848468638771
G3727,0.942661575810446,0.011569667147499876
G5825,0.942691307109906,0.012889440527430233
G6028,0.9427380427337606,-0.012623658251521834
G7195,0.9427401789639526,-0.011642404046244469
G4714,0.9427733110990404,0.012563281678788212
G1382,0.9429929786775597,0.01188710219572963
G5600,0.9429963836654152,0.012604026585138609
G894,0.943013929724428,0.012258622518770822
G5419,0.9431203733907249,0.012164286692795345
G7603,0.9432259629222242,-0.012767118234213488
G4650,0.943254302782564,-0.012811683953049616
G7391,0.9433550894499917,-0.01252967679842579
G3747,0.9434793898506446,-0.012719434871142122
G3060,0.9436132877618226,-0.012295180085841566
G6806,0.9437028908566997,0.012663044218008164
G6530,0.9437601575641112,0.011941746886727944
G515,0.9439250984043606,0.011662982130391578
G1165,0.9439537504791575,-0.012033751864902437
G4896,0.9440568725857199,0.012486217653455936
G7359,0.9441401883059053,0.011870065243684572
G7824,0.9443312613221291,0.01174949448451057
G6650,0.9443883263638788,-0.01253750804677478
G5856,0.9445248851708663,-0.011904574478847829
G3178,0.9446296952677331,-0.012123213012329444
G2129,0.944922367481529,0.011823499174742264
G331,0.9452049052244416,-0.011815167332872092
G1535,0.9452800470483946,0.012425933380422026
G7725,0.9452932346678773,0.012280833022092208
G6607,0.9453207703172452,-0.011511125472151953
G6485,0.9458545612782793,0.012154710067605084
G6772,0.9459281625607656,0.012289094686254894
G2102,0.9460946831874738,-0.011167935448918972
G5179,0.9462628504721554,-0.011845197311989061
G5835,0.9465864654756426,-0.011520140030804885
G3994,0.946853571866239,-0.011584383910251905
G2040,0.9470882599112957,-0.011464819321040747
G1245,0.9471608715083837,0.011952513373916049
G2704,0.9473245613020582,-0.010892060793251973
G4732,0.9473308908151548,-0.011316366870343448
G3220,0.947497582290539,0.011807179619470969
G1471,0.9475576223080191,-0.011716850098418562
G7484,0.9475827687755893,0.01217558452545194
G1247,0.9475955110975023,-0.011478711500251426
G4530,0.947721134595946,-0.011799543984323077
G3376,0.9478553751270227,-0.011496508327003583
G1550,0.9480420946605997,0.011596927572248776
G6535,0.9481952235444846,0.011932065901624331
G304,0.9483104214983893,0.011617850961803004
G4796,0.9483795364508092,-0.011288710148438259
G6148,0.948392501362689,-0.010720382473638629
G5513,0.9485378871835418,-0.011517415767748736
G3928,0.9487452259111562,0.011243492793628504
G2324,0.9490735626950291,-0.011007082363890936
G3530,0.9492520145638139,0.010920075849667449
G3663,0.9494872892467037,-0.010959450586637401
G2109,0.9495788636633673,-0.011487472759663102
G4218,0.949910451352238,-0.0111867871420716
G6961,0.9499978546590377,0.010749602914629232
G7212,0.9503450098325374,-0.01036386685946071
G3279,0.9504520627988444,-0.01079492233690699
G1965,0.950675240338538,0.010932461107159525
G4301,0.950804108375237,0.011089254578268246
G116,0.9509587663735102,-0.01102759028948988
G786,0.9519509579008067,0.010178412647530409
G6603,0.9522889471739546,-0.010655833770050388
G4397,0.9523760320854857,0.0107205878437437
G2233,0.9524139215192617,-0.010724543445135569
G6922,0.9524799909910928,-0.010436279307086772
G5370,0.952645307573915,0.009959777472611136
G3079,0.952708747702228,0.009851997832941687
G6898,0.9527496092163475,-0.010095128928060776
G3026,0.9529232165430506,-0.010014195032734454
G7137,0.9530511423167174,0.010278829163329008
G6602,0.9533279255750873,-0.009737285357130364
G107,0.9533363426131052,0.010120610684751778
G276,0.9533486872599057,-0.010477236905478637
G3806,0.9537223946839242,0.009906437987036928
G1457,0.9537317001878947,0.010176895402927766
G7080,0.9537747773846693,0.009945798437948308
G4588,0.9538439334812242,-0.009856610319502575
G3275,0.9539638439857177,-0.009530964073001476
G3151,0.9541614786931247,0.010386810340743548
G4021,0.9541769784364964,-0.009379776695484773
G2582,0.9541784593249094,-0.010001057721872875
G2676,0.9541912093396759,-0.009883263001898488
G3756,0.954192223921677,0.009319671685210563
G1303,0.9541943094421794,0.010385554330879107
G7574,0.9542244388099048,0.009497755395227495
G6105,0.9542692456605919,0.009896710822484667
G4689,0.9544022579811815,-0.010108994870513865
G5401,0.9544683401630585,-0.00954027547005251
G6015,0.9544726290753969,-0.009873752077919812
G3927,0.9546546006879324,-0.009547157488283498
G1526,0.954915262534715,0.010677636325721218
G5060,0.9551135184223079,0.009854149522416505
G3419,0.9554186122379597,0.00977864949663905
G5051,0.9554536123244086,0.010164691274699468
G3324,0.955702971157178,0.009807984607080072
G2171,0.9558176606510981,-0.010421756028731377
G3294,0.9559148637903256,-0.009312835482446914
G4476,0.9559558573654567,-0.00955016605461597
G2262,0.9561654120763096,-0.009754422019416314
G2625,0.9561866162489963,-0.00956108796434928
G2125,0.9565127860182019,0.009321528682323551
G108,0.9571298082547802,-0.009706568592633302
G4915,0.9572429296705652,0.009644118322301581
G6770,0.9574010487661384,-0.00916778716546185
G6174,0.957446140713615,-0.00834667322395582
G610,0.9575700111799818,-0.00929698708252084
G5876,0.9576165173378348,-0.008953541169233303
G7745,0.9577483027294401,-0.00951553135855443
G4066,0.9581728070025032,0.00961561417611156
G4028,0.9582551516297447,0.008726209561405976
G4145,0.9584580653200633,0.008854812855197772
G1329,0.9585000338588874,0.009040230856469928
G1974,0.9585791878140075,-0.009451616361787686
G1546,0.9587170237749235,0.008529102759063212
G7025,0.9587459774975872,0.008470080154130838
G1377,0.9588637191247638,-0.008876859260441402
G5407,0.958928638078596,-0.008990532096148786
G6108,0.9589950516869137,0.008949587120978729
G333,0.9590191236616958,-0.009409082269216471
G5842,0.9591370538089865,0.008293436686093182
G6523,0.9592165446314064,0.009079199853814467
G7038,0.9592576086907072,-0.009345121126493557
G295,0.9593735971513221,0.0089746715356427
G4622,0.9595242933354211,-0.008946157784467338
G7529,0.959552060443647,-0.008799329166752703
G4789,0.9595852271021661,0.009209681532560219
G5922,0.9598476582450065,0.008178420141007836
G3484,0.9598854409009093,-0.009019007053661793
G5270,0.9600452430081866,-0.008590788051848668
G1731,0.9602738745705278,-0.00837697239645182
G29,0.9605831774539062,-0.00813550428104412
G6323,0.9608852521065283,0.008556457036571333
G1651,0.9609689079853094,-0.009011814154919792
G5985,0.9611230035217235,-0.008185735594812196
G5013,0.9613078357265769,0.008379908160538345
G6577,0.9613137877747373,-0.008664494330099035
G7898,0.9615151157206078,-0.008001601558306483
G2119,0.9615625365863629,-0.007954032954717916
G1883,0.9617095340400064,-0.008411865124696744
G7789,0.9617715344058184,0.008445857144540894
G5486,0.961784055698655,-0.008548911774609202
G3897,0.9618061060837755,0.008269147872788138
G7901,0.9620467660278007,-0.008302559836042146
G212,0.9621378846428617,-0.008092007543854241
G6088,0.9623054035551655,0.00839536996717953
G7753,0.9623648878636994,-0.008263960623178189
G5764,0.9624092853790831,0.00818002034169794
G5285,0.9624742305615,-0.00792837941655994
G5074,0.9625987422587472,-0.008244701214342787
G5455,0.9626261586691911,-0.008224696648098162
G5607,0.962875155314536,-0.008236035560936904
G1910,0.9629288498792594,0.008157015686314972
G7663,0.9629383910043461,-0.008725010023191836
G3721,0.962950060681422,-0.00823737890739608
G6337,0.9630715939863567,-0.008154497287458942
G1009,0.963704101350565,-0.008006330539585403
G4206,0.963731904810752,-0.00844315237089608
G2374,0.9637428046726377,-0.008217586817235972
G3181,0.9638227794583687,-0.006846467589930377
G1033,0.964093950768384,-0.007822994345869132
G6651,0.9642047858648299,-0.007546631902974596
G4572,0.964208809901264,-0.008009162820171882
G238,0.9644550329918717,0.0075963446773701995
G4495,0.9644801915076513,0.007770868451141125
G1375,0.9645202040843184,-0.007348182540624887
G7274,0.9645984921377755,0.00769563060251845
G3595,0.9648279381747489,-0.007603517908141549
G2709,0.9648760799575581,0.00786449376818267
G7243,0.9649158886822892,0.007794428504044479
G2641,0.9653470296981986,0.007600334568252827
G3140,0.9653596100734327,-0.007903011058228375
G3870,0.9653974540972314,0.007319864026187575
G5964,0.9654772100572655,-0.00769725226734649
G6120,0.9655203397383035,-0.007178813097192607
G7871,0.965885659556048,-0.007543262916612878
G2128,0.9660535229245091,-0.007750111755670461
G776,0.9660544060563857,-0.007214271343034052
G4399,0.966160022609157,0.007225756891531433
G7964,0.966300377229838,-0.007348613590606283
G6940,0.9663474513177279,-0.007616270875247036
G6095,0.9666104218481488,0.0075310682047483035
G5995,0.9669622991717093,0.007308907471382426
G84,0.9671408200432081,-0.007328304138574413
G2349,0.9675747151048593,-0.007178660329258419
G7807,0.9678709267430379,-0.00732432563702843
G7567,0.967931851405984,-0.007063860331396894
G1966,0.9683763976221914,-0.007215093975253752
G6226,0.9684529484454601,0.006958093229934459
G2261,0.9686612348783443,0.006734916037356244
G2095,0.9689665079079743,-0.006805508429900076
G2269,0.9691668046957512,0.006853012086092396
G3760,0.9692701392366598,-0.0063783145757698445
G3316,0.9696266617872857,0.006697406409240277
G7781,0.9696597618310486,-0.006555986118225568
G2613,0.9697324416647707,0.006405587605522553
G4955,0.969844681706217,0.006776617514601809
G1812,0.9702191157327784,0.006536406066986897
G5408,0.9704067899143582,0.006045219688912543
G6679,0.9704546910261953,-0.0062729929695495845
G2753,0.9706452026881769,-0.006424238674602845
G4417,0.9707735151415158,0.006686331481386604
G7404,0.9709300266965133,0.00638407096598767
G5305,0.9715077203110393,-0.005831555152741171
G2127,0.971799283450228,0.005933326705736909
G1539,0.9723028688526686,-0.0061383099390250224
G904,0.9725095567145037,-0.006115467376735756
G7554,0.9725173529578965,0.006407755875321983
G6569,0.9725379031969565,0.006490317489890696
G4869,0.9725621310782346,0.005930651460900979
G2527,0.9726256532102495,-0.005853340518292366
G983,0.9726352872325894,0.00625746672342772
G7783,0.9726608520875901,0.006242580911322793
G5953,0.9727455506528477,0.005604675042140728
G7183,0.9729560370098481,-0.006420084298719472
G5557,0.9731967704169044,0.005862914925166898
G2053,0.9734068694953483,0.005997862362337913
G1127,0.9735889113987903,0.005889573089654175
G2151,0.9738648065227854,-0.005293260428102214
G5683,0.9739735615374175,-0.005663738111731181
G6608,0.9740347691450173,-0.005763221190090456
G2718,0.9741624252307406,-0.005599456910861661
G7037,0.9742016953327277,0.005555022477798205
G3183,0.9742162594025163,-0.005378662718920568
G2978,0.9743553027587871,0.005650125964100763
G5728,0.974491901700791,-0.005932249532166978
G4374,0.9746523795251372,-0.005322884333074068
G3959,0.974659824120514,-0.0055433072663538365
G5096,0.9748700944371302,-0.005585885085842596
G6236,0.9750735558523214,0.004939503061382397
G5997,0.9752489786220162,-0.005256345745081619
G6409,0.9753810666526206,0.0054884649776506984
G6677,0.9753955126937548,0.005461677078150741
G3172,0.9754044777409978,0.005349751611526485
G7144,0.9755302346825503,0.0050770504874489975
G2798,0.9755529314386134,0.005416151586266113
G6518,0.9756303436357633,0.00539625611682442
G2054,0.9758120031035447,-0.004861905306138532
G7514,0.9758574402162794,-0.005544588052583316
G4391,0.9759973631147688,-0.005349003639017753
G5098,0.9760384583556669,0.005201977952734138
G2785,0.976255163132669,0.0047214884484475805
G4758,0.9764260538705536,0.005471512132920185
G7498,0.9764791899298926,-0.005047322837380588
G5939,0.976976911656106,0.005056388385508828
G2999,0.9770425260499191,0.005288880396140089
G6885,0.9771727276405615,-0.005263963028792222
G4859,0.9771892745929276,0.005135783216801193
G2900,0.9772215994083431,-0.004657819062893254
G7267,0.9772883170681854,0.0052125475585091605
G3701,0.9774732334400185,-0.004985093223911982
G7024,0.9774928203492057,-0.005066015948056183
G696,0.9775281251056234,0.005153873841870968
G3305,0.9777327726150975,0.004479440263030444
G1693,0.9777652612250491,0.004668726252078377
G1734,0.9780708580806907,0.004532131714621867
G4755,0.9781503839921071,0.004821804939150021
G7242,0.9784149275279277,-0.004342455412951061
G4096,0.9784670039097538,0.004826213759101904
G4574,0.9784875124320731,-0.004564339129696354
G1308,0.9785830751809754,0.004761145431561961
G7240,0.97874052516877,-0.0046715351416725176
G7021,0.9788397116831554,0.004531850527636716
G2451,0.9790088038269908,0.004538800855158426
G4959,0.9790226820497107,0.004597306961371717
G1316,0.9790522492326525,0.004727804891489761
G7192,0.979151987357955,-0.00454195122781384
G5149,0.9794738201581976,0.004681660678000341
G432,0.9795074243582376,0.004439156811022513
G2486,0.9795657690370205,-0.004411205163859708
G1997,0.9795931014904927,0.004089886441359911
G1915,0.979683343732774,-0.004278552351792642
G930,0.979725786044022,0.0044606252595733725
G4584,0.979818259271223,0.004337369236164807
G5848,0.9798275280760367,0.004593043339646309
G6137,0.9798844677806511,0.004521631139851615
G5578,0.9806139707269984,-0.003986162078216053
G7168,0.9807258192800332,0.004226198497699493
G4986,0.9809154005942837,0.004229750569292758
G1038,0.98091874892426,-0.004331123844957076
G3266,0.9809243231626114,0.004072647538085478
G4805,0.9812804937523747,0.004195070804462617
G7832,0.9812876128412644,-0.004261608103154261
G4015,0.9813691486777885,0.004314644030053258
G5516,0.9813717872377539,-0.004081154191291514
G6442,0.9813830076347928,-0.0036244496069173446
G6927,0.9813876213084411,0.004038551423012508
G5362,0.9814577394723932,0.004105122495077218
G1695,0.9815835411701136,-0.003983001970449852
G767,0.9817621808310645,-0.0038169540821573656
G6220,0.9817890164732607,-0.004031396163046475
G1690,0.9818623455047985,-0.003953171965119268
G230,0.981984823721278,0.003997511528384404
G6432,0.9822510391452421,-0.0037853546485382573
G5303,0.9822859118667657,-0.004047124272355727
G4229,0.9823062363257522,-0.004096095002155291
G4286,0.9823140313740907,-0.0037114028158644827
G3150,0.9823720404415293,-0.0037949829127355977
G663,0.9823934593536587,-0.003704473782873613
G5797,0.9824213711356486,0.003887729903136135
G5233,0.9824797743707157,-0.003770516697860528
G2245,0.9824833776998197,-0.0041016914479853235
G6974,0.982496111843944,0.003850482038797655
G433,0.9827919324551861,-0.003709173075345268
G2680,0.9828791498224794,0.0038364290694378085
G4751,0.9832650428448992,0.0038677874125485692
G6636,0.9834132194838113,-0.0037302053296567675
G681,0.9834259787996975,-0.003580714190248885
G2823,0.9836338910893949,-0.003490370358196257
G6681,0.9838472312741795,0.0036844640903478214
G607,0.9839315750872151,-0.0034653839047686513
G5443,0.984330264183785,0.00327025122370965
G5667,0.984508272588922,-0.0031945949240482358
G6219,0.9845535313119722,0.00328695225096377
G2773,0.98463407448107,-0.0032071634355667206
G240,0.9847283605882204,-0.003168371335947766
G6546,0.9847653341010926,-0.0032919482492906223
G1397,0.9848383181568015,-0.0033163071574444673
G4799,0.9849635403305035,0.0032093929338318193
G781,0.9850050388453444,0.0032318350585683747
G6468,0.9850121887666594,0.003362411231098518
G6590,0.9850557927433697,-0.0034061875999959954
G2396,0.9851263225126998,-0.0030678591599291594
G7300,0.985429407383324,0.003168232358514482
G5641,0.98551161933922,0.003176758089188339
G5476,0.9856467547870802,-0.0029328430584616705
G3139,0.9861666707191397,-0.0030228803584466946
G7752,0.9863787936833259,-0.00313145624926964
G6458,0.9866198281888767,-0.0027061792301903698
G6508,0.9868325419635162,-0.002961894368016589
G1276,0.9870492257360481,-0.0028323993468562167
G3207,0.9870553350044926,-0.002898858826384092
G343,0.9871560236104234,-0.0028809362769531416
G3543,0.9874492088184633,-0.0029360469827164164
G6157,0.9875189038937662,-0.002885422563207063
G2232,0.9875351918217075,0.0027070611107583922
G6386,0.9876217372942796,0.0027377658683164635
G7350,0.9882691195428475,-0.0024756163923866092
G802,0.9882935897688758,-0.002613647059215095
G6743,0.9884522297250351,0.0024888156695085416
G4292,0.9885235374528565,-0.002451203299452259
G1674,0.9888457319695481,0.0024531753689344057
G2443,0.9888894826294965,-0.002418389795023096
G2466,0.988913390955667,-0.0022447048039110767
G3162,0.9889200680272019,-0.0022480977122774568
G349,0.9889502712750189,-0.0024295219238552462
G2140,0.9890386652775285,-0.0024576200972642494
G510,0.989064084905694,0.002398308969898545
G4203,0.9894838175642957,0.0023759292323444325
G412,0.9895749796679205,-0.002142862915245975
G371,0.9896084050887357,-0.002245886187554988
G3398,0.9898856886942303,-0.0021335595096829765
G2306,0.9899309867523295,0.002093988405721031
G7968,0.9899870260931074,0.002187276903062604
G6366,0.9900388265743549,-0.0022185165117251243
G7568,0.9901418047850646,-0.002095091458993439
G256,0.9902788492577641,-0.00222599957527654
G2841,0.990290079467151,0.0020712133142263248
G6155,0.9903729149369763,0.0019443070813773417
G4903,0.9904679608645359,-0.001981171544507076
G2473,0.9905308950443784,-0.0021571244956939822
G6414,0.9905561109286678,0.0020261986425764832
G3970,0.9905721069798001,-0.002083046626472634
G3829,0.9909237567473715,0.0020576364602068412
G5475,0.9910467884308828,-0.002003894558726474
G5913,0.991152585657147,-0.0018218078577875024
G833,0.9912734634159392,-0.0018261449844583673
G7495,0.9914525493271895,0.0019209387147220425
G808,0.9914788475689046,0.001857041756230464
G2984,0.9917591731539019,0.0018542058584017813
G476,0.9918968202496208,0.0018231902548651382
G3498,0.992036942991525,0.0016738217591213272
G7833,0.9920823162132213,-0.0018091085159853849
G850,0.9922269028185636,-0.0017912176553985318
G3248,0.9922676780173285,0.0016883229151853224
G6956,0.9927849666207198,0.001582910549680544
G6831,0.992876243805593,-0.0016163378678573713
G5367,0.9928956492413392,0.0015926401521825506
G2170,0.9930088834558469,-0.0015770453899013048
G743,0.993034245131428,-0.001578986918966567
G525,0.993130735812675,-0.0014829244505580666
G2976,0.9931879809785584,0.0015429751282714094
G6324,0.9932031096398362,0.0014343357383404184
G6344,0.9933158586175104,-0.0014475935846443681
G579,0.9934348576115932,-0.001463265422145324
G2914,0.9934746642047164,-0.0015091426705522507
G1361,0.9934924654082101,0.0013960767341391483
G6256,0.9937413857808011,0.0013884026787394418
G7996,0.9938365348617362,0.0013063365568096036
G2593,0.9938547826121318,0.0013021951928199257
G6939,0.9939252892372643,0.0013103702777180239
G7415,0.9939915958313177,0.0013313740727937742
G4520,0.9940238923219851,0.0012538427066352206
G2851,0.9940288396773981,-0.0013227047792312777
G1317,0.9940319080472253,0.0013414204404586273
G1902,0.9941212328604621,0.001278043908858429
G5288,0.9942261507033827,0.0012325809036319302
G1548,0.9943284326041325,0.0012428294680123936
G5036,0.9943765060343408,-0.0012681064810510685
G1975,0.9943921698237601,-0.0012083845889175292
G2525,0.9946305849998032,-0.0012117851958952687
G7606,0.9948416662329358,0.0011638100204806046
G4311,0.994848528791276,0.0011141233055529942
G7582,0.9948631064187816,-0.0011478629443362164
G6170,0.9949146613970887,-0.001153642741455213
G1655,0.9950487066606326,-0.0010589300695500944
G714,0.9953323977010914,-0.0010174406243060423
G7674,0.9953768621324071,-0.0009620866687087559
G3566,0.9954490260808374,-0.0009530881708709089
G6289,0.9955190118388781,-0.0010024270719612496
G6860,0.9955500743503567,-0.0009754480006447797
G2667,0.9956154272595641,0.0009618567496297026
G5902,0.9959040875355076,0.0009004148921381433
G4228,0.9960214729226664,0.0008984630139111764
G4222,0.9961110779045983,-0.0008790718208138504
G840,0.9961861573151758,0.0008740787605873504
G6265,0.9962209254582697,-0.0007831925507044944
G7821,0.996292500846186,0.0008032282620763428
G5559,0.9963768186524817,0.0008081522674659655
G3195,0.9966484840156183,0.0007627941743781324
G565,0.9966595586427027,0.0007360161315528024
G1961,0.9971621155029301,-0.0006006902069954495
G3071,0.997229475404855,0.0005929029197487227
G6268,0.9972602071687489,0.0006032145148234455
G4351,0.9974199818824214,-0.0005579117885948573
G4329,0.9974932346378678,-0.000576046780039103
G1100,0.997617537335831,0.0005205096958579639
G3532,0.9977595812185388,-0.0005107620619702394
G1782,0.9978240719981504,0.00046284887322096957
G5034,0.9979066525183786,-0.00047818418597719153
G4711,0.9980767654782732,-0.00042858575583875486
G3080,0.9980826571150071,-0.00042746967503892036
G3775,0.9981046353426051,-0.0004257831232608693
G335,0.9982446066479655,0.0003916565760624332
G2011,0.99825091342619,0.00038661063994867295
G1110,0.9986633368196881,0.00028345598231795804
G5388,0.9988359122971919,0.0002495254210023376
G4742,0.9990158203262933,0.00022526521972935233
G7342,0.9992182374859625,0.00017235588750498868
G2975,0.9994269998306561,0.0001254666327542616
G4886,0.9994969498033811,0.0001143349288086834
G637,0.9995143887905116,0.00010929024836538702
G6591,0.9996472009864276,7.266192530794302e-05
G6505,0.9996625950952488,7.569672362234357e-05
G7918,0.9997859523767019,4.723477054537073e-05
G6175,0.9997936436332675,-4.727338072112175e-05
G5442,0.9999662528810749,7.16711861420416e-06
