gene,pvalue,logFC
G7639,1.1326622728173347e-05,-0.602122945813298
G4537,6.437466753993426e-05,0.5579125257648077
G3819,0.0001586960051423798,0.5305422025268051
G2639,0.0002825373133349669,-0.5101937207593712
G6993,0.00030326344519779276,-0.4981007647114235
G2,0.000336840843522691,-0.5056638818449014
G7787,0.00035140906893338803,-0.49960246161804167
G4457,0.0004899279912752348,0.4881753931650493
G481,0.0006356567518084536,-0.47835195340999787
G4660,0.0006939872304734654,-0.4753821474646736
G108,0.0007222829282904686,-0.4762107415974308
G3826,0.0007293225814522596,0.4702721824320102
G4480,0.0008844844356284164,-0.46969966221979653
G1911,0.001227289791143934,-0.45222768410655867
G4316,0.0014433197596177283,-0.44426761378799723
G6471,0.0015449666349300415,0.4470689331586035
G1211,0.001550435563725282,0.44344128259796534
G400,0.0016077345786208916,-0.44560197396016
G3586,0.00169756223748267,0.4421852699978981
G1160,0.0019249137495241221,-0.4385481026349704
G3925,0.001983610502089401,-0.43483522834084154
G1246,0.0024354177095965565,-0.4207986194120611
G743,0.002523944831632846,-0.42495182273363835
G573,0.0026411386619642346,-0.42301496886793
G5703,0.0027274799490484736,0.42443869481545893
G450,0.0028074184861402165,0.4212764772115126
G5208,0.0032350985873540617,-0.4106511007488342
G1852,0.003252606836995022,0.4110072909011761
G2048,0.0033162830033078633,0.41752590073444307
G7438,0.0035925637546673403,0.41055453686118054
G2998,0.003764851773931922,-0.4084048593591313
G7624,0.0038456673295074236,-0.40464958461436706
G5120,0.003966497680245079,0.4035571425515344
G5925,0.00400404377797797,-0.40135122468155116
G7247,0.004008856643376417,-0.40504339118360655
G875,0.004185113785518871,-0.4003622121622635
G3827,0.004193956058029336,-0.40265834008290025
G4940,0.0042723195806218806,-0.4043829824108104
G6676,0.004468509155102866,-0.4015116907641133
G5913,0.004596758417348781,-0.39739434078745706
G5048,0.004713565255888903,-0.40064993826874984
G2329,0.004898269615801407,0.3980208097488255
G4317,0.005023328362914841,0.3918071997301983
G5676,0.005221859034876917,-0.3965488290623437
G2016,0.005237343583543918,0.3934505992028092
G1018,0.005959587636314847,-0.3882592803382062
G3385,0.006134036019188617,0.38633173670961546
G5575,0.00641895993045251,-0.3862084091542129
G6740,0.0064621172974743,0.38307777572223933
G4102,0.0065293769814857286,0.3848706177274843
G3877,0.006581982727631144,-0.38017848151416334
G3194,0.006589434207719512,0.3781674539122637
G705,0.006620377246155077,-0.3852254799507704
G731,0.006623648062423926,-0.38398525895272273
G1876,0.006626734950460952,-0.3850533203026941
G4091,0.006729344812225321,0.3846270750910107
G2015,0.007126687051902917,-0.3779045491226003
G2874,0.007248897282845746,0.37941215356173186
G2951,0.0073520848561241785,-0.3732294188358739
G1825,0.007899114890022506,-0.37299928555940265
G4725,0.007922529300290524,0.3747107120058285
G1240,0.008036011250232688,0.3711696789302061
G5192,0.008196010084506924,0.3743642821021175
G2505,0.008196085794842038,0.37077877752504546
G1124,0.008315879287457384,-0.36879658581127783
G742,0.008585750082239677,0.3716280912477278
G4987,0.00871302115910047,-0.37048416613207735
G1998,0.008725902361024149,-0.36877161457885754
G3939,0.008782092003319423,-0.3740673937152166
G1892,0.008790414521657408,0.3708955271789914
G5183,0.008798448430914431,0.3680636018359347
G5381,0.008840030292547901,0.3693166683644008
G5565,0.00886352761953546,0.37191826540642287
G5490,0.008935900926055472,-0.367776490836109
G2693,0.008940048976946129,-0.36778773065661086
G6008,0.008948030824769491,0.3697090957975714
G6872,0.008994119007547015,0.37210993858682856
G6667,0.008998147623722868,-0.3744440242693057
G1988,0.009035826763813853,-0.3676011034516435
G6278,0.00915625081144137,0.36855548455322545
G5293,0.009403863306321784,-0.3677695214758022
G5617,0.00947980069139942,0.36813949624048825
G5108,0.009493845954154005,0.3644215217259915
G3116,0.009556409833180025,0.3622766813674747
G1798,0.0096077933555364,0.36227630840981906
G7877,0.009674176683865625,0.36262232270786543
G3504,0.009859278714608016,0.36681494764633926
G5713,0.01013106633090532,-0.3638336597769521
G6420,0.01020301088241272,-0.3621866477808353
G1474,0.010288215779496386,0.36409700023275704
G5018,0.010415144199883666,0.3596170626742653
G2247,0.010562387323355103,-0.36223483362241793
G5606,0.010886395987694256,-0.3622653922427995
G4966,0.011091177338531443,-0.3574139384142935
G3895,0.011134103553466057,0.35929818825166987
G5225,0.01147706845314361,0.3572058908258848
G2747,0.011987867071505696,-0.35834055418996835
G4942,0.012302919952785847,-0.3573334250338345
G3899,0.012312947908722716,0.35195662354796453
G2507,0.012421833450331852,-0.35323063616116335
G6110,0.012508041505595584,0.3503556482451018
G5056,0.012620191749761983,0.353228691124428
G7190,0.012711921045901511,0.3528493967688393
G6167,0.012736731654504285,0.3512474843774478
G5487,0.012981419358795982,-0.35006072842089087
G7362,0.013083192150660297,0.34866123623023215
G3559,0.013553679361298357,0.34834032396378894
G3183,0.013609436747947713,0.34612775254724804
G7495,0.013613358762428373,-0.35106339616562016
G7761,0.013629967298280527,0.3476828543874706
G7804,0.013982704408077603,0.3472262817067069
G1477,0.014043893124410239,-0.3447548019616727
G1796,0.014120898415963236,-0.347895221508446
G4978,0.014200418801098699,-0.3503951143427791
G2396,0.014476464726983485,0.34682784343283424
G4622,0.014625703598217885,0.3438744212769256
G3045,0.014779896744110092,-0.3460394055015652
G6183,0.01481316719342958,-0.3425877277002807
G4877,0.01481903436027968,-0.34284961005580905
G1459,0.015009538397444986,-0.3435894783776535
G1820,0.01518014617865665,-0.339288496117465
G6262,0.015218584848828254,0.344688595548798
G2936,0.01522748162642601,0.3393688421693639
G7033,0.015232212290325784,0.342696640765743
G1641,0.015270725115324488,0.3403102377554208
G212,0.015288919774984339,0.34336686040364917
G1888,0.015293824064973862,0.34045022931674185
G3647,0.015519480790174043,0.3393993758358471
G4308,0.015583496331510838,-0.3383163749188972
G3560,0.015693244892258873,0.343541119575401
G7224,0.015716019786234946,0.33954729026509023
G2840,0.01580654606723789,0.3421115243622662
G440,0.01589296554957227,-0.34439907878536047
G6029,0.01615598513533069,-0.3400874036422127
G5698,0.016250809391184288,0.3354010996462415
G2184,0.01631370143686062,0.3403595577520575
G2651,0.016372261149338874,0.34033550697858317
G2244,0.01661286577354916,0.3413297098016578
G5250,0.016703907398662794,0.34406212591622687
G5562,0.01676066380400233,-0.34144844836969834
G6371,0.016772164964033914,-0.34079016329771655
G3869,0.016820909620121546,-0.3333950687977205
G2371,0.016870923248001515,-0.3390639210526347
G3471,0.01705270288287645,0.336007518080574
G1016,0.017211168295704987,-0.3338829743880579
G200,0.0174828663821861,-0.33285683851014475
G7461,0.017486484938762176,-0.3390043184592042
G5405,0.01752307502903298,0.33470451414806646
G3419,0.017571676049769676,0.33158834560909306
G5356,0.017684585088656078,-0.3367243286484016
G7608,0.018455635874950208,-0.3359221508973077
G4432,0.018457347150664494,-0.3380937621565443
G939,0.01864041686411078,-0.33605262242047057
G3405,0.018641154152208426,0.3316448553835044
G5113,0.01879418628376384,-0.33284562206731905
G7547,0.01885781179321048,0.33170297645391644
G2927,0.018963421692593487,0.33033065480569723
G6635,0.01919709426542846,-0.3317192860251391
G1957,0.019291199531071782,0.33329606179107096
G7905,0.019300154597654124,0.3307182238468571
G833,0.01935710718905871,0.3298711012840184
G5021,0.019578832773722105,0.32954602658571963
G5232,0.01968435011125692,0.3317304707684905
G557,0.019693760091139906,-0.3309422292990136
G2754,0.01988390031028547,-0.32711553621000905
G2002,0.019933345285366506,0.3295083740900656
G6925,0.020051116599688876,0.3308326498796462
G3331,0.020093393920774156,0.32744197680334775
G5447,0.020175293536055468,0.3261404072683824
G1914,0.020181930879656147,-0.32967222384247497
G3611,0.020198697516072946,-0.327567140848317
G6437,0.020219676768157467,-0.33125214068574055
G7771,0.02039641897104705,-0.32743586779727707
G6611,0.020431687360851884,0.3216649301795402
G555,0.02045450910077625,-0.3256953502986613
G5866,0.020575109264775612,0.3299412408225756
G6317,0.02059456738565812,0.3239353587658118
G6905,0.020629639632019275,0.32318630936207376
G702,0.02069847181394786,0.3258757969071299
G981,0.020815022582326898,0.32816449063044256
G5142,0.020847518761469563,-0.3243672846181981
G3922,0.02096580407574476,0.32494408123247154
G4730,0.02097447585485411,0.32665089378891543
G4634,0.021176553996136445,-0.3227889203012461
G7454,0.021179937438407168,0.3241045583549398
G5453,0.021379356223672298,-0.32332713149974746
G3750,0.021438577264855787,0.32901458170577924
G7819,0.02172670604888853,-0.32304883446624305
G314,0.02186020298355302,0.3238039401873869
G4224,0.022112707094959196,0.32202367409069543
G5987,0.022461195782855457,0.3215442709960844
G84,0.0225712349778221,0.3216486359410917
G1498,0.022603405399751343,0.3224939306237939
G796,0.023231641393902283,0.32137996513704364
G1117,0.02345279784264228,0.32240246554413965
G1712,0.02355049012419483,0.32227487521444054
G1243,0.02380114653984971,0.3193632060732047
G2803,0.023813476917210804,0.31792415382734
G7812,0.023871098209894765,0.31688884229607195
G5065,0.023979954373546376,-0.3190288138703443
G1126,0.02403717505855524,0.3218540624988292
G6252,0.024181315731189798,0.31935196526642495
G6861,0.024367648708468047,-0.3197343378861047
G5936,0.02454331904816395,0.31928656956441637
G5812,0.0245963135492812,0.3171453631269634
G7129,0.024598974739292855,-0.3204205106845679
G7681,0.02467340296354604,-0.3177409599924911
G5867,0.024722514470978677,-0.3201782280976465
G4849,0.024769188558185502,-0.3178664519414243
G497,0.02495932363011223,0.31612404696862656
G491,0.025069433709785947,-0.3185159897235553
G2590,0.025100543359366758,-0.3157362123510446
G5153,0.025580181527880348,0.3167509051421019
G1646,0.025803808542468543,0.3141483965795166
G5605,0.026209477103668163,0.31323135062028734
G5877,0.02626241625324477,-0.3157649632838855
G3902,0.026270849285174962,0.3147183427130754
G7014,0.026365176520711783,0.31667914814705544
G2964,0.026439977170792533,0.31385621606879316
G4092,0.02647142343731089,0.31546645908599386
G1806,0.026536097046100184,0.3133515520250606
G2730,0.026647743474454266,-0.31251334167421196
G1137,0.026967790615970783,-0.3129176373373186
G6894,0.02716125237158524,-0.3135629704660263
G838,0.02719167599748684,-0.31213569661710705
G1458,0.027208653335209318,-0.3120762153976129
G1131,0.027277493533897388,0.3137726497844288
G7099,0.027348646885382674,-0.31307417853372865
G6932,0.02750309232307872,-0.31355330041952134
G2919,0.02750752716140907,-0.30981092061538984
G765,0.027511806750152298,-0.30811527398559835
G7638,0.02755575856208174,0.3109480682655207
G7097,0.027611037043785962,0.311604556103439
G1490,0.02762064493261996,-0.3080705754687666
G6986,0.02771130166539893,0.3154998932290849
G1495,0.027829016148533506,-0.3118916863789154
G4784,0.02787924244494998,-0.3132708945801367
G2836,0.028175471239633536,0.3085319270261808
G7759,0.028765590815851547,0.3097104896177537
G1526,0.02889235335320454,-0.30622352994957835
G1180,0.02894333638844025,-0.3045891287411596
G5607,0.029220390417935053,0.3097686157567361
G3049,0.029273431459556794,-0.3081835307799422
G2097,0.029387221554242907,0.30900412825554824
G6523,0.02957500626540223,-0.308177399610597
G3956,0.029891578945109555,0.30685089685037936
G5131,0.02993487236194359,-0.3078846346844155
G5882,0.030275507171726564,0.3071432215124064
G6946,0.030465648182413426,0.30406830326892864
G1030,0.030696749202585565,-0.3077519278360159
G2870,0.030850831174180637,0.3050752663884254
G3572,0.03122154968292489,0.30530774507376024
G5648,0.031257464605327405,0.3031298804069795
G5963,0.031390403476655185,0.30322545926635924
G5135,0.03139548091394611,-0.3026949131173329
G2381,0.03159945334998347,0.3026564075616228
G7628,0.03161720150266803,0.3024021360005272
G6525,0.03166132517870442,0.3015698938041833
G2571,0.031700556555483296,-0.2997804655318611
G5869,0.03174933537150019,-0.30508522028310137
G4625,0.031833619367859105,0.3051291288553457
G3755,0.03196227609119847,-0.30269822684814096
G2197,0.03197415443877265,0.3058747319658396
G7882,0.03204479507772573,0.30099902446489313
G710,0.032082993201092244,-0.3002818241084211
G3811,0.03223196258729687,0.3049841802904114
G6612,0.032340996076553954,-0.3024588395433275
G6938,0.03260482855865027,0.3013842289483011
G1851,0.03264623220943429,-0.3018874425637288
G7475,0.03319060495426654,-0.3007814977412485
G7668,0.03340030902144998,0.2990957574400299
G7479,0.03348611569106536,-0.2960890525409353
G7101,0.03365263379015278,0.29992129771532267
G77,0.03377434200361917,0.30012051966239056
G4013,0.03390390279677014,0.2996351093226045
G7088,0.0339459980955809,0.29753026574076363
G4915,0.033947181222669244,0.29664383029789787
G6165,0.034197030466938026,0.2968200924014396
G5506,0.034722750032488994,0.2994126793545244
G986,0.034722962237891494,-0.2971909355104181
G5464,0.03476221317619988,-0.2967808390308537
G7148,0.03482184551438061,0.2993523787740783
G6249,0.03488199913443034,0.2970950820200472
G5764,0.035003664034048455,-0.2997958701146862
G3651,0.03510552795310324,0.29713458256579384
G719,0.03537830435694861,0.29994773324476404
G1656,0.035713650273488017,-0.29931347441867795
G1619,0.0362740651913649,-0.292516611729852
G738,0.03656469191117807,0.2955792182641578
G3005,0.036594516280285275,-0.2951360614269214
G7533,0.036875397686973996,0.2932026541648578
G6866,0.037802137422787624,-0.294274631499438
G5923,0.037824939950905814,0.2933592223663334
G5058,0.03782797468567078,0.2907598893472786
G1274,0.037845897995926664,0.29344463707343665
G4822,0.03795891691580673,-0.29235863151862945
G3332,0.03802198076652431,-0.2904472370293303
G5054,0.03816522237847924,0.29345348021565254
G5580,0.0381734474450672,-0.29297199585894385
G3044,0.03846719180122405,-0.29084781577675806
G5830,0.03860929445923289,-0.2913356325252864
G7363,0.038768615090596176,-0.29049247065025674
G3408,0.038774642502419264,-0.29240800146407503
G2229,0.03882100624796888,-0.29314006428461087
G2780,0.038857635035050395,0.2934066729103134
G7950,0.03888546199641938,0.2923744415549497
G4149,0.03902384531704756,0.2914007839578393
G1612,0.03911739381933697,0.2913117901605216
G6472,0.03919271859293604,0.29174702115401496
G2958,0.03939116667289804,0.29183027355835905
G7229,0.0394401235035597,-0.29059676297647447
G6789,0.03946651883333187,0.29322456482824266
G496,0.03947580977213961,0.29029749047071507
G4821,0.03948160974523588,0.29234400657089077
G7855,0.039517201304802706,-0.2898362419867829
G1174,0.03953362810521636,0.2884622254678408
G7439,0.03980403508873196,-0.29164328054221045
G3994,0.04002145821925236,-0.2888621873353481
G5889,0.04009342592823947,-0.2892998768178492
G7408,0.04025184853824509,0.291980182634344
G2298,0.04041166603547816,-0.2912356708522975
G5118,0.040416198317960055,-0.2908557412312142
G7610,0.04053353473772335,0.2864159867499954
G3336,0.041005459032945446,-0.2902737206029283
G5161,0.04104757037005756,-0.2872130928546132
G2286,0.04131158711974603,-0.2871441484743007
G3409,0.041577411675767034,0.2894988144145727
G7941,0.04182126905520967,0.2908073817583787
G2990,0.0418586456059266,-0.28762353477179625
G5083,0.042265264638126854,0.2849199260403252
G3888,0.0425220266588628,-0.2855957844243022
G7410,0.04270209315227848,0.28498347663906165
G6443,0.04295761461665249,0.2856119031050741
G4100,0.04299663518307749,0.2883137189658818
G2600,0.043410585001867466,0.2862308752341653
G4688,0.043575443075669,0.28493386094685813
G2560,0.04372307783614397,0.28511510849625166
G2662,0.04375562211082993,-0.2821475258033639
G1869,0.043904538231026635,0.2865543405361497
G1390,0.043978918648473114,-0.28729000338288946
G1362,0.04403602525002234,-0.2811808589045559
G117,0.04413704491400656,-0.2851969881909173
G4097,0.04429062646451078,-0.28171757377288387
G5679,0.04432197925540707,-0.2838497029944646
G6255,0.044374032992054065,0.2841367657096607
G4298,0.044474663843308046,-0.2841546372950435
G337,0.04450582969431808,-0.28578885033787793
G3440,0.04484517255101385,-0.28476461539731807
G509,0.0450071470133828,0.2818935253358825
G6610,0.04512941785726311,-0.282003766854968
G3593,0.0451504770323607,0.28018100071824814
G4467,0.04527780226972232,0.28090241227956825
G2190,0.04552209227008655,-0.28402950177264386
G2884,0.04592146211748766,0.2822116942814873
G5880,0.04595679186175607,-0.2814117442854426
G709,0.04616577759410025,-0.2832731382385668
G4243,0.04645934708932405,-0.2844556705433323
G3721,0.04647212585296333,-0.28074587075147034
G5938,0.04654956372940336,0.2816619806254772
G4739,0.046555005156639476,-0.28166210951141446
G1414,0.0470114735725343,-0.2795485899147525
G816,0.0470747367596317,-0.280708452447732
G3420,0.04707598040409415,-0.2784760938721041
G7287,0.04709579852240852,-0.27943669267048643
G5822,0.047105164912267024,-0.28082391269653145
G7789,0.04710915559633055,-0.27958324501994253
G502,0.04718513755231631,-0.28036883174927335
G5820,0.04721280754586536,0.2822432774639302
G268,0.047486238272669005,-0.27928127658565843
G256,0.04775274478455429,-0.28014846967534895
G186,0.04796421823615423,-0.28026321286890626
G4882,0.04801003306393804,0.2792305264267624
G2338,0.04807164120123003,-0.279163845832257
G1257,0.04817694306806421,0.27992124811394037
G2379,0.048225593826805156,-0.27969965770598515
G3797,0.048230131345934006,0.27804744312176743
G3180,0.04831157516586949,-0.2804469466897213
G2596,0.04843913925604119,0.2800896881545882
G5067,0.048562531848958625,0.27973570994587593
G7683,0.04879593750259331,-0.2794688320155777
G2501,0.048898930898663304,-0.2807431085856431
G1787,0.04893310182475479,0.281199940814081
G5300,0.04917184972263235,0.2792071556468846
G6466,0.04932377064881187,-0.27916110602033706
G6742,0.04947520934182525,-0.277533604673063
G5750,0.04954667785706387,-0.2808733446800572
G2313,0.04959100486656441,0.2761047794011383
G6754,0.04962789758384107,-0.28327935981375796
G1114,0.049638023673651825,-0.27586961553835515
G7106,0.049702919439120634,0.27797692557428055
G2209,0.049775044311014205,0.2802506351233507
G2308,0.04985834959626364,0.27663061069397654
G4301,0.04990503674321009,0.2752412625209155
G3525,0.04998917844709825,-0.27754584371012714
G6670,0.05027170812448708,-0.2769453570779132
G2158,0.0505178227741824,0.2756688512757255
G6690,0.05067930762460302,-0.27687048909233625
G7979,0.050755232107883234,0.27437225343433985
G7467,0.050891363739082505,0.2773794057186486
G1745,0.05115947277471867,0.2736826707738135
G6034,0.0515115277725989,-0.2740625222508667
G6340,0.05166096364169511,0.2747992823868821
G5572,0.052561562851327175,0.2760547402558837
G553,0.05264495515210518,0.2711756811054719
G6144,0.0526528806598326,0.27439382236201987
G4909,0.05292574664789523,0.27448284301686243
G452,0.05293653953828249,-0.2708693485311884
G2991,0.0529606827009,0.2738864870924663
G4590,0.05321988755988939,0.2783852654544091
G4007,0.053245862569485825,-0.2719541496350618
G7964,0.05330874650117288,-0.27266222568619913
G6593,0.05351505558220929,0.2733762319784879
G408,0.05354162262381335,0.2739884491256386
G5143,0.05358489695769058,0.2745874337537083
G4002,0.053712016416628865,-0.2727599035089794
G3648,0.053864939148005435,0.273885368731944
G1168,0.05405699737907092,-0.26888552819337774
G4160,0.05407169604186699,0.2747600951592375
G1235,0.0546764535978045,-0.2731016122387257
G432,0.05471374826373747,0.2713294080059747
G1861,0.05474550756792592,0.27399403635249275
G3313,0.05479571183368423,0.271521879617467
G1512,0.05488813328638273,-0.2731439891925584
G1247,0.055057458689884986,0.27195696260363456
G4136,0.055073203612564535,-0.27344782505150367
G7576,0.05516888794239154,0.274364378332067
G4722,0.05560069093118593,-0.27370380440976555
G7597,0.05573662821696505,0.27011578799784774
G7340,0.055919219441911444,-0.27233609144848103
G5646,0.05594699508809846,-0.2694182090061853
G2294,0.0559547322112612,-0.27108452092336494
G7502,0.05602160101143755,-0.27021206710382706
G6871,0.056249650081639825,-0.2681478544647635
G3762,0.056461314672028085,-0.27126422238180836
G7954,0.05650323833391911,-0.2692184842941071
G5466,0.05651261285826927,0.26821683196720814
G973,0.05652375953878273,0.2714199047937985
G3848,0.05655162105094669,-0.26950948678219755
G2203,0.056571721984316856,0.2701334176074413
G6301,0.05668843427569691,-0.2682572946295182
G4669,0.056927562763062586,-0.2700079366039971
G6625,0.05713740408711341,0.2709080591572524
G1533,0.057580998374635706,-0.2682436746323761
G7156,0.05778438247818015,0.26722020552408066
G4809,0.057924293166235874,-0.27017708987585776
G3096,0.05793107674010969,-0.26633946050961543
G2040,0.05800207826868076,-0.2681240751983123
G3031,0.058038588483598136,-0.2688799471959066
G5940,0.05818549503302909,-0.26838310768443674
G269,0.058223950956466076,-0.2707843877786831
G2879,0.05825560814261765,-0.26870000685145123
G7535,0.05829896491028259,-0.26671082565218096
G1674,0.058327269187724615,-0.26668100241918635
G1075,0.0584364157414433,-0.2651044408964177
G729,0.05872641898027955,-0.26725713387850325
G7433,0.05902018851461437,0.2649665882055958
G6796,0.059045198038530804,-0.2660291040844204
G5001,0.059198623610075274,-0.2674421566381771
G2420,0.059227140402372126,0.266032523976354
G3904,0.05991904257024164,0.2651434336833173
G4675,0.059962085060639526,-0.26450285017911546
G4534,0.06034055462786708,0.2655301377539163
G3735,0.06040235936257032,0.26169249356485025
G2131,0.06045766965884387,0.26801667225055165
G7972,0.06061690877598948,0.264038116953789
G623,0.06077228741034254,-0.2668359897733855
G964,0.06124806444714652,0.2653583978047029
G2176,0.06153218584544945,-0.26555563885358624
G251,0.061549101190111574,-0.2660091522731156
G3908,0.061654188775400826,-0.2658814799576712
G2388,0.06175989474854337,0.2641932620352566
G6409,0.061883393691693794,0.2676195484670425
G5299,0.06188714926667905,-0.26483546608091213
G4847,0.0619401227192959,-0.26393276323670545
G1083,0.061999566628853385,0.2661957007499179
G2626,0.06226603156980654,-0.26441368496918344
G6380,0.06276553431503035,-0.2653973518121276
G5221,0.06278103427254413,-0.26326379257854704
G1010,0.06282902752871679,0.2672999317732626
G4179,0.06284044096236617,-0.26087044275979343
G5909,0.06333782169811152,-0.26279299204681483
G7685,0.06347402732870688,-0.2607478976104667
G2898,0.06359425588334318,-0.2631513490531343
G1053,0.06371765305070008,0.2664830438440126
G873,0.06372672017657939,0.2642288365265121
G4690,0.0638203974741254,-0.2655671280304664
G399,0.06389438319537431,0.26076139045265023
G2877,0.06410938850609083,0.2630652242016832
G6769,0.06413422898489744,-0.26465282049767225
G5402,0.06420506603166448,0.26093172902189266
G4632,0.06451483208217515,-0.26031118311896984
G7999,0.06474832563317585,0.26038850668643476
G5757,0.06489048384939568,-0.2617818620354332
G6050,0.0649156078672647,-0.25991084470204645
G2288,0.06496462044746629,0.26386576457093663
G6979,0.06497050538897707,0.2607148427281175
G7184,0.06499494298072095,0.26427616304893353
G6960,0.06504122198549121,0.2621562723196697
G7498,0.06504614347616142,0.2608874618590024
G1314,0.06506801267523966,0.2615442364542717
G6283,0.06539898228091959,-0.26075490528487366
G3667,0.06542112405744381,0.2631700787402269
G1735,0.06577740962258233,0.25948327078720645
G3724,0.06579732658461537,0.2585242256527236
G3883,0.06599543597215081,0.2585960984507809
G2758,0.06622737211440076,-0.2572650861464123
G4392,0.06640146310962286,-0.2583396705702202
G2725,0.06656287299686786,-0.2592480479809101
G3918,0.06657186413590747,0.25653388454617376
G3142,0.06665787814826687,0.25883581093267516
G4562,0.06672346930092982,0.2578943118339632
G4826,0.06698279634131248,0.25968132479915307
G272,0.06705959740258072,0.259580383372209
G5057,0.06715177101027842,0.2573908429596384
G4642,0.0671551167231166,-0.2589442235710598
G4980,0.06732959205764667,0.25954779607618406
G6953,0.06733659503923292,-0.25951614053872085
G5062,0.06756596164888591,0.2586368789304251
G6323,0.06759147629827891,-0.25816569263714817
G3219,0.06765465115352454,-0.25870277082310567
G7565,0.06782035898177514,-0.25967542676080135
G4217,0.06789964479043134,0.2579926730224158
G7312,0.06791133558164798,-0.2559623932436179
G289,0.06791384691483696,-0.25958370273414516
G4386,0.06802028908177132,0.2555455229553067
G819,0.0681331648249783,-0.25770105915180075
G5233,0.06825123849776638,0.2592970502008355
G7773,0.06833901095724969,-0.25829496593262496
G5748,0.06845756389716652,-0.25904634136770915
G7428,0.06848976894156734,-0.25661213488921475
G6258,0.06872608669400149,0.25963733227684377
G4495,0.06874275435473456,-0.25584378081960457
G7235,0.06929855789029683,0.2576533775424119
G5435,0.06930847432707478,-0.25814445741005476
G1660,0.06933257856428471,-0.25790026494226675
G6468,0.06954772190863114,-0.25639794049188835
G3940,0.0697037937582138,0.25723321690522905
G7920,0.06996022716915302,0.2577288379786376
G6646,0.07011983219668762,-0.25701593358117125
G5081,0.07048363648567489,-0.258871602505704
G5754,0.07059652176256913,0.2568426288868151
G2013,0.07067634904808359,-0.25485944499168467
G6427,0.07078770432283114,0.2557137591272317
G6226,0.0710084389055464,-0.2581926215889907
G14,0.07103345883092672,0.25452795405234185
G7977,0.07125687137087983,-0.25581168930101317
G7396,0.0713105885104414,0.25291659097726954
G5558,0.07152830673557498,0.25268052624118303
G5165,0.07170959486090601,0.25545628662312
G7835,0.07176729245147324,-0.2549226226853246
G560,0.07187877887994552,-0.2527736584233395
G977,0.07231064253884498,0.25533633221561114
G2660,0.07231211359660264,-0.25574151209681656
G6868,0.0724064628220518,-0.2544062178267444
G3030,0.07259247705871223,0.2543901972955409
G145,0.07263383497661853,-0.2561804869113801
G1393,0.07272024794655138,-0.25695509438747755
G3682,0.07275736386477481,0.2547318182499329
G3852,0.07298739995566345,0.2536790482610397
G4065,0.0731615555024461,-0.252542445951539
G4574,0.0732306182902292,-0.2531378636516789
G2351,0.07330663992498077,0.25304835037408313
G6019,0.07335428249489105,-0.255655282906323
G3051,0.07338470256474044,-0.2522177315461346
G205,0.07357419301765679,0.25576891956906195
G7701,0.0739782864543952,-0.2518046514984043
G689,0.07423249822551477,-0.2531617839518798
G6093,0.07443136788648365,-0.25097901621255614
G5363,0.07443388644522597,0.2522412754878365
G5360,0.07465799466218903,-0.24956631199060875
G4369,0.07474069669321075,0.2525763639256946
G2617,0.07489086951307615,0.25278825334600374
G7634,0.0749574958672124,0.25198023287660654
G2793,0.07507720125153519,0.2530017364429066
G565,0.0750891396638101,0.2502049336642985
G4499,0.07555186997891615,-0.2508781826079843
G2729,0.07573841379143303,0.2510771014598947
G1747,0.0757869574292214,0.2523406774145183
G354,0.07584737040922325,-0.2502643314329078
G226,0.07637488422019097,-0.2506163107973588
G3463,0.07644906246557334,-0.25238200627101576
G7368,0.07663246273887143,0.2543482766614367
G4791,0.07705673257052686,0.2511242950838211
G2962,0.07707052895418266,0.24975462741554183
G3822,0.07710579309319064,-0.2505269043488417
G6208,0.07741919226495156,-0.24848921309577418
G307,0.07744220668835472,0.2513019051307668
G4364,0.07751326840044816,-0.25054422667277704
G2296,0.07754445213762831,-0.2509959470904216
G332,0.07782900017082767,-0.2502552942193954
G6401,0.07789721755586451,0.2488943432157214
G685,0.07795669163868954,-0.24785945288314118
G7477,0.07799553897747023,-0.2529636666100402
G1221,0.0782294507080534,0.24841441147213472
G5819,0.07839803945977179,-0.24740969755887246
G1315,0.07845223630214103,-0.24672313300028503
G3015,0.0785138716463525,-0.24689710300168374
G5710,0.07858781888116005,-0.24956268155710282
G7284,0.07861679941567191,0.24739869662700747
G7330,0.07863328876762814,0.24725488555214006
G4109,0.07864493306507911,0.24817075241976155
G2126,0.07865157019319265,-0.2495364456311277
G4571,0.07875865976170195,-0.2511795957408271
G3272,0.07889970096760399,-0.2509362951905708
G2768,0.07890712291617381,0.24896587209261964
G2599,0.0789571914856998,-0.2461753032879151
G6589,0.07955168153742714,0.2460692468488332
G7157,0.07961816404728266,0.24928714048941497
G7407,0.07973093911576687,0.24778322333056266
G807,0.07974392134966363,0.2488129276183496
G5817,0.07983490861892972,0.2485414239733108
G4312,0.07984582164317602,-0.24794768116361154
G4074,0.07988824448224491,-0.24751857579663053
G4986,0.07993996011447917,0.24922104313858376
G6730,0.08002616339283722,-0.2462495834436229
G4969,0.08024430535031339,-0.2475752850492792
G266,0.0803022968545488,0.24805414612988586
G6054,0.08032716339158681,0.2466389304705567
G5597,0.08043918343565286,-0.24810518613453458
G7902,0.08044001141464027,-0.2482038258169067
G4749,0.08046349249436283,-0.24943362991263984
G4151,0.08046473218998304,-0.24759813274910675
G73,0.08114788737031445,-0.2482105509583809
G657,0.08124394289045761,-0.2462211077371356
G5714,0.0813066906593046,0.2475530590620103
G2607,0.08140234254580508,0.24745068142292617
G862,0.08176674668393638,0.24757149822208663
G815,0.081842759275884,-0.24743749662486875
G3687,0.081937618075226,-0.24447192604500326
G1209,0.08199232255927805,0.2441603049867212
G7016,0.08201616932232818,-0.24600608791111161
G4618,0.08203341625776844,-0.24600528372682223
G4026,0.08203479660985048,0.24891292593569642
G2895,0.08211522895535607,0.24539632318971927
G1098,0.08213196880269541,-0.24641775322937334
G4422,0.08215447980806355,0.24667006694970678
G4611,0.08217684465667602,0.24612795915174002
G5087,0.08218634627012349,-0.24893837643874236
G2214,0.08222655966308266,0.24639352485413318
G1385,0.08236021267641602,-0.24634065654373874
G7824,0.08249570875277971,-0.2470585501474155
G3703,0.08277022349511498,0.24441511037263713
G5628,0.08306520589771527,0.24623540867651184
G1690,0.08309388492195562,-0.24377757799650418
G781,0.08312221249721191,-0.2451131496400501
G5746,0.08317885585332492,-0.24418478604465682
G6661,0.08327435345523614,-0.24414445036624005
G7917,0.08343160583445672,0.2440041955564004
G274,0.08347855338875047,0.2443648133295474
G4836,0.08350307164725233,-0.24460172316984485
G2479,0.0835206689600793,-0.24681075118599394
G4303,0.0835768965816909,-0.24530178204598294
G3177,0.08375389831410356,0.24638630517473892
G1510,0.083987964335531,-0.2441992997406992
G6083,0.08406078361013264,-0.2439582460529425
G5601,0.08423726492099465,-0.24712500662097364
G2690,0.08424800027914167,0.2479184986357948
G5700,0.08427869114169541,0.24388024330066824
G7305,0.08441601613086108,0.24533276037497936
G6273,0.08457576722543149,-0.24379809424539217
G5472,0.08465532951184092,-0.24598998205364017
G6810,0.08472223074554572,-0.2445948013571494
G1178,0.08473517554769824,-0.24496621979458505
G6920,0.0847605535437132,-0.24383877689719796
G735,0.0847891421464059,-0.24321622909001805
G2385,0.08480955556958694,-0.2444175596640189
G3363,0.08498207378250694,0.24523380998330307
G4583,0.0850886339503441,-0.2418621257705647
G236,0.08515415636845848,-0.2442371420268076
G3884,0.08520211434034469,0.24521577030511876
G328,0.08549991542942947,0.2456688130676423
G817,0.08559736578068676,0.24150226306443984
G3255,0.08560661149940521,-0.24198181093228005
G3393,0.08575754074605423,-0.2436392379731217
G4631,0.08576228928804902,-0.24130845615824834
G3094,0.08583710498852173,0.2444721012915902
G4147,0.08602051585678187,-0.24492123155509696
G2591,0.08607048695496264,-0.24097813122361392
G5372,0.08613689393128116,0.24390978494428228
G7072,0.08664984662763987,-0.24094659787679495
G6181,0.08675787993042458,0.24004755758925614
G3472,0.08702414310001858,-0.23998483548065563
G4593,0.0872610733725752,0.24035156177074823
G7087,0.0873466100062564,0.2444165981064662
G549,0.08740197304056065,0.24284618690672036
G151,0.08740836520626237,-0.2428521853926936
G6173,0.08748081945838646,-0.2411317171547479
G6957,0.08755596730638103,0.24151708869084623
G3082,0.08761787693818426,-0.2434873917912715
G5429,0.08771673635121921,-0.2442498815220812
G3584,0.08802668342362586,0.24149931925542245
G4733,0.08803988315434047,-0.24301292915747863
G430,0.08820555352910804,-0.24212511711850232
G3425,0.0882203080323317,0.24041843453156325
G1951,0.08861784208249807,0.23892289570701164
G3771,0.0888662339079838,-0.24032508314639683
G1511,0.08906864606700031,0.24278027758001614
G3230,0.08930558549069592,0.2397523857459647
G3296,0.08933544974595463,-0.2415995498485689
G5059,0.08959303292467964,0.2429469005068613
G7695,0.08974987390597976,-0.2402275664465219
G312,0.08978767868809943,-0.23965406432361888
G3865,0.08981072293982982,0.2392839611043912
G652,0.08983220562351436,-0.24116807233567317
G6983,0.08989498261791729,-0.23824619930741137
G1359,0.08992885318704691,0.24091066362892408
G2761,0.09007178338774095,0.24037749247698093
G5859,0.09012323553846412,-0.23739288491629287
G7620,0.09015149955121006,0.2403148893615089
G5614,0.0901628516406902,0.24119667133506087
G4475,0.0904805883390118,-0.24032355852253284
G4743,0.09087475528457316,0.2404623965982724
G992,0.09092312288826841,0.23860479337862223
G1335,0.09114657104082101,0.23887247878211776
G1898,0.0911600375370301,0.2393760605237725
G4554,0.09118223144197701,-0.23762596508633185
G4824,0.0913155061977323,0.23955083809106542
G6129,0.09134099147519924,-0.23913327911447493
G2272,0.09145665439088131,0.24185683196557964
G5622,0.09161343920815812,0.24160879025339477
G5716,0.09165155318175744,-0.24045222407393257
G3981,0.09166249332369696,0.23641305302162047
G3339,0.09186444827920393,0.24052972848134063
G6513,0.0918731829076804,0.2391103973315078
G6862,0.09187555167546438,0.24152883333109548
G6710,0.09203054268040496,-0.23503665673407376
G6138,0.09208050640685116,-0.24008632736208885
G6153,0.09228354522020792,-0.23813788411878242
G1442,0.09247217927648872,-0.23716689996298246
G6697,0.09262732133678903,0.23778195641918784
G7797,0.09262822324071776,0.23797256590883664
G7319,0.09275043661527539,-0.23819677982860654
G148,0.09276702378174273,-0.23665660510074304
G6739,0.09288435711939369,-0.2359674159794478
G5468,0.09304787457911043,0.23857365101822775
G1056,0.09305367756666022,-0.23831908812046745
G6432,0.09328570624508659,-0.23847901495091442
G6159,0.0933841625688814,0.23814851699851639
G5675,0.09345053013073001,0.23519756996669283
G2322,0.09352003995985426,-0.237558681690122
G5522,0.09358521209543871,-0.2394426897933927
G1138,0.0936787691197901,-0.24136381297876996
G1483,0.09369813097108903,0.23706870596784888
G1014,0.09376908557558428,-0.23777455063897893
G3597,0.09377516830589219,0.23797387588886293
G4314,0.09400082367612225,0.23838843637522936
G2752,0.09407737161922704,-0.23778119699147285
G4925,0.0941065586280729,-0.23676321260893887
G2734,0.09415198022054505,0.23551701023979943
G3039,0.09427277297705092,-0.2374776823365124
G2336,0.09452921394452617,0.23703763942111275
G891,0.0945564887851798,0.23739052068856284
G6795,0.09478338552204346,0.2373684430884132
G6877,0.09485122717037224,0.23649990197432547
G6175,0.09507837822313486,0.23589334087852223
G6494,0.09512095232065178,-0.23853909705216583
G1532,0.0952689264360058,-0.23456195843376648
G2715,0.095278031469092,-0.23563168630751583
G3817,0.09543960482136721,0.23528045699629874
G384,0.09553393613152954,-0.23459504977565593
G7611,0.09553892236838211,-0.235507985102815
G5957,0.09575619485716415,0.23699627631767584
G5190,0.09584231934492282,0.23504469981087234
G5840,0.09591721745417339,0.23230591948305906
G1502,0.09592464451067712,-0.23502077585240283
G754,0.09600773626388577,-0.2364094040134247
G6245,0.09601960589707892,0.23682171954024434
G6553,0.09614280195159924,-0.2373411247724574
G4078,0.09628097199269665,0.23437854768248567
G3562,0.09663929977643003,-0.23645200181076137
G5178,0.09667190925280297,-0.2356984255171169
G1230,0.09672270031628497,-0.2361291579367823
G6022,0.09672743339285979,-0.23643913740530428
G7402,0.096731998669462,-0.23452501653059937
G1971,0.09677023602513443,0.23522809622811558
G1193,0.09688150769113488,-0.23537935633177395
G5841,0.0968937076278412,-0.2327782990754403
G5751,0.0971305234909359,-0.2375680310203441
G926,0.0971451984769674,-0.2346662054201523
G386,0.0973234648532717,0.23640870681921494
G4854,0.09732585737915758,0.23406320516870338
G4920,0.09738391956105479,0.2365025787778135
G1162,0.09756286838895592,-0.2354963996940862
G1779,0.09758843938898074,-0.2343651751743639
G6908,0.09777695629698496,0.23553723079180833
G630,0.09815471277854909,0.23507119392876438
G5082,0.09818556738450154,-0.23597021929583012
G4472,0.09818987335245401,-0.23532112176193387
G4868,0.09830155280543615,0.23537223685366637
G6637,0.09834963581475387,-0.23192291695263423
G6484,0.09837748878155075,0.23466338224879646
G4584,0.09855242546828238,0.23562362026913894
G3964,0.09862184176956333,-0.23244894449440245
G6060,0.09880850093523741,-0.2326544440043461
G5129,0.09902416201915418,-0.23281977631086725
G7213,0.09915977391892741,0.23129817907818212
G7053,0.09920750176594918,-0.2343852154774646
G3624,0.0993888587214677,-0.23404344398320798
G1613,0.09947488604290917,-0.2338040116356438
G5687,0.09954524548084255,-0.23183994261950844
G4446,0.09957227752675125,0.23573642286666519
G4858,0.09961894583275747,-0.23060599653004235
G6011,0.10006713421871476,-0.23397398441528197
G6303,0.10023775669702595,-0.23483653094417847
G6658,0.1003215187658655,0.23159998215912347
G6131,0.1004860794010267,0.23388692503492142
G39,0.10076238231910976,0.23102038497642285
G3300,0.10090200748107302,-0.23238838183511773
G457,0.10098407146164687,0.23169120461346793
G7626,0.10112103669916786,0.23464608507948095
G5419,0.10126572880384326,0.23331759657285744
G5009,0.10162755377350582,-0.23118889901380668
G7719,0.10189007924850638,-0.23218871880746134
G191,0.10209254023310976,-0.23297263479275346
G1924,0.10223219306845922,0.22938339137186264
G4304,0.10264746041710247,0.2319975255856786
G3996,0.10268318069021917,0.23167438370382792
G5284,0.10271317773819835,-0.2321832310989814
G3145,0.102761276180659,-0.23010313102631438
G379,0.10280284508001176,0.23375972380661797
G3063,0.10323523514030182,-0.23078609797741273
G7526,0.10324391109484873,0.23183908766817662
G2323,0.10325888478134897,0.232506374536601
G6105,0.10330248008730207,-0.22928903989596044
G4496,0.10330673734192762,-0.23051409080708718
G7139,0.10344357276730916,0.22895672395756148
G4134,0.10357530340268126,-0.2301449679811754
G3077,0.10382842519569688,0.22987763842815262
G4247,0.10385369049502255,-0.22891733028472228
G4528,0.10397598513285522,0.22806826231046992
G3318,0.1041111760090902,0.23045451437140213
G6460,0.10425497016437704,-0.23109947838908507
G2468,0.10426415385124402,-0.2286930645842667
G5476,0.10438883187924097,0.2277840064393897
G5324,0.10455788923524299,0.23057128308675306
G6792,0.10457766146957197,-0.230135205740912
G7734,0.10475330104713249,0.22811702897349978
G4286,0.10477459607896993,-0.23010811338308537
G6532,0.1048880122582274,0.22795386022003414
G4248,0.10496723613681702,-0.22951405967530022
G4258,0.10505084670201867,-0.22821206264275692
G7752,0.10520839006166592,-0.22642235448897047
G4087,0.10524190303094391,-0.22677998722426623
G7530,0.10526518097714692,-0.23013059648636958
G4086,0.10539669713530705,-0.23005315970708862
G500,0.10541759735212129,0.22894626479987384
G1111,0.10544387560509141,0.22847239193901936
G7716,0.10558631838854735,-0.22969702646289097
G6617,0.10575166235475159,0.2284584210014688
G5159,0.10594847005325826,0.23157111692888793
G3555,0.10610028261420769,-0.22950289648880673
G3348,0.10618140473682915,0.2283537476586676
G1516,0.1062043510417833,0.22930134585792977
G4589,0.10651084501906677,-0.22681718724377903
G2324,0.10666730767534346,0.22819589987898603
G2263,0.10668659232021105,0.2288565926118212
G942,0.10676907328101207,0.22994899517409806
G7959,0.10681897055478862,0.22908330192994691
G2446,0.10705920066699987,-0.2291708856334068
G2652,0.10708273594607261,-0.22999694906421164
G7365,0.10742059993158312,0.22794165903708724
G4778,0.10746217079700363,-0.2281008437141373
G4452,0.10764726401039834,-0.22570841317953552
G4561,0.10767747249752813,0.22773429263714418
G7951,0.1078177726509787,-0.22788244214683173
G2960,0.10783580782105535,-0.22790281392644218
G7051,0.10802100298111547,-0.22994094741694626
G3352,0.10817026276603371,0.22621417625012635
G2170,0.10852414112666554,-0.22801424529396613
G6488,0.10888088275371056,-0.2246092600334463
G7466,0.10901939939853651,0.22838029883021943
G1699,0.10908568189487085,-0.22828567690234935
G3364,0.10918023215956142,0.2288212426586921
G5665,0.10923754843624159,0.22782732893011728
G5799,0.1093313900257391,-0.22818348573996738
G6238,0.10963885134665761,-0.22854141753655438
G2043,0.11030989861431488,0.2231984752201397
G608,0.1104613354434279,-0.22830296841248132
G3911,0.11063851930492088,0.2281076494589398
G3714,0.11142813015827303,0.22810212059629184
G1868,0.11143652745267271,0.22450033678140885
G5096,0.11158103017770457,-0.22613738919661752
G2796,0.11158490012886561,-0.2262441772892167
G6910,0.11168209696533124,0.22828195517981986
G2363,0.11205915770003742,0.2265253341208672
G3514,0.11212730535400976,0.22518502147006125
G3834,0.11235264567907101,0.2235229884679356
G5793,0.11243715659910979,-0.225503468982983
G4990,0.1127188061298755,0.22686739618241442
G44,0.1130029703578959,-0.22219759800050798
G4182,0.11313028127970208,-0.2244402620550834
G7160,0.11326892397381023,-0.22429082040823176
G7304,0.11326922703941776,-0.22260958179390888
G2723,0.11338615285455386,0.22370958473195238
G6737,0.1136481362859399,0.2239560065224918
G380,0.1138239847718463,-0.2235122751839554
G1585,0.11410287794559001,-0.22218892101474494
G5317,0.11455858314723945,0.2256056576247747
G914,0.11458518586695327,0.223377439356729
G1078,0.11467523692686604,-0.22415385451175715
G569,0.11548137539362384,0.22273706283692457
G1497,0.11566168465857624,0.22468359291701645
G1770,0.11576406209664948,0.2243254156199853
G1064,0.11619688317410411,-0.2218751592024013
G5446,0.1162377380779417,-0.22411631770026255
G5521,0.11628718588863436,0.2242140490923698
G1978,0.11641871151058553,-0.2219241005766015
G486,0.11674887211163912,-0.224280315163723
G4356,0.11685355301306534,-0.22219610321955158
G2084,0.11688480198146399,0.22399109073828083
G3695,0.11698429821430474,0.22224839561628779
G374,0.11698433861291621,0.22264069650890547
G567,0.11707952861111587,0.22327991412731008
G2804,0.11729019764005717,0.22188085317160205
G5119,0.11742610267997756,-0.2197980662161148
G2620,0.11797430887433273,0.22281432709879262
G4491,0.1181469055929235,-0.2215245392807147
G3751,0.1181890316512933,0.2212830359498822
G7688,0.11822855893726601,0.22549953045814408
G6453,0.11833570347897406,0.22231418085464205
G5079,0.11835645063260183,-0.22173469947316365
G6004,0.11866031780887644,-0.2199880058423242
G6157,0.11892617982361939,-0.21881493590345724
G3907,0.11893655164194403,-0.22368905247119353
G6558,0.11917526620863289,0.22223894286957757
G4197,0.11921650488251295,-0.22276590721229836
G6704,0.11922013578074847,-0.2212036489039616
G1188,0.11922453096126377,0.22142415641896374
G2577,0.11939472122707102,0.2205470617000988
G78,0.11947803364844026,-0.22238125516428742
G3342,0.11992708211175827,0.22166109427767794
G6650,0.11993148453544243,-0.22212980581940844
G3878,0.12056659380462742,0.22176012495224215
G6869,0.12056875219215096,-0.21978894655862238
G6765,0.12068480893290601,-0.221444858619503
G7557,0.12069236570841836,0.21816426528446037
G2099,0.12073925349765172,-0.21893662119442797
G1266,0.12101362873592703,0.21958902999274588
G2154,0.12105194084707298,-0.21881968247436495
G1452,0.12136167670039032,0.21880735217021302
G119,0.12142896890112077,0.218554787445559
G3400,0.1214572201239767,-0.21753134153987144
G2984,0.12148515172543696,0.21931805394362852
G4466,0.12162242471041694,0.22044714015788736
G3740,0.12167842476758399,-0.22066569529439967
G6885,0.12184835798745434,-0.22036127043871562
G7100,0.12208175532380616,0.22023362535857705
G5115,0.12218985842853025,0.21688183312094286
G5693,0.12290259789661254,0.21876008102426936
G498,0.12304669603374095,0.2176996643964504
G344,0.12321887205511733,0.21934939525912045
G7912,0.1234150382509547,-0.22009172394135693
G6198,0.12347163895146192,-0.21924221903145347
G2255,0.12363108405811342,0.21975572081145803
G4650,0.12373791817149798,-0.2191468841447457
G6399,0.12374711229014217,-0.21957209297272023
G4783,0.12415814036613498,0.21708957099110252
G3736,0.12437092469868426,0.215638994647315
G2123,0.12437456235339589,-0.2162061279484199
G2586,0.12440599761274101,0.21937518940360592
G7511,0.12446752257482709,-0.21821025652281598
G7058,0.12450229217114504,-0.21619309283577826
G6663,0.12455367747459391,0.2181296636715641
G6112,0.12463241504549338,0.21813322434245902
G1313,0.1246531903413788,-0.22061824768917526
G798,0.1247668131284843,0.21774788634920778
G7929,0.12501026462069673,-0.2190297762173759
G6825,0.1250266525761662,-0.2157881424649561
G3366,0.12527953800199884,-0.21696259689066916
G2810,0.1256099001894881,0.21618560298451744
G3251,0.12562189214921798,0.2152389343621213
G2826,0.12608656822697037,0.21613148917859068
G5020,0.12633278461734168,0.21687148803870918
G4344,0.1264095201455566,-0.21647991045175832
G5430,0.12656313159057525,0.21822611707324335
G20,0.12685380855666314,-0.21656660513032783
G6117,0.1270087047479728,0.21573394122876993
G4469,0.1272285861912507,-0.21694634168236332
G4458,0.12729441279683487,0.2174239151462428
G3881,0.12731742443900793,-0.2188204137503444
G5495,0.12737601293760747,-0.2170886215919472
G1561,0.1275024345861445,0.21393981657437217
G4810,0.12757807594370468,-0.21778076429439594
G1687,0.1275943415731964,-0.21585695812205352
G4238,0.12766747140468546,0.21719003399762354
G645,0.12795288755421103,-0.21476795238155671
G5204,0.12823099442979588,-0.21587073065872506
G6922,0.12842616943123955,-0.2156432129183405
G1945,0.12859772977385303,0.2150941882334761
G1057,0.12883562860568434,-0.21495722169153159
G2395,0.12884089529948559,0.21281917376802767
G2454,0.12892420665857207,-0.2158099297062997
G1697,0.1291997031669983,0.21650711014605895
G7025,0.12946111982748545,0.21378225419077165
G6120,0.12950062304230245,-0.2154986099477586
G711,0.12965742051780973,0.21584600111346197
G2712,0.129765063746456,0.21621416201394725
G1195,0.1297896668218861,0.21504721676401733
G2253,0.12990965811633456,0.21359760715049325
G7781,0.1299457357350186,-0.213451161107571
G1035,0.1300092814661915,0.21610462866429647
G6438,0.13026427659175957,0.2157035355581296
G1123,0.13039772494533258,0.2126090411276378
G3076,0.1304667852175827,0.21298302240175315
G4329,0.13060202366565712,-0.2158792253975207
G277,0.13060891476139264,-0.21489606332982591
G5329,0.13127495293193542,-0.2130368848567677
G2745,0.1313021003443197,-0.21274323088630182
G1271,0.1313186207516906,-0.21354040259433144
G7845,0.13133303938435675,-0.21256306152106844
G7983,0.13137186318271757,0.21472502422862616
G5044,0.13142792124183192,0.2150947929297451
G1192,0.13153284063272316,0.21533311961130602
G2579,0.1316869384347477,-0.21288797012478794
G5704,0.13172427840955342,-0.21322665313803396
G1963,0.13180702358061996,0.21186475719191364
G4948,0.13204785194494223,0.21631401797270994
G1097,0.1323501118728944,0.2157749710404154
G4609,0.1324203948491564,-0.212234228711298
G6048,0.13245653732267298,-0.21349714584734997
G888,0.1326486840189518,0.2147835060854561
G4479,0.13288275053030574,-0.21352314412308904
G1773,0.13302581671814365,0.2133412549075945
G1937,0.13316812190111396,0.21410709117253673
G2290,0.13339573304670074,-0.2109430161055026
G624,0.13345662356298577,-0.21169585209252367
G5782,0.13372348640006976,0.212368093758125
G2988,0.1337438874521652,0.21137731395657025
G6668,0.13406677772801368,-0.21500298102442986
G7050,0.13411938650967212,-0.21171657898312402
G6304,0.13436063511834107,0.21347182790500863
G6193,0.1343654597691217,-0.2125752584070939
G6020,0.13441457489739833,0.2113177323082499
G1545,0.1344573500867564,-0.21073245818020148
G5217,0.1344951775981563,-0.2135049140999037
G6623,0.13463717018588656,-0.21008265353117977
G5697,0.13474887877021421,0.21133039038833878
G2004,0.13495690741611907,0.2127792694281223
G2189,0.13508136226714787,-0.21130216509595517
G284,0.1351117961996258,-0.21098652307700494
G671,0.1351956534271399,-0.21178784427618286
G7691,0.1352229043261476,0.21185638751168556
G4774,0.13524863452478153,0.21164448628455002
G3060,0.13531937330077057,0.21161935953105707
G6293,0.13561556671984668,0.2115321330007037
G6098,0.1359125750977087,-0.21068456520342538
G2541,0.1359316882024688,0.20963302822128466
G6072,0.13593691427239038,0.20876978087482723
G3428,0.1360863517127503,-0.21163162139308067
G5084,0.1360971445972696,0.20874353526913558
G6934,0.13610376984446124,0.21059642311928412
G717,0.13633044210867842,-0.21049654081562807
G7895,0.13635797417256823,0.20989160949612126
G5857,0.13636188751568273,0.21164952210700663
G1610,0.13636407091057062,-0.2098012701392737
G6937,0.13637049004194965,-0.21230300007100836
G2908,0.13638474607496132,-0.2101413546858441
G775,0.13639705735237603,0.21171606990583364
G3247,0.13657753412704882,-0.21234014944718194
G7272,0.13671811867052774,-0.2112732489955333
G4647,0.13685912260825417,-0.21183941497134684
G5124,0.13715992638051616,0.21005560247740676
G6919,0.13727790624599973,-0.21179661303887326
G5162,0.13753321886260148,0.20837570136007222
G2657,0.13755748964798017,-0.21086466763722303
G5410,0.1379298524528424,0.21103801287703589
G1670,0.13812748363698474,-0.21069369564402118
G6855,0.13830172246583794,-0.20842460067540344
G1264,0.13889334241353307,0.20955383054858662
G814,0.1389203023387932,-0.21180218993132843
G2402,0.13901475967539081,-0.21071402628096658
G6370,0.1392337391526662,0.2092167350027116
G2186,0.13955509932902047,0.20846659889076513
G276,0.13958250023556293,-0.20854424033971347
G7894,0.13960760677855663,0.20913638289626013
G1582,0.1397587713007259,0.21069154662347014
G4541,0.14024009100591475,0.20695324368930934
G283,0.1403986668388713,-0.2094743015295238
G7390,0.14041507147782467,0.20787993933052007
G4188,0.14100804688846197,-0.2094580810468997
G1374,0.14111280727503317,-0.21001622959969124
G2444,0.1412116997638136,-0.21006974822341348
G4447,0.14137324765823756,-0.20839995367234843
G2542,0.14169083629072857,0.2085340035782104
G244,0.14174326650990973,-0.20882703511199058
G7966,0.14193247705213038,0.20770808931018192
G7307,0.1422762678169291,-0.20672995791515347
G3633,0.14241203376561895,0.20680933276445418
G6356,0.14251181081298392,0.20942009833473385
G791,0.14258608150051677,0.2071165286841359
G4083,0.1426848467513277,-0.2082235342841134
G6163,0.14296799054553855,-0.2070223837021721
G6705,0.14315702544765718,0.20804583495930123
G1448,0.14320666988118078,-0.2081752749162502
G1394,0.14334761729963436,0.20636348335348464
G6734,0.1434197301274633,-0.20714050720807595
G7329,0.14353932542758782,-0.20726570755089602
G1439,0.1435616831474852,0.2060701087213485
G4235,0.14375472884654594,-0.20841102377391663
G1357,0.14383003981692213,-0.2079460747379782
G3534,0.14394699062681623,-0.20643135678998958
G2106,0.14396339709647446,-0.20699231440555751
G6297,0.14430467278129847,-0.20729483731591158
G2418,0.14447850039173657,0.20553257057560353
G1426,0.1444840568678915,-0.2075551568334013
G4038,0.1447387460969272,-0.20681018895401695
G7582,0.14474957284511966,-0.2069876031535548
G7957,0.14485835032187855,0.2069166593133111
G3185,0.1450381250435358,0.20507412332512778
G5694,0.14515200025882088,0.20715320289482786
G2774,0.14519695176883438,-0.20543212634391755
G367,0.14521887341922626,0.20561270764696787
G1161,0.14546265602597852,-0.2070116759462325
G7018,0.14548028472070382,0.20570552328862854
G4129,0.14552842821868223,0.20560287120388365
G1845,0.14576056115955696,-0.2061760398486434
G5533,0.14580897474512491,-0.20700640654681973
G7348,0.1458321512746603,0.2065438965130678
G7373,0.14597057137395147,-0.2074054702842993
G1844,0.14613114710526812,-0.20380390440421903
G7587,0.1464104692101605,0.20381928731140492
G204,0.14644328850393218,-0.20581994095091888
G678,0.14646050214826642,-0.20557912578640464
G2574,0.1464954918921746,0.2066388509773031
G5432,0.14654875837492443,-0.20623521650589047
G3770,0.14665954653025182,-0.20540614590670175
G6570,0.14698602324071453,-0.20387983301393778
G6675,0.14700758140339568,0.20418446283157196
G2751,0.14720282350909328,-0.2063494363361847
G5919,0.14720918903089686,-0.20675794218460408
G7460,0.14736396985804576,0.20611136329985175
G2973,0.14760926935973745,-0.20709166398981715
G5480,0.14764771342560865,0.2047095475008242
G4542,0.14807142479305543,-0.20417677002430834
G3510,0.1487314758018505,-0.20309367446795187
G1862,0.1489412073261222,-0.20316165155126703
G5309,0.14895803643546054,-0.20311254798216116
G4192,0.14900085759833473,-0.2043401466222753
G5301,0.14901213290553342,0.20394153818202637
G3058,0.14926446295258727,0.20341938374802312
G499,0.1493960044542516,0.20619736764409932
G98,0.14944029580292245,-0.20401794836251158
G1552,0.14960189525372636,-0.2049123231400632
G3163,0.14965988318007073,-0.20474255900036886
G7794,0.15003415918028182,-0.20402244140809817
G4505,0.1500961949229992,0.20457616806054124
G7641,0.1503569144209013,-0.20258968423394164
G7447,0.15054008919972137,-0.20244932738614577
G1519,0.15060716287215845,0.20181247043926412
G7286,0.15060724986304275,-0.20229572380906696
G2005,0.15075558251267304,-0.2019653628538972
G448,0.15075593114607858,-0.20332025635205211
G7412,0.15075701197115154,0.20004942259420283
G6886,0.15100399600966835,0.20337906072978776
G1451,0.15162794383439585,-0.20413988254269338
G7796,0.15165226655829614,-0.20174653016262017
G1591,0.1517074059919507,0.2036510909632746
G7782,0.15182848616381656,0.20237790783071768
G2205,0.15202202912267362,-0.20226213780148034
G7484,0.1522586794398566,0.20274228887201218
G4169,0.1522724206096279,0.2028050019866145
G1217,0.1524069891076867,-0.20408811270255645
G2478,0.15250463478700496,0.2028672408354012
G993,0.15292583525177433,0.20155550225049573
G6119,0.15296303107242165,-0.2007016320078731
G3101,0.1529930544304613,0.2037531758373743
G6988,0.15304314771347086,0.20409607379959316
G3774,0.1531083207019708,0.2031346848015313
G7077,0.15311484067197706,0.20196738985250995
G150,0.153141795326323,-0.20274255088698304
G3773,0.1531468381389775,0.2016288898118449
G4943,0.153353551760913,0.20259859743946818
G224,0.15355665430746546,0.20082669526248742
G4754,0.15358784934605085,-0.2015714003725794
G3019,0.15366017819004674,0.20044812642432486
G4200,0.15366878870492598,0.20243284450287596
G7758,0.1538178819526413,0.20378646113212967
G3545,0.1538378245798239,0.20351493891585065
G3022,0.1538386944788631,0.20100602457363048
G1960,0.15385071516849688,0.20291824021862634
G7760,0.15388011645367555,0.20031047993153492
G469,0.15390367373812883,-0.20065512977244337
G7888,0.1539137798556482,0.19978510535797778
G4979,0.15409476403255962,0.2032397337652635
G7883,0.15450126537067088,0.20234015423810117
G4043,0.15463068459040624,-0.20336330827828136
G3845,0.15470391682594553,-0.20085013674869684
G3920,0.15473716126097678,0.2021013087060515
G3889,0.15493810381410103,-0.20091068791794034
G7265,0.15517974514801827,-0.19855515816677333
G7193,0.1553506459786345,0.20036684483424716
G958,0.1555551023738459,-0.20140258998179228
G7490,0.15621244777655474,-0.20259035819737836
G1525,0.15625875588478177,0.199461062940393
G6451,0.15646863062507235,0.20243080524760793
G2331,0.15649947803578323,-0.2022571122188085
G1726,0.1566062111667606,0.2041011962468689
G5988,0.15664190091851526,-0.2031885985897926
G4626,0.15670983628678717,-0.20254459462099053
G1169,0.15686298718006184,0.20024073541793572
G7103,0.1568808555979442,0.19971657412918675
G3662,0.15698959063410217,-0.19930177916091696
G1880,0.15702337420394855,0.2012088683791643
G7598,0.15704937610109787,0.20162743147329928
G4855,0.15742651399882335,0.2004120180297837
G5903,0.15744887456820703,0.2009190033800362
G120,0.15746696922899264,0.20211265470135292
G2019,0.15753672804935043,-0.20113521379065366
G4522,0.15754596004491367,-0.20214276662854244
G3004,0.15755122477599537,-0.19970395712704342
G7648,0.1576563290557413,-0.20138092041076724
G5593,0.15768388242608883,-0.19980905084289002
G899,0.1577736365346268,0.20114589253745907
G7416,0.15789758195653364,-0.20163379876985815
G5028,0.15793243584812058,-0.1992904108302912
G3855,0.15793994016807186,-0.20168252626068006
G6299,0.15802743649718307,-0.19948408460046058
G2204,0.15805657122271308,0.2014906669794072
G3338,0.15811961212678724,0.20090619394412162
G2256,0.15823040696605095,-0.2004829418223189
G1019,0.15829980714048125,0.19827794583174677
G7985,0.15830256012909838,-0.20057630054134268
G5738,0.15843223167720435,0.19935814187935524
G7806,0.1585025182979395,0.2015935723933624
G300,0.15852957012430585,0.20108159857930047
G4891,0.15856186198072394,-0.20030334580058753
G7939,0.1586865099188987,0.19960386264367552
G2277,0.15897082039206803,0.19992872081380636
G7444,0.15962026733663612,0.1984366648360019
G6411,0.15965196575292856,0.19984449060479587
G3277,0.15977555615061972,0.19927647607818738
G1649,0.15989110259861616,-0.1997114965831706
G2985,0.15999181232410267,-0.1998047885552231
G3968,0.16006393683398054,0.19900208913198833
G3040,0.16035142738061559,-0.1997703087874122
G7756,0.1603966804802434,0.19949857359698298
G6592,0.1604008630906957,-0.19912789467283537
G1499,0.16052715987008961,-0.19938730773346158
G5684,0.16081770849509286,0.19816065211810058
G7275,0.1610417830805809,-0.20005917513302993
G570,0.16105197923572687,0.19798322571149857
G7853,0.16107087228120948,0.19959190560700538
G1700,0.1610743529282776,-0.19717302141784318
G5378,0.16160406101960142,-0.19855573021581568
G4878,0.16165674873233193,0.1961484747025735
G1657,0.1616942761655562,-0.19918635905060528
G2354,0.16171325421059413,-0.19862735923314145
G6850,0.1617977192255588,0.1989228509997689
G493,0.16185015893641452,0.19963157878793758
G1166,0.16202082687063507,-0.19767953307881198
G4211,0.16208265619065335,0.20016178149638902
G7717,0.16214999684401563,-0.19903123368414166
G4815,0.16217791802762016,0.19866578632036186
G6717,0.16231879990935622,-0.19892993925952973
G1799,0.1625898340579329,-0.1990736016853988
G7779,0.16262924060830017,-0.19816905687514833
G3674,0.16302721797504172,0.19872152507982652
G883,0.16302722036986758,-0.20040967869095727
G6757,0.16323079045232816,0.19608575301270556
G5827,0.1632405707361888,0.19636388072946398
G2518,0.16370378259647617,-0.19761805054921672
G6994,0.16379686575759636,-0.19834426594796123
G4538,0.16379762641995949,0.19651368091325488
G5136,0.16381836183682535,-0.1981761614278786
G7430,0.16388620708363044,-0.1955034065058311
G6586,0.16394421501047135,-0.19801903551319416
G5674,0.16394563946815674,0.19853508669687386
G437,0.16412958809267383,0.19738001218073764
G3406,0.1641796119134284,-0.198029891689814
G5122,0.1643576640135438,-0.19900441407891417
G1531,0.16467216383449443,-0.19581616988915185
G6115,0.16477271810735858,0.1970203629949149
G2659,0.164930305859068,0.1967241990808345
G1165,0.1649963410539426,-0.1973790728806465
G6346,0.16508095731308753,-0.19669503548173628
G4375,0.16515330220145036,-0.19596895088837074
G1070,0.1653080979661177,0.19556146386885098
G3892,0.16546760194669038,-0.19832263310645978
G7005,0.16547908626333968,0.1969780306136366
G5559,0.16567043192990333,0.19842322345229704
G2035,0.1661249240996631,0.19700375724616703
G4913,0.16625935937348504,-0.19712420915565232
G6803,0.16666982009131315,-0.19760072814684843
G3103,0.1667457212716983,-0.1966312480300671
G5273,0.16699607116015408,-0.19806562404670047
G3386,0.16730803218473872,0.19580250401478955
G1200,0.16735244729610912,-0.1972956616122642
G5298,0.16752016051791868,-0.19470037062227352
G5332,0.16785309006754928,0.19567353564435613
G7854,0.16787842078017123,-0.19598986744732932
G7647,0.16800989399862049,0.19760395712618167
G5264,0.16834490332313584,-0.19676096756170078
G1966,0.16842940846431886,-0.1948770833334056
G1222,0.16852760882858808,0.192898129378059
G2679,0.16864308096374325,0.19418175429869897
G3195,0.16873102505823304,0.19656911944202338
G229,0.16899586195172292,0.19603664025892642
G6024,0.16935148944774933,-0.1939751074450754
G6902,0.16954632751738524,0.1962806688055922
G2161,0.16979712619205056,0.19536226071018706
G2827,0.16987336404344094,-0.1947515873813288
G2640,0.16987796813958267,0.1947302183055692
G1750,0.17004409145682015,-0.19602353936136552
G2950,0.17020186429924947,-0.19472662236113636
G239,0.1707749724223998,-0.19304984431054567
G3924,0.17078774627741383,-0.19302001816440872
G4652,0.17081084256423254,0.19648870638306354
G4105,0.17089844514911245,0.19484183403290922
G6541,0.17102872431835237,-0.19430480474511447
G6306,0.17109226821470952,0.19464030797034115
G3955,0.17147835090854938,-0.1935187768267835
G6935,0.1714926624109741,0.19507518074057206
G308,0.17151249050708947,0.1956638122466941
G4777,0.172214388991281,0.19329930877498883
G5608,0.17240653999795513,-0.19379712108485944
G2310,0.17244472543314343,-0.1918328686089729
G7830,0.17245475810437758,0.19156250643366265
G6400,0.17246819081442666,-0.19276102167877102
G6780,0.1726610498231099,0.1915970298160667
G5681,0.17294032758165936,-0.19221426137076808
G2150,0.17307343146266974,-0.19201235801740058
G3570,0.17315828315314857,-0.1925091327859071
G3310,0.17331566525168432,-0.1924144715850792
G2023,0.17343959803499231,0.19276636254415844
G6965,0.17346950391664467,-0.19332125265062428
G3349,0.173540083168074,0.19258044367109062
G3522,0.17355307129817188,0.19332759741875083
G4880,0.1736311276316249,0.19409415595220514
G7726,0.17376881084920384,-0.19141061740516468
G2689,0.1737802855018861,0.1932277916799332
G1194,0.17383743554313572,-0.19134944128140954
G5995,0.1745349860572927,-0.1921650808841801
G5269,0.17455608533155206,0.19515822589664017
G5396,0.17461276681172214,-0.19311862363415855
G5413,0.17467874088554175,-0.19351389406240704
G2034,0.1748747463078905,-0.19314933649502103
G4780,0.17505634775610887,0.19373490084084793
G2266,0.17512330588552077,-0.19195838525819128
G1846,0.17533677790402608,0.19380039805992827
G2672,0.17551344558229431,0.19178689199781368
G2039,0.17584875756907523,0.19215820669091604
G3020,0.17614745754890024,-0.19140299870357455
G2681,0.17628505510395504,-0.19208475426750543
G100,0.17663538923206354,0.19282719786485178
G669,0.17665199911418691,-0.19182948394220267
G1853,0.17674386262092756,0.1894177015946692
G2921,0.1767924046754576,0.19196074369343727
G5998,0.1769195524627908,0.19146418461484344
G4543,0.17718431043478824,-0.19196767505170903
G5386,0.1776117602490824,0.19081020362675666
G4412,0.17773072667051953,0.1919421640980818
G2621,0.17777002257231692,-0.19078861982457168
G7254,0.1778369624600203,-0.1903334268810034
G3175,0.17786717998196064,-0.1910099718209179
G360,0.17799239459931016,0.19230855324299423
G375,0.1780046268675797,0.19140226249831932
G1515,0.1780065748427073,-0.19057478493789431
G7776,0.17804305178338167,0.1922453329539479
G1460,0.17820358392191762,-0.19142067139120658
G1981,0.17821502462729394,0.19016736683682794
G4139,0.17830860001071788,-0.18984979657690892
G7338,0.17850124850416668,0.19101554814887475
G2120,0.1785085704908052,-0.19125628545162332
G7965,0.1786786865179854,-0.19151041028254556
G2930,0.1787592407892418,-0.19165916718654835
G3228,0.17881609979072882,0.19211662261368917
G410,0.1789328334021934,-0.18999855213263536
G4997,0.17905164215641886,-0.19065158284605976
G6820,0.17919780416267292,-0.18873979210928293
G3961,0.17933893800745088,0.18912909026989755
G263,0.17955554594608727,-0.19180214482520258
G1557,0.1795664337500126,-0.1892172870345129
G6950,0.17978657620524213,0.18822079125999266
G5335,0.17984753768413345,-0.18993209918885462
G1664,0.17990493782125147,-0.18959570047874413
G3064,0.17990706288105526,-0.1906387388090004
G2237,0.180004058535322,-0.18911071764628656
G5294,0.18002204031759889,0.19101230781042267
G3583,0.18017675023070898,-0.19072919669314875
G7904,0.18027263507055494,0.19101596519724434
G3480,0.18027744615748967,0.1915165657196577
G449,0.1803352930984359,0.19025837020453346
G406,0.18036955796103177,-0.19072301886356935
G6419,0.18047916123649033,0.18901310283510137
G2026,0.1807664713096643,0.19100644618615725
G4895,0.1808576368109159,-0.19111822676814977
G1891,0.1811042009791822,-0.19091951765682752
G7323,0.18147112871680277,-0.18939693738606728
G4245,0.18154548111794452,-0.1897399976216697
G6087,0.181547196427685,0.1899334862235283
G4933,0.18157080711364473,0.18698125180403735
G6194,0.18178796215205212,0.18915335724185747
G3818,0.18184261365663865,-0.19000244033898214
G7422,0.1818426989805806,0.18972893020792314
G1343,0.18192308231556825,-0.18861886287693114
G6351,0.1824559655101027,0.18816851354047448
G5761,0.18249466335687228,0.18854780776271382
G4707,0.1827840003222302,-0.18670032650623206
G2297,0.18290465517553403,0.18625651834888318
G3977,0.1829192334766405,-0.18945882702547673
G706,0.18304983090219795,0.18901021376042515
G7109,0.18310094082530975,-0.18833241646281643
G1164,0.18325287426572825,-0.18800086116945225
G990,0.1832874987307706,0.188234923895124
G5564,0.18332572352334528,-0.1886074362494638
G2141,0.18341830270965043,-0.1872700520632328
G6694,0.1834470427669875,0.18854923887472644
G1527,0.18350275113059109,0.18761897524867915
G1494,0.1835240079684727,0.18843650159394437
G6547,0.18359179714387933,-0.1879370984591321
G1635,0.18360552521840254,-0.1893580985737581
G1465,0.1837066731807989,-0.1878605559300686
G1947,0.18371054213369153,-0.19107079435509705
G5931,0.18380148114142314,0.1884625205443876
G5125,0.1839438922996923,0.19035886153368192
G3782,0.1839979215278556,-0.18998535893813795
G6516,0.18404421641233165,-0.18808934218998818
G5721,0.18412300422587774,-0.18840635195035782
G7769,0.18414730485275893,-0.18904717775894947
G3358,0.18421850282346797,0.1866991915078448
G5656,0.18426319453908568,-0.1907023785695342
G2299,0.18427948085438098,0.18838378598944805
G7200,0.184363770602898,-0.18885977643863544
G1625,0.18463958944408357,0.19028934445901668
G582,0.18473352061512335,-0.18695923114024565
G5933,0.18480590007052958,-0.18900865818968254
G1103,0.18506355914734632,-0.1883693095487622
G7878,0.1850996765467431,0.18971056080181187
G3174,0.18515080874122572,-0.18787702452980198
G7837,0.18538627418035364,-0.18792138846824813
G420,0.1854138256888347,-0.18798119050462658
G3957,0.1854800479497608,0.18871214167443162
G3236,0.1855440585551896,-0.18723088251065662
G2977,0.1855669544363662,-0.18913468095681624
G4615,0.18582366675679188,0.18883070388654888
G1489,0.18588619563265285,0.18768876612676477
G1614,0.18591609511644225,0.18647401501698188
G1231,0.18605310940604447,-0.1879555624362716
G5038,0.18639807941849407,-0.18620112130773803
G7135,0.18641844093583498,0.18608740378287214
G935,0.18668461792759608,-0.18724271544983057
G2822,0.18709290873619383,-0.18702926630024136
G5789,0.1871175080621294,-0.18849785075821263
G93,0.18712380342096713,-0.18699873554039353
G355,0.18712803620655033,0.1880035583354453
G3360,0.1872118608031953,-0.18769317750315173
G552,0.1872326744206337,-0.1884745796595194
G7401,0.18723643407731208,0.18850520485668026
G2636,0.1875940764026571,0.18692792286716026
G3357,0.18784747370648452,0.18631311133767103
G5803,0.18784894561765542,0.18650073271442336
G6010,0.18787976925755467,0.18710421536471883
G6080,0.18809651694839052,0.1860669689090252
G7827,0.18820865343809717,0.18829978893782912
G6867,0.18826970171501725,-0.18576590835313814
G6077,0.18835224228918435,0.18794451670253137
G7709,0.1885187437303706,0.18642033790968693
G2932,0.1886223176381566,-0.18932260339664722
G3367,0.1890543373900761,0.18576701453015038
G113,0.18913977453786376,0.1858518874092227
G3752,0.18914080438031156,0.18748935409093573
G3984,0.1893585338477747,-0.18597200453830967
G4016,0.1896618754870588,-0.18762276905561553
G5069,0.18989565216868703,0.18476266160444
G1810,0.18993497398861964,0.1868784590829093
G2972,0.18994512593141957,-0.1864874213858939
G1870,0.19009909955361,0.1867100960871247
G2974,0.19026567701386599,0.18509256646475836
G4678,0.1902859674888901,0.18684266443327163
G4507,0.19034546288936982,0.1867766412908126
G6211,0.1904016328512442,0.18505800575047532
G907,0.1910168917958062,0.18647571882001676
G1305,0.1911610108905223,0.18618321430945262
G5639,0.19130350238712016,-0.18512957251497714
G2700,0.1913249556971868,0.18386675998019608
G801,0.19135336687621743,-0.186022971910913
G5875,0.19139821119995595,0.1839613429776762
G1500,0.19139853368173845,0.18609851750578016
G6376,0.19140155793273692,-0.18680301637715047
G7742,0.1914130182286456,0.18487156103433008
G4762,0.191481083493709,-0.1843657212807438
G3240,0.1917036208644231,-0.18630164495521884
G1371,0.1917097998470175,-0.1856769856665882
G7426,0.1917563049870425,-0.1837862602481357
G2225,0.1918384862892208,0.1856165504663552
G1446,0.19202893391634884,-0.18593931342412118
G7315,0.19204851167075673,-0.18739221272817616
G1547,0.19212739117706773,0.1834113864726474
G634,0.19218485672376664,0.18553757488579103
G5168,0.19220417536953613,0.18373314575683464
G1259,0.19224429225516587,0.18451926574875738
G7637,0.19228183139382418,0.1861096533993154
G5316,0.19254508723751412,-0.18552113478935428
G5195,0.19286390058292718,-0.1832696145432739
G295,0.19307968081816282,0.18465982444467186
G1964,0.19313070990114226,-0.18518124487855442
G4827,0.19333347748495194,0.18714016731220012
G4814,0.19339209386582368,-0.18709972063092878
G3631,0.19368228015161884,-0.18538275054750664
G5147,0.19387931367989922,0.18208677688735922
G2085,0.19390698997997746,-0.18510150843380616
G7880,0.1940881984974749,0.18469398343362314
G1110,0.19423855246514116,0.18537742651493355
G5400,0.19428298788504794,0.18677855546244043
G1073,0.19458357892814734,0.18541922531695823
G3951,0.19477495919247675,-0.18542331105153237
G5537,0.19484634517177263,-0.1836179729708935
G1984,0.19493898167667623,-0.1863460854786646
G5370,0.19494614931440374,-0.18325745856025205
G1127,0.1951141133382435,0.18387069686403495
G1281,0.19523029051255508,0.18500332235768144
G3945,0.19531501440271554,0.1835053562809548
G3723,0.1953433118605123,-0.1836767576355426
G5399,0.1953657959552206,0.18580696756300796
G234,0.19541284912246884,-0.18115465512223355
G6056,0.19541688596684578,0.18250081678643673
G6308,0.19560579824703173,-0.18662988757542398
G5010,0.19562522487546305,0.18422090732822766
G6387,0.19566117773234804,0.18310724386505237
G5900,0.19575181120148263,-0.1828185635292934
G3403,0.19575366212721967,0.181575041340427
G6221,0.19610469193099841,-0.1824412164110819
G1488,0.19638354930238439,0.18610646914363643
G4786,0.19643640252127614,0.18394554499484822
G674,0.19669988992926657,-0.18681010334893222
G4556,0.19675242314778776,-0.1846816268234946
G1546,0.1968505650199763,0.18192415792282313
G533,0.19690649217419637,0.18308013153838193
G861,0.1969601721441743,0.18315764345544405
G7874,0.1971084749989583,0.18506247315798607
G7236,0.1971315961811457,0.18239925838670773
G4761,0.1972007201234573,0.18580992068649307
G4111,0.19721843338889303,0.18255261748873683
G6878,0.19743372253717173,0.18394166760840525
G5960,0.19752431159335515,-0.18276932251116823
G4883,0.19772756988652693,-0.18269133742065674
G5486,0.19775594739685973,-0.18231669256896055
G6752,0.19793408016201144,0.18176205728964395
G6150,0.1979632670524256,0.18023404327745052
G4998,0.19805837615438668,0.1831143791972982
G1688,0.19821733265179722,0.18422392303494345
G279,0.1983259428765865,-0.1824211134092968
G513,0.19835694051413752,-0.18351984131846744
G5268,0.19883047711507829,-0.18331991728803476
G7341,0.1990113065032199,0.18125818128864146
G3992,0.1990303296067907,0.1828660719770722
G4337,0.1990532421397984,-0.1807661222660949
G3085,0.1990980924101052,0.18183262614522974
G545,0.19956419051829152,0.18089862060545378
G6324,0.19959606215271108,0.18245857131136695
G7226,0.19973133518630903,-0.18209865655716825
G1507,0.20014055627137955,-0.18328582631934975
G7846,0.20056511326258386,-0.17988527944852606
G720,0.20057962580030814,0.17990622117284766
G3125,0.20093582434376187,-0.18066272442559655
G2601,0.20103854711256364,-0.18195414552379102
G1809,0.20104942225848926,-0.18245936001766858
G7930,0.2013449177292113,-0.18064964659798377
G5788,0.20141033184123425,-0.18026741027686655
G4521,0.2015793132760376,-0.182848366682122
G5502,0.20158354191675273,0.18047605426578428
G4410,0.201630863520666,0.18187130270609547
G5964,0.20166084358627756,-0.18218725520270543
G965,0.20166134450766213,0.18052576240830515
G4088,0.20173857559064107,-0.18104671284621673
G3093,0.20193919890795045,-0.1778082779094775
G294,0.20194418245123272,0.18158009437359668
G6895,0.20208876229174524,0.18172465054906595
G6582,0.20210956183323162,-0.1797065854054327
G793,0.20219792840874057,-0.18133592258761477
G245,0.20220590834970043,0.1818003874846592
G6335,0.20242268449931827,-0.18137854790854807
G3618,0.2024501820640473,-0.18184447416749677
G1807,0.20250051282739492,0.1808531151931963
G5061,0.20257317244691134,-0.18226812627669692
G5770,0.2025839766434624,-0.18137908901613278
G6897,0.20262729502370824,0.18065125990201397
G4186,0.2030574951739227,0.17973314494157774
G2735,0.20306996517495465,-0.18032663839275584
G6204,0.20312678216962038,0.18007145019185644
G3445,0.20314000302383198,-0.1779216395374537
G5898,0.20314260463221304,-0.1796133547257941
G1046,0.20316164977238324,0.17948839054887214
G3649,0.20317754176954847,-0.18000743501803562
G5671,0.20352644317415872,-0.18087967062977794
G4372,0.2038631384734691,0.1835955379051456
G5384,0.20391192376277972,0.1804422816301452
G1838,0.20406370671833624,0.181255080479933
G7361,0.20450368481734665,0.1804797417076544
G3669,0.2049519894838685,0.17985439018366176
G7322,0.20509225598755257,-0.18094750880567556
G1469,0.2053477219764756,-0.1799188448990245
G2997,0.20567195772639818,-0.1781153008009151
G5545,0.20573947805372053,-0.18016997233679438
G2750,0.20582462480393654,0.1813694532405385
G4489,0.2060571490295332,0.1809824507433272
G1990,0.20610598812198422,-0.17848288175602373
G3257,0.20644538448540073,-0.1793346286637942
G459,0.20689524906929818,-0.1782834240385263
G6939,0.20696397051165707,0.17904790790924363
G643,0.2070941633586399,-0.17863986824740324
G2275,0.20712633314430817,-0.18068441446639935
G3698,0.20727167298476445,0.1800376091462593
G3727,0.20729297601727387,-0.17810595906839075
G3500,0.20733809358473165,-0.1784358534686084
G4459,0.20741335896440904,0.17832982472833586
G6456,0.20747143452241815,0.17822189989761672
G1903,0.20766138743483872,-0.1799553867120307
G1275,0.2079419952866691,-0.18008030202570094
G7636,0.2082124583089647,-0.17892277974828233
G2152,0.2082234942992675,0.1787812224080223
G210,0.2085331265420716,0.17970044374530364
G6807,0.20857281521349813,-0.17809727107042977
G3758,0.20869349941218823,-0.1773771606704117
G2969,0.20872109951677845,-0.17743923380183368
G4792,0.20879780241428395,-0.17844890887354925
G2739,0.20883572130428568,0.17796111830510608
G7046,0.2088564210791632,-0.17822449144895927
G7258,0.20888680541846782,-0.17798035357289405
G6429,0.2089821420944367,-0.17691089762419038
G6178,0.20905699357438753,0.17821161538478716
G871,0.20912378462442022,0.17719312626790185
G794,0.20916359062179268,-0.17855485058307838
G1542,0.20917703855891334,0.17690465947102915
G3604,0.20918171510369626,0.17675921236645475
G5228,0.2093319207356844,0.17723637675368772
G1609,0.20934201788386728,-0.1772016401310484
G3003,0.20939855772826965,-0.17936493575280504
G3627,0.209455712879666,0.17807950003488993
G6379,0.2096269258082772,0.17537106418048665
G7924,0.20967892139704217,0.17594631268208388
G7630,0.20983974966509378,0.17653593991475194
G6958,0.20989355254677183,0.17854583743238692
G1823,0.2099523806175146,0.17717242847332462
G5581,0.2099888736780144,-0.17663719237324885
G6873,0.21014271041564275,0.17806688033214096
G6201,0.21016782040548226,-0.17873232047459664
G7649,0.21021527177202792,0.17761257402468164
G7469,0.21034268492907993,-0.17706499214584925
G3960,0.21074174254923875,0.17733732389912146
G5445,0.2107870304689611,0.17610519599646413
G6725,0.2107972976134212,-0.1787294962622805
G2235,0.21085921256672358,0.1772874718243935
G7793,0.2108673648787051,-0.17618308796293963
G4132,0.21098820696309167,0.17737312641314956
G5093,0.2111589723982733,0.17753708913815366
G3244,0.21131687931565243,0.1777961296953054
G2907,0.2113583475668178,0.1779240854793221
G4068,0.21161383880860052,0.1778869921235532
G2557,0.2116383772766022,0.17858404957981905
G6973,0.21175673822889043,-0.1779759433588273
G3340,0.21217930245254704,0.17415922833567837
G1595,0.2122088832308388,-0.1778623627129361
G6824,0.21223672094140225,-0.1769934229610443
G5167,0.21238874205279903,0.1762642378900638
G3371,0.21249765905312307,-0.1782521768364812
G7491,0.2125622009489004,0.17640812894860072
G4976,0.2126910728779862,0.17929560986961796
G111,0.21273633007515363,-0.17671299812180438
G4530,0.21302432899664742,-0.17560719532526325
G6985,0.2131179214084375,0.17662188146191365
G3632,0.21340195105392304,0.175828254237568
G2996,0.21351239013693277,0.1760838285217837
G231,0.2136392118714187,0.17563495612856783
G6833,0.21380024988225843,0.17637942314263072
G3129,0.21384219613323038,0.1759215192415185
G951,0.21391491881815486,0.17603595331465596
G3237,0.21425561154565553,0.17595203963993739
G3685,0.21438982934172987,-0.17654965854734167
G6197,0.21446012734309147,-0.17763552341213834
G7976,0.21453264635915612,0.17501343729767216
G5255,0.21477873757534371,0.17584238761515303
G3057,0.21499826453616092,0.17582724052147947
G3747,0.21506954241044426,-0.176393692663173
G6916,0.21510821432217014,0.17564441642832354
G2128,0.21534790277193486,-0.17635176342103365
G2920,0.21540198439565622,0.1764130059934748
G6202,0.21547374010571255,-0.17566468790783124
G4387,0.21547525407502516,-0.17851759411071336
G2489,0.21564009930075367,-0.1750931493615016
G3788,0.21600990139793572,-0.17659725174463747
G2939,0.21602570500774487,0.1742085703859534
G6225,0.21608400940583175,-0.17421100993425503
G3944,0.21612382424574375,0.17585735297562288
G6763,0.21623425032927726,0.17377953115897632
G6809,0.21630094568834046,0.17522321691574505
G2302,0.21630919657632122,0.17733096733039705
G3253,0.21641093634310024,-0.17641363360280254
G4965,0.2164762136217521,-0.17641942386484333
G2172,0.21652371507043586,-0.17671132301795667
G6009,0.21680540385525604,-0.17406988664059347
G7918,0.21686538324838628,-0.17648398283867497
G4141,0.21711856472885932,0.17500482693874359
G1520,0.21727756274439664,-0.17442225568340125
G530,0.21728960973833333,-0.17442665410573455
G7468,0.21736864807863865,-0.17480787198240455
G6435,0.21772213013183642,-0.17700376854026006
G1902,0.2177771941788573,-0.17493873135366783
G5068,0.2179439620145838,0.1737116069613838
G1284,0.2179495300623885,0.17456656835052875
G147,0.21804526392520732,-0.1764136998850041
G7505,0.21805827888991167,0.1745206660630243
G5663,0.2180929963913151,-0.17330761943876255
G3549,0.21824976298297608,-0.17299634410872045
G3390,0.2183741977825212,0.17521181617332376
G3220,0.21845559363745726,0.17280179324472578
G6316,0.2185745572519839,0.17266554944950457
G6367,0.21892258729688557,0.17360721502105847
G3016,0.2189432010813441,-0.17433264269396004
G7263,0.21922692860653487,-0.17551909047804454
G3541,0.21935777560897057,-0.1739866376822925
G6357,0.21941998628489157,-0.17353468353125928
G945,0.21978511660302325,-0.17474294593807627
G37,0.21989452759825928,-0.17503102020104866
G4319,0.2200557010404228,0.17346848983149254
G3159,0.22021644323509434,0.17521176657844334
G2976,0.22022418750534933,-0.17526761448141848
G1412,0.22022567007922092,0.17480741298524105
G4621,0.22031150792474274,0.17166852312254244
G1242,0.2204250535087824,-0.173978781848308
G1389,0.2204644554191909,0.1760224804451198
G6133,0.22060778918815085,-0.17312969183942872
G786,0.22102856941247265,0.17373502710410324
G5338,0.22106874918983624,-0.17288058147316035
G614,0.22118954855087314,-0.17201561483872194
G7500,0.22119372364764728,0.1735790324486279
G6771,0.22123491743567508,-0.17145161638772233
G3250,0.22130235683267188,0.17293477748534164
G6598,0.22164021388015692,0.1726404852090191
G3000,0.2216715513617899,-0.17380093107051287
G4448,0.22176243979585716,0.17376229727110354
G4572,0.22193501927434184,0.17436183926031112
G3193,0.22215835908731363,0.1735193558692823
G3876,0.22217189713202715,-0.17391754135971058
G897,0.22217456790480555,0.17265860637934866
G5895,0.2222784022834957,-0.17327206655689664
G7617,0.22253315059482656,-0.17265131428600627
G2219,0.22254089284213927,-0.17221701362364078
G2499,0.2228769466529828,-0.17245077465583933
G1181,0.22301156218395068,-0.17160939205229736
G5234,0.22317536302456492,-0.17246250692059462
G1506,0.2233306681449522,-0.17126309958403585
G4668,0.22355071884418098,-0.17202333552988358
G7737,0.22372674768523657,-0.1730770220476177
G7839,0.22385974052196228,0.17347783222832722
G3474,0.22392665550586432,0.17307652829805506
G2095,0.2241412665807181,-0.1729677144716055
G4390,0.22465176134775572,-0.17149116624558036
G3967,0.224693651964592,-0.17549351978101818
G4106,0.2248207101147542,0.17252569090360032
G6058,0.22483051655528563,0.17119607626043093
G362,0.22487409552579782,-0.1718877168827871
G3447,0.2251681096044094,0.1716105169948687
G107,0.2253064506785551,0.17359512628786716
G2861,0.22559731276695122,0.171917697186586
G2966,0.2256105165827153,0.17112538794556478
G7336,0.22572861569238825,-0.17399978134084726
G998,0.2261003554270334,-0.17251691520741932
G2442,0.22620349316416152,0.17189323087373995
G7399,0.22639026683144722,-0.17155068535244752
G6320,0.22669012816425577,0.1726560813581693
G2375,0.2267122671444916,-0.1708377632781929
G5308,0.22700157953267813,0.1706113240670622
G7860,0.2270042624721548,-0.17354424929822934
G487,0.22712649083659842,0.17127783220180773
G2365,0.2271307857606515,0.17155151135417807
G2147,0.22735729308095828,0.1708154748943653
G3374,0.22737608523041833,-0.17145292571119186
G2922,0.2274323749420474,0.17048712168773986
G4850,0.22752270461796004,-0.17285302257629895
G5753,0.22774315794054906,0.17148729307258173
G422,0.22795391990437494,-0.17038243939957037
G1659,0.2279743991118005,0.170941146409109
G2769,0.22802130930253467,0.17082045806452512
G1364,0.2280805615560297,0.17026199715048682
G1786,0.2281336846954149,0.16960575656097449
G2666,0.22833268571702497,-0.1709231177000336
G2056,0.22846986907796005,0.17261171112680085
G4270,0.22877662978524257,-0.1723322344838938
G2807,0.2291723129938556,0.17081962810833431
G900,0.22917537734657145,0.17019600591416886
G4146,0.22922887873670195,-0.17162315597985456
G359,0.2292495138627993,-0.1704050403206812
G6987,0.2292682037893869,-0.17124537151259484
G3134,0.22943469690963056,0.1687698420402693
G668,0.2299189631493396,0.17043546638492144
G7974,0.23000488387600185,0.1711686811933884
G4975,0.23015025430140618,-0.17131180511825966
G6847,0.23017786151885697,-0.16953028049550845
G2300,0.23047126945421947,0.17021054726915552
G6587,0.23052119720666683,0.1688768973701658
G7525,0.23079310171381043,-0.1698581955128164
G7239,0.2308923095430646,0.17117916182779985
G142,0.23092807208137084,0.1678887598698102
G1894,0.23102672236574934,0.17156075081732158
G4271,0.23107386384373216,-0.1684538921850916
G2107,0.23124291034676145,-0.16991213444891246
G6386,0.23126386465074789,-0.16979417590204027
G3438,0.2315586051224296,0.1710801673426287
G740,0.23160318599911647,-0.1710000653084197
G5911,0.23173895207752296,-0.17095011185711123
G7354,0.23187371065676307,-0.17008239534712732
G1167,0.2321540756234025,0.1692758106994536
G4741,0.23215522015829035,-0.16843702914234443
G834,0.23240601496123792,-0.16966127356791944
G3973,0.23261407168280324,0.17060700706529403
G7891,0.23282763874430837,0.1677546511691018
G4228,0.23323808363094478,-0.16815633516458714
G3840,0.23333374366303367,-0.16954299466010686
G4306,0.23350879017880832,-0.16954739745142988
G5785,0.23384823605093866,0.16906698594104025
G6452,0.23390637273981948,0.16776637518873688
G501,0.2340098833318314,-0.17001545352036512
G5815,0.2340716453471648,-0.16901376407678925
G6146,0.23408723793419253,-0.1702530360655123
G6383,0.23424999647913386,0.1668896565859168
G4443,0.23429926139265067,0.16844914363918737
G1627,0.2343028771455547,-0.16873691462429033
G6584,0.23463366139768274,0.16876899014472896
G3270,0.23469867259117363,0.16747866436903344
G376,0.2348136081490759,-0.16984872878956708
G3860,0.23483924709851903,-0.16802446606850394
G5951,0.2350771165513941,0.16916511161586031
G1049,0.23525107063404968,0.16748278647073803
G1913,0.2353095151464791,-0.16986918459766492
G6362,0.23538321779382662,-0.17020668746473994
G5624,0.235419293793108,0.1675626209590763
G6312,0.23547428903257928,-0.17112318272142438
G1622,0.2356355843608811,-0.17024067174732477
G7711,0.2356739681736433,0.16816779584278363
G4662,0.2362311819650866,0.16771559819314885
G5962,0.23623312366856428,0.16815155392979064
G1792,0.23627792574303141,0.16837162913115275
G6576,0.2365130318286706,-0.16723596079617004
G4793,0.23652196481421814,-0.16860684992084737
G5358,0.23653012933190712,0.16794421287462202
G799,0.23660139430124713,0.16841509790247766
G7832,0.23690955196008415,-0.17015135917502747
G2212,0.23695999444387336,-0.16582778280756658
G1368,0.237062485856607,-0.1673894902773037
G6997,0.23707800804015636,-0.16750398218121365
G7541,0.23712424940381646,0.16711519192780375
G2561,0.23715032252537807,0.16668539219824424
G1572,0.23724063385296124,0.16815394682961876
G6865,0.23727209045456815,-0.16841220869250875
G1867,0.2374093442893203,0.16836887242900567
G5041,0.23751825153248612,-0.1694942636993023
G7131,0.2375523743223789,0.16732509437573434
G3765,0.23755828235768198,0.16654526212923174
G6079,0.23762126615454202,0.16687683502704487
G7656,0.23771198238596797,0.16683327987692553
G5423,0.23792329157125794,0.16723598758399882
G3670,0.23797528104784732,-0.16728923526412537
G2732,0.23811873209523615,0.16724287189074427
G3947,0.23813088387271697,0.1668398319128238
G2392,0.23855855705651913,0.16526809006594007
G6828,0.2389533329541738,0.1677624935667233
G4035,0.23912082362237017,0.1652810379758322
G698,0.23917270217147887,-0.16876987928085363
G5847,0.23927728889906724,0.16748017559838746
G5331,0.23940873456918882,0.16539881283767782
G4673,0.23947888834388326,-0.16673068800307708
G1104,0.23966080096230583,-0.16670078666368904
G4726,0.23979622770171924,-0.16786766256848606
G1760,0.23989498321657143,-0.16692637722432194
G6785,0.24013981135055584,-0.1654389243680217
G5870,0.24021410392452466,0.16616570746234816
G5295,0.24041959863062606,0.1667889923774554
G166,0.2404264720425832,-0.16557459699540183
G3497,0.2405000490502075,0.16588842336776294
G3475,0.24052137896740383,0.16723363571071886
G1294,0.24062781138951542,-0.1657987326270456
G488,0.2406947766983099,-0.165801951785851
G7413,0.24083250730347347,-0.16624955735834285
G3259,0.24085629050439433,-0.16727454176983572
G1003,0.2411427404685472,0.16694059742688472
G7385,0.2414021896216877,0.16591492416975828
G15,0.24161550590652645,0.16726094319119306
G5151,0.24168730747095915,-0.1665248126159754
G1185,0.2416879202196572,0.1673136443361537
G5741,0.2417848182951837,-0.1677679684110316
G6802,0.2421359341045773,-0.16452717632400832
G1377,0.24252571743973592,0.16583776352134538
G41,0.2429047366180598,0.16626390184287604
G3998,0.24301933496018208,-0.16616571964296345
G6232,0.24333882977819152,0.16599309147829416
G3582,0.2434037624160647,0.165163910210443
G6565,0.2434059447121854,0.1666774195219275
G4993,0.24362144046164902,-0.16676188085343657
G7306,0.24370828923550086,0.16522641120135217
G3433,0.24373346063980472,0.16506456633677435
G7675,0.24393822798346282,0.1654697165387914
G7096,0.24399709271673314,-0.1637975209122859
G5806,0.24409431159211264,-0.16656153400121224
G2470,0.2442011523647033,-0.16458909784747033
G3515,0.24426275731998215,-0.16425651481527234
G6234,0.24427495157683307,-0.16428998272378217
G802,0.24430372616938711,-0.16485026493092095
G3681,0.24435922533347798,-0.16504475990296294
G5871,0.24449205826655593,0.16530230206066465
G2856,0.2445600218273384,0.16505766723946597
G512,0.2445715882472222,-0.16384922331987734
G3975,0.24468272559189655,-0.16394559061633143
G5712,0.24484666674531275,-0.16364621549771102
G6691,0.24495606772417486,0.16607522672007374
G6530,0.24496679321207313,-0.16500242306110377
G2904,0.24512748934045428,0.16572066465026722
G1090,0.24529268151115458,0.16332026666706706
G411,0.24532732090108317,0.16476019896265998
G1415,0.2454247406069344,-0.1636091729142663
G5775,0.2455559651060735,0.16679119850310717
G4666,0.24585581114458158,-0.16616602617845488
G1163,0.24586087257440856,-0.1645763026054865
G3804,0.24619056444839432,-0.1633487448824737
G2565,0.246299552106305,-0.16328730534302804
G1467,0.24652789825703258,0.16631890401160637
G1290,0.2465585471993759,0.16490306763213203
G7590,0.24698076253588927,0.16397740091031382
G6114,0.2469829567560707,-0.1635835741592163
G3596,0.24738725405939363,0.1633948835782053
G7181,0.2474230809706969,0.16590910216681892
G3267,0.2474516976362707,0.16422743192060857
G6276,0.24755012022348669,-0.16427014521735572
G7211,0.24768877702395592,0.1641906736815974
G4995,0.24812704364639518,-0.1633766793758229
G318,0.2484682795175059,0.16083760332316704
G7489,0.2485584316974488,0.16332956527639453
G40,0.24867601661256347,0.16495529601881345
G4126,0.2487507776377946,0.1642251178457586
G2720,0.2487601422328388,-0.16446579627853428
G2710,0.24880368119275378,0.1639610977558696
G647,0.24885457203291797,-0.1646246118123441
G16,0.2489108310463914,-0.16316452086700678
G3643,0.24910890725047705,0.1649872548040589
G394,0.24917701099316583,0.16364768474360825
G2634,0.249416827084836,0.1633513441806781
G6053,0.24972102691096734,-0.16245909294591757
G7172,0.25014679672969775,0.16208040517958666
G1718,0.25064899711234406,-0.16373857130165126
G2721,0.2507769154803193,0.16148133477309348
G3441,0.25084442875704854,0.16321774776798953
G3206,0.25089231930517253,-0.16373434125826772
G1987,0.2509368494072515,-0.1635579396828873
G2929,0.25121800907781733,-0.16365411484577047
G1827,0.2513098913072354,0.16385118745109142
G4716,0.2514346549196537,0.16368317007390853
G74,0.2514895840514611,0.16185767114227806
G1245,0.2514897274580951,0.16173551804464215
G7713,0.2516237602242544,0.1625259843328718
G6794,0.2516900291806496,0.1640664797995282
G6578,0.2518091506355654,-0.16236063530875275
G2776,0.2518381080871193,-0.1630234927304176
G5247,0.2518872010379771,-0.16179996581261688
G4692,0.2518996654667922,-0.16278978965405627
G7944,0.25194678860420533,0.1634359314346072
G5626,0.2519638297729023,0.1640647886965978
G5371,0.25202889255989575,0.16376776888777977
G6880,0.2521180596122929,0.16377897607899705
G7706,0.2523759192160515,-0.1633280523164371
G5238,0.2527513595286179,0.1623986914754874
G6169,0.2527517268448988,-0.16224397737426657
G3833,0.25295097090257296,0.1626630108270066
G3394,0.2531472626234744,0.16118952307897053
G4945,0.25326399676677036,-0.1624114243814439
G4464,0.2533196292744545,-0.16188430829007455
G3167,0.25334832775514116,-0.16204260444977803
G7054,0.25369240358586537,-0.16113017257963075
G3785,0.2538418020704444,-0.16000329943250546
G4820,0.2539220359385177,-0.16331872442853168
G6764,0.2544005969013149,-0.16189630793505283
G6545,0.2544652500777811,0.1613904070649968
G6055,0.25460099197730396,-0.16119799423342368
G6101,0.2546016051622686,0.1623564245330849
G2318,0.2546786912189659,-0.16263300735418157
G25,0.2547415144399384,0.1610690249976468
G7482,0.25478106966464437,-0.16095951543030151
G2767,0.25478427879671073,0.16093070061005238
G675,0.25533656474725885,-0.16210256396582506
G588,0.25553274866465264,-0.16171670678018535
G1262,0.255546347625596,-0.16119521477428
G4138,0.2556520981702919,0.15983109719115765
G5621,0.255683862434846,-0.16136079582638013
G7897,0.25573303082763743,0.1613121862709605
G2405,0.25594318171528746,0.16062268616564335
G7943,0.2560068165526327,0.15997881530652958
G7113,0.2560323586365229,-0.16283927241426455
G7425,0.2560825635036772,0.16111214362501924
G3737,0.25632749333289223,0.16030724477362995
G6281,0.25636639775003217,0.16246170373576357
G1859,0.2565848974311213,-0.16115846702715797
G1378,0.25663038753400724,-0.15948712506800203
G6274,0.2566765232543824,-0.16093840962991374
G5055,0.2567961058206204,0.1615635368968227
G3719,0.2569584627957481,-0.16127889773498416
G286,0.25707247870126954,-0.16101528261323728
G4653,0.2571298347563118,0.16059351267384872
G5353,0.25718036157461405,-0.15993315272352646
G7652,0.25724411525115687,0.16066136717219168
G4044,0.2575633132193773,-0.16048014823454837
G3381,0.2577048169325575,0.1605923339784059
G1187,0.2578040363078887,0.16236476363721825
G1076,0.25802896807737785,0.15965684749960363
G6352,0.2580674426034414,0.1624745783617103
G2522,0.25809185811494656,-0.16046359187893472
G4033,0.25838340337970406,0.16047234924403808
G38,0.25845819752280086,-0.15935386425949402
G613,0.25858254283149684,-0.1599187724168209
G6508,0.25868008651732627,-0.16072289507802068
G2267,0.258925173837676,-0.15967169023629035
G3202,0.258957126274195,-0.15836429633359028
G2372,0.2590100469614693,-0.1607034636055049
G724,0.2590421600300095,-0.15850238475886297
G2548,0.2591322092098694,-0.1608033115013937
G2397,0.25915431279556794,-0.16038597674862803
G2135,0.25931289139737324,-0.16127877987329126
G1143,0.2595420829860383,0.1589523745024626
G1072,0.2595929675773584,-0.16129106555944783
G4845,0.2598410988696876,0.1597428117850395
G2110,0.2598802127221122,-0.16275444248702708
G2834,0.2599715787956965,0.15882486681233993
G5404,0.26008418316648685,-0.1611345695109167
G6760,0.26035687099566185,0.15920939987029697
G1570,0.2603744041642263,-0.15977831627797762
G3320,0.26042228915511983,-0.1596009529662205
G5756,0.26056875963001086,0.15862427546654292
G4832,0.2606457933194963,0.16018581757517908
G5551,0.260699528571577,0.16017792165703765
G6031,0.2607672176970286,0.1597295641585862
G33,0.26101434484558095,-0.15978580701921466
G3655,0.2611150046075245,0.15797599876076696
G3307,0.26112732446149545,-0.15989183212541497
G696,0.26118343496369195,0.16097879473495916
G3465,0.261418370167636,-0.15936631328916795
G2519,0.2614305153779544,0.16045778159306362
G1771,0.2614958056695921,-0.15866329491243758
G7151,0.2615070491148295,-0.15930417075951803
G83,0.2617164437572973,0.15870698227478117
G6680,0.2617580413053827,-0.16005400059301472
G7568,0.2619501056925593,-0.15809628580023866
G7191,0.26205942059979337,-0.15971266421287494
G6207,0.26208379372920215,0.16029955082613861
G1849,0.2620918022315511,-0.16061042552132748
G6078,0.2620918292710406,-0.15992931806711466
G2576,0.2622015781241285,-0.16091044079963399
G6423,0.26225049744885476,-0.15953418831546548
G325,0.26240261857936426,-0.15943808676814483
G4852,0.26247600304776514,-0.15744450394889542
G4605,0.26248312186896117,-0.16008452709938836
G5705,0.2625041907610925,-0.15883515903825482
G6707,0.26252073349401756,0.1589350385721432
G7203,0.2626395041389974,-0.15980267018300082
G6076,0.26270341297017824,0.15829764938085164
G3894,0.2630705973709425,-0.15820677709716036
G2216,0.2632400229775531,-0.1587909131413261
G1067,0.2632907785333733,0.15886494788449407
G6403,0.26339224245943227,0.1589708274828036
G5421,0.263505035020674,-0.1599554057869734
G663,0.26375320422778736,-0.15830877527020532
G361,0.26398604195766145,-0.15957772103741952
G845,0.2640564475811207,0.15935392147923463
G6267,0.26413519125141227,-0.1585653778708131
G7334,0.2643300112017652,-0.15777066130607603
G1655,0.2643711759545672,0.15903197886165868
G2517,0.26438826633595713,-0.1583394190674514
G3446,0.26466762332489413,0.15785255720018898
G3813,0.2647034918935333,0.15906990780044727
G5592,0.2648813637892336,0.15894273632079553
G5266,0.2649532118006066,0.15778171891840992
G1991,0.2650062381130172,-0.15792351891233042
G7755,0.2650659069089905,0.15830854372367853
G2817,0.26529552900512277,0.15706405346463942
G4803,0.2657024246253121,0.15773336913721886
G6449,0.2659029566286066,0.15749833628550808
G5158,0.26603733286239917,-0.15866772070526322
G3726,0.2665137843130568,-0.15677097436987375
G2103,0.26654466107540836,0.1579242524520414
G2525,0.26723498908751625,-0.15681541601117294
G4839,0.26731788767905473,-0.15874916537991052
G4396,0.2674272160045337,-0.15710320859403326
G2670,0.2674835713935155,0.15710784826952406
G7140,0.2676214151630629,0.15655260930135623
G5277,0.2676305402836811,-0.1570762943454796
G1982,0.2677054011368461,0.15692295766241302
G1213,0.268000919257252,0.15738958610428505
G5924,0.26811347781544603,0.1575335533426868
G235,0.26829629097684643,0.15702692071000762
G5287,0.26843178027951126,-0.157791879977488
G2055,0.26859531269863923,-0.1572124939663151
G7333,0.2687155537886061,-0.1565140923832437
G4260,0.2688632623621128,-0.1588634839190199
G5267,0.2688906863933049,-0.1560654318683109
G3227,0.26889808416231714,0.15685591391549789
G4775,0.2689276216081432,0.15820710311054356
G7311,0.2690787467715378,0.1579140643519399
G994,0.26910501102562095,-0.15711866455376067
G2094,0.2695057999609376,0.15551099821395659
G1079,0.2696944544333773,-0.15704054886463192
G7067,0.2697446673473479,-0.1578294374701925
G4320,0.2699149602397483,-0.15801046782465186
G6812,0.2700107612479507,0.15534542672390686
G6713,0.27007446163426385,0.15894140753652947
G1709,0.2702568693500399,-0.15720763235614518
G1600,0.2704612507440391,0.15580675765568586
G5890,0.2706829141440588,0.154985847737161
G6084,0.2707770624101581,0.15676984627998203
G6615,0.2708448173182586,0.15693367494902916
G3856,0.27086731610224296,-0.15694226614153972
G6464,0.2709998959133707,0.15622922745057718
G4842,0.2710148164424869,-0.15558978231841372
G1758,0.2710881467039681,-0.1549809893294712
G4983,0.2712098148643405,0.15755628597234783
G317,0.27121885089881487,0.1569554692068394
G1004,0.27129761688859405,0.1560426551596964
G2610,0.27139235863530164,-0.15507347473556216
G6837,0.27162990846517304,-0.15559735320902515
G6930,0.27170086863074994,0.1573549608280812
G5176,0.2717777837755801,0.15619542720673465
G2193,0.27180312416659874,-0.15617361995975537
G6421,0.2719348762086297,0.15661994677743868
G7933,0.2719575174847878,-0.15718029849836315
G2923,0.271996432346113,-0.15461252519202012
G5590,0.2720051115871207,0.15722258146692927
G5417,0.27205315879712216,-0.15564326975029635
G516,0.2722031925735928,-0.15499807297250995
G6970,0.27223579122659347,-0.15597198263568263
G5439,0.27224104318540054,0.15529920346117376
G4904,0.27224951193476177,-0.15646707501937596
G4750,0.2723756669228852,0.15699770841347033
G6518,0.2725569447680202,-0.15636602986356196
G2925,0.2726348070659864,-0.15540303718847653
G7219,0.27265425654558256,-0.15611280951304532
G2112,0.2727331439965157,-0.15628054012427373
G5042,0.27279521429103215,0.1568983794257311
G5235,0.27289545685526023,0.1558977663323411
G4607,0.2728971177796098,0.1551118291296758
G4672,0.27303080830499776,-0.15710590929890988
G1069,0.2730326550679007,0.1566455236893124
G6631,0.273251757694692,-0.155280331222786
G7089,0.27363590161090134,0.15674859022200513
G7445,0.27365617870897246,0.1545405852995529
G3849,0.27368244090002497,-0.15557084798406542
G3710,0.27383256612880935,0.15388012133149542
G1601,0.27385710016446857,0.15667633545166268
G6853,0.27387922060956416,0.15560432042620917
G2546,0.27402073266984,-0.15534306006815696
G4771,0.27418920063590047,-0.1534391410784806
G2633,0.27430525175486137,0.15581669623861039
G97,0.27431642521617494,0.1570140788361551
G1292,0.27439769921786267,-0.1544470918967934
G777,0.2745007297212069,0.1562425329269
G3543,0.2746371109620721,-0.15552491338610705
G6609,0.27464769623469937,0.15543272697962532
G2282,0.27469674331218785,0.15476053600480477
G7984,0.2747428245651319,0.15444879772759956
G7746,0.2749267407358623,-0.15441669456213614
G3111,0.2749942934008603,0.1558042609124567
G5935,0.2750865154979096,-0.15444066339581858
G6424,0.2755154720911051,-0.15572506738915537
G341,0.275607121762087,0.15548484469925672
G237,0.27574183300015787,0.1543572491010609
G2550,0.27577776030248335,-0.1551825635222424
G3615,0.27593252878144886,0.15399553551894268
G7927,0.27599835843835197,-0.15491329224334532
G1742,0.27646483137697864,-0.15382070745280343
G4744,0.27651687289590776,-0.15437330007600197
G6774,0.2766019092711708,-0.15326097594927685
G7227,0.27660897908482657,0.15349408995738015
G610,0.2767008221447196,-0.1543491075947776
G7914,0.2767090097145524,0.15424690056644158
G558,0.2768787452041672,0.15370716658559874
G5045,0.276915437993141,-0.15658611568416364
G2165,0.2770244458143977,0.15529564457592562
G6619,0.2772378385767164,0.15263456921696583
G4753,0.2776012558349959,-0.15481764423904798
G3157,0.2776418965765507,-0.15558780200720618
G3749,0.277681615434235,0.15335394468659602
G7960,0.277957878754385,0.15359089983010898
G7836,0.2780153083221199,-0.15335910628413973
G6154,0.2780312040162997,-0.15397442816291168
G4221,0.2780672945926518,0.15326888141978473
G5950,0.27809298602745364,0.15328502175621334
G826,0.27810343902621176,0.1533765828577495
G265,0.27841718035759216,0.1542458336287535
G3265,0.27860783137425954,-0.1522196091701069
G648,0.27861278365856235,-0.15418433983691168
G589,0.27883602484498726,-0.1541827103296065
G2682,0.27899500764468743,0.15364877900508117
G126,0.27903845400070093,0.15439114352994007
G7332,0.2790891057521666,0.15487316557212452
G6967,0.27911945308460073,0.15322377730982129
G6889,0.27932908477088025,-0.1523920988598097
G6418,0.27933061181019003,0.1542656089193923
G2433,0.2793714944453027,-0.1534648090500937
G7478,0.27952219734398226,0.15243960407306445
G4520,0.27966154709727126,-0.15373136988778469
G387,0.27967794693894166,-0.15309989376162644
G5848,0.27971558819663234,-0.15395313411106834
G5543,0.27973137638986245,-0.153817548916576
G7057,0.2798083412176207,-0.154589768155795
G2440,0.2801081278446161,-0.15468951485223492
G5588,0.28033156164715045,0.15527881699234414
G7885,0.2804663216618223,0.15244014981427034
G3503,0.2806228674428825,0.15332863974794902
G3036,0.2806241536633068,0.1557017086080455
G6179,0.28064427729172164,0.15467835197224594
G2949,0.28072042474431486,-0.15268564844599264
G5478,0.2808498541840991,-0.15232771669048512
G2312,0.2808666644609067,-0.15368284873546167
G4788,0.28086891477244735,0.15238797565391515
G4401,0.280930545909303,0.1542550471426657
G2046,0.28103574674412096,0.15544231327187596
G2408,0.2810577189254017,0.15265543617870636
G3550,0.28110934020362244,0.15276235079627876
G6755,0.28115434142813245,0.15429471615446105
G4462,0.2812007103585947,0.15411082532223314
G7946,0.2812645720920799,0.15268920300738165
G1444,0.2813239699037536,0.15294147705289202
G6426,0.2813528317198794,-0.15328058924469348
G5959,0.2815140479913706,0.1537540630180111
G1783,0.2816733744821951,0.1557453331335234
G2855,0.28168392340036863,-0.1532121899684042
G7791,0.28182228116602703,0.15214936993598863
G2164,0.2818775311716754,0.15276783068219374
G2382,0.2819077920511255,0.15220327300711378
G5280,0.2819691127384021,0.15264161163636833
G2439,0.2822866512015729,-0.15217246930945777
G3890,0.28241601841440905,-0.15428949655644253
G1606,0.2826093021923635,0.15160370379678043
G2435,0.28268277427905614,0.1518752751753032
G6487,0.2828150777495027,-0.15255171197164952
G3499,0.2829843404062133,0.1521970323981156
G7388,0.2831080190703952,-0.15181741944533722
G3486,0.2831488957810541,0.15128736856804093
G2699,0.2832014763781162,-0.15154137520821626
G223,0.2832020983003476,-0.15132345521654178
G447,0.28342870234567596,0.15272961400352147
G1203,0.2834716196790497,0.15056593190881407
G4608,0.28356316530383274,0.15370342869139275
G2171,0.28370463149272146,0.15024406080725583
G3936,0.28373279145105373,-0.15247399653312935
G7339,0.2838712802544985,0.150886060011162
G4414,0.284070025930945,0.15360240643897322
G5282,0.28410012597626727,0.15292116039834042
G5635,0.2841516730385817,0.15197587900312887
G1623,0.2844693113901834,-0.15170464885433332
G7818,0.2844932553983883,-0.15157294694411283
G3161,0.2846885989776993,0.1511163865549901
G494,0.28475438995699054,-0.15323680486940094
G7094,0.2847803905486089,0.15156158469334813
G3075,0.2851312928746057,0.15180393745853787
G3231,0.28521898949399527,0.1508880041243253
G23,0.285261808656962,0.15043212349024276
G5632,0.2855608134183672,0.15101796328989536
G87,0.2857102660373989,0.1520418529975063
G4116,0.28574735046589517,-0.1509859808156069
G5105,0.2857636036511246,0.15218153056838743
G2012,0.28590580887239014,-0.15294476822503217
G7201,0.28602624391122,-0.15136189340901085
G5589,0.28622569342325827,-0.15107487285946708
G4956,0.28623616414488423,-0.15213710336569675
G5414,0.28624508539201454,0.15171537701273327
G2450,0.2862906360333213,0.15294703647362196
G2942,0.2863046147839272,-0.15110544092014022
G6085,0.2864093550080202,-0.15279875562494413
G1301,0.2866934867545576,0.15288907837194543
G4846,0.28682256307795456,0.14980523136125762
G7194,0.2869572325474174,0.1517141061546387
G3564,0.2870600351459808,-0.1513456294499079
G3388,0.2871012756369207,0.1503777349464855
G2092,0.28724263387761234,-0.15119557770327968
G4723,0.2873297768328107,0.15156651180048797
G310,0.28744772663141704,0.1514447703785184
G3536,0.28769391489375096,-0.15136181898406506
G7543,0.2878330124654856,0.15024659213613445
G5461,0.2886523784202553,-0.152025544219287
G5659,0.28867724443606163,-0.14952410061942845
G6614,0.28873139893237093,0.15249071621329024
G5807,0.28874217546411707,-0.15155978601120962
G5489,0.28881069891129924,0.15140549619581772
G3780,0.2889152216699349,0.14967951978631186
G1320,0.2890510525742579,-0.15081585617979848
G7577,0.2890756954188383,-0.14945947228462778
G1995,0.2891056518261132,-0.15034125103245535
G1336,0.28936766115704404,0.15090858004416283
G3789,0.2896003020716862,-0.14965716522593198
G1196,0.289756097468964,0.14962051552598396
G1926,0.28977621142442667,-0.15054773557621937
G1113,0.28987456895162095,-0.1501564823950643
G7180,0.2900612554751156,-0.1473643970451588
G6361,0.2901539992681281,-0.1510320004533774
G6137,0.2904301332982832,-0.15028917813805592
G6699,0.29058503400935415,-0.1508626517675404
G4241,0.29089361703394273,0.15086064688037415
G7238,0.29091599014997416,-0.1501095450142766
G4988,0.2909726179082724,0.1502567817587485
G3239,0.29105271322472714,0.15010451073672587
G6414,0.29119093415622826,0.1496400055157347
G7290,0.2913097798971134,-0.1492538718547185
G2462,0.2913333814481494,0.15089225045753565
G6227,0.2914593528430215,-0.149829703991469
G7514,0.29153644583166716,-0.14916548650481215
G7813,0.29174918298773594,-0.1510093872061938
G5412,0.2917756280765576,-0.14879784511461663
G1875,0.2920459060081797,0.15004175946392218
G321,0.2921268074943426,-0.14986356844550902
G4052,0.292253090775535,-0.14903525554530622
G255,0.29257059550425685,0.1484033783798838
G2704,0.2927089195246164,0.14998287991897175
G2083,0.2929610847470953,-0.14768488243783395
G2667,0.29303217713951657,0.15069380121386128
G3917,0.29311033249553736,0.1501453861980172
G3396,0.29346899099827817,0.1497532584113281
G2341,0.29355058165894227,0.15010536615202738
G2668,0.29359346110574486,-0.15009099513409485
G673,0.29388608785158465,0.14842775196721902
G3138,0.2940252560965488,-0.14865509789145676
G4837,0.29428211293730216,0.14765019923177095
G1383,0.294340661645522,0.15032315149063533
G1973,0.2943560379902572,-0.14846423568136174
G4548,0.2943867007382901,0.14829285036937176
G2665,0.2944881174652616,0.1498926674065855
G7991,0.29456260099966197,0.14796036681788985
G7395,0.2946953311810128,0.15063220261093857
G5310,0.2947545117362464,0.14897527449206682
G3912,0.2950968044862567,0.1485855509660601
G1001,0.2951367933650118,0.14899167369442384
G5749,0.2952715626690547,-0.14900739724325282
G3073,0.29528900250520385,-0.14853856912470503
G335,0.2953463772254738,-0.1501036441561452
G6046,0.29535640693651594,0.14903216329777436
G470,0.2953767865710623,0.1474201159369507
G2696,0.2958324430616027,0.14945292972348534
G4114,0.2958724317665625,-0.14802766751749885
G4230,0.2959604988969462,0.14822297120664887
G4468,0.29608996604319104,0.14820385921857657
G412,0.29620785044273074,-0.14751929079586368
G1752,0.2962493124457389,0.1475488373550121
G1431,0.29636125289695237,-0.1489255774453782
G3718,0.2964001994375541,0.14964453150921486
G4019,0.2964749984681371,-0.1481620682544702
G7998,0.2967291992914948,0.15038823801922888
G6099,0.29681559523209644,-0.14747011644471814
G3991,0.29683443909215396,0.14879397101716624
G397,0.29690736180130406,-0.14690994928591156
G7411,0.2969385703840706,0.14854496326790997
G5627,0.2970367156950605,-0.14787976242434253
G7865,0.2971291157609696,0.14756456663173567
G2151,0.29751477633244816,0.1465963496081361
G4927,0.29762012590827,-0.1485053379504008
G264,0.29764131957251644,-0.14824602679013257
G4371,0.297730370869866,-0.1494255260293784
G5337,0.2977376327586555,-0.14774726537775604
G758,0.29791275519947885,-0.14883313808117643
G467,0.2979357820658459,0.14786705553398455
G5138,0.2980049708916223,0.14872926824683955
G4383,0.2980451745118117,-0.1465227738289164
G3133,0.2981552981343214,0.14854227853142193
G1732,0.2981610423349603,-0.14974998196207617
G4254,0.298174722787712,0.14837834938374883
G6929,0.29822286589287467,-0.14677458444281838
G6428,0.2982957954151469,0.14660059105229295
G2337,0.29839090315545397,-0.14876129059205545
G1438,0.29840743602310893,0.14824484875981375
G6781,0.298513628734772,-0.14806099968062186
G1940,0.29855143881807994,0.14729465476278253
G7808,0.2985716739861422,-0.14670460318702588
G5536,0.2987399701684499,0.14613230755478432
G144,0.298740744950799,-0.14818407079930507
G167,0.2990251966215896,-0.14705624341256235
G163,0.29902807040764634,0.14750496197107094
G4742,0.29915406216902024,0.1456792812479788
G6505,0.2991623632041627,0.14697717387235515
G5762,0.29966550057034963,0.14900459144913655
G860,0.2997050246284054,-0.148136855612859
G6495,0.2998500603927054,-0.1468103432079066
G1255,0.2999507607576716,-0.14723045980235777
G1818,0.29997631114008044,-0.14737577185159553
G1406,0.3000157643884341,0.14679935407314704
G2376,0.30041333658165426,0.145179072255832
G2637,0.3004679142489755,-0.14684773830545272
G1184,0.3005279845592224,-0.1475689913394866
G4099,0.3005364147661518,0.14657249035752334
G2087,0.30054379489908667,-0.14552601775504992
G1493,0.300592031377437,0.1461326579574384
G1720,0.3006312268051193,-0.14669694185084786
G1204,0.300766806931623,0.1479811544720719
G772,0.30085096776956893,0.14596863098186952
G7133,0.30095627502822764,-0.1461000084445075
G2646,0.30100212713574753,-0.14609582256148285
G2166,0.30136684295724164,0.14699910521542597
G6329,0.30137185189800797,0.1465237601322444
G562,0.3014246912206996,0.14587238598218535
G3576,0.3014458687031128,0.14630003941612302
G6695,0.30152922441736735,-0.1462325275387107
G3850,0.3017458215869153,0.14678825452194028
G1993,0.3018012677913707,0.14565797872782166
G1883,0.30183186786951244,-0.14640892078540912
G2795,0.3019066575655867,-0.14740076782284145
G7619,0.3021734356384746,-0.14640088165545462
G4529,0.3025119992552894,-0.14652501033048315
G3275,0.3025682160410294,-0.14579563704702908
G7023,0.30275411526364926,0.14553744576733535
G3285,0.3028752265544356,0.14580277135850905
G1749,0.3030369768351938,0.14625945988186187
G699,0.30306435413361094,-0.14576060250352818
G3143,0.3030763572826204,0.14655749774388024
G6706,0.30324143077602506,-0.14716810144888653
G3106,0.30352188524980633,0.14575310576250244
G249,0.30358720795269695,-0.14538554743341953
G4059,0.3035963052669451,0.14647315350840528
G2954,0.30369016943799587,0.14699561076459589
G7548,0.30405135604919614,-0.1448422985703306
G4208,0.3041944709162241,-0.1453273434183177
G3368,0.3042698208361474,-0.14620124078949542
G2455,0.3047500705638394,-0.14595479897175992
G1829,0.30487975185445404,-0.1466504064891525
G3871,0.30509061553852984,-0.1460429247959428
G6786,0.30524812753492686,0.14633027647806462
G4066,0.30550746085946806,-0.14692779431207242
G4162,0.3056214617864959,0.14426058394885122
G51,0.3060238099632129,0.14432164808735487
G2909,0.30603946580447133,-0.14420144772500945
G3870,0.3063858318317653,-0.1478789220741219
G5595,0.30663329187068106,-0.14598904249133457
G1424,0.3066516665648678,0.14429800699715933
G2461,0.3067711125874155,0.14577595364799933
G5488,0.30677288075744474,0.14506471268013985
G434,0.3068205625092835,0.14559382837555307
G5777,0.30689315741153556,0.1453588191623634
G2393,0.30696411355177,0.1467097937811798
G6108,0.3071718791418614,-0.14440605068445717
G763,0.3072583485800927,0.14506518505124558
G995,0.30728548046542903,0.14570612792154097
G6041,0.3075661121926414,-0.14517045339239143
G1724,0.30758052580645173,0.14689855544560487
G3844,0.3076269951764487,0.14564746513789112
G7814,0.30775843894891514,-0.14424741598910173
G241,0.30781172376755495,-0.14439861620182023
G5040,0.30782473355797835,-0.1452426024618139
G2520,0.30784899891025636,-0.14398432762141564
G848,0.30789368847780507,0.14395632087424687
G6073,0.3080143146406493,0.1448747276856913
G5955,0.30815230810689503,-0.14565978190989848
G315,0.3082518283965975,-0.14441606883474464
G3626,0.308292369189844,-0.14554519170000316
G1443,0.3084086539552347,0.1437924589333019
G67,0.3086561215364317,-0.14561819161521286
G5836,0.3087200151068184,0.1455408048037492
G4206,0.3089101043398396,-0.1432911490212685
G2937,0.3089723028307621,0.14440184326635763
G3965,0.30898675158049954,-0.14449642515709593
G4223,0.3090530179387889,-0.1433616924225074
G3223,0.30921929848989604,0.14518956076148254
G5438,0.3092529805285028,0.14263737028892806
G1819,0.3093220949894221,-0.14387949425641544
G3165,0.30953626258068945,0.14499371804868869
G5260,0.3096223627954272,-0.1464941166197508
G4567,0.3096307553061554,0.14319762298823024
G1789,0.30972252344273155,0.14551812773909883
G3038,0.3097906199966583,0.14368347197983605
G4009,0.30992825450697914,0.14418544681096432
G1100,0.310009964487101,-0.14317471319748604
G5218,0.3101013324673731,-0.14364906675806194
G5117,0.31011852639415166,0.1444330295460019
G2378,0.3101497384317454,-0.14444208137565018
G7370,0.3103147492289271,0.1449346107517436
G6336,0.31043647429342885,-0.14483860521037065
G2987,0.310851989584655,-0.14494782029991893
G3449,0.31103821796390685,0.1446691063481938
G2589,0.3111953459142611,0.14327666142778206
G6113,0.3114892533233775,-0.1430106245391886
G5906,0.311520849904324,-0.1438602225796926
G6229,0.3115977632873496,0.14360623821081409
G2293,0.31191194402083977,-0.14356173331918395
G7063,0.3120234086443273,-0.14492986224684268
G818,0.3120877189036563,0.1437317114500435
G5912,0.3120909615033919,-0.14424763035759808
G7110,0.31211657461884185,-0.1430425658204223
G7266,0.31215012400904757,-0.14452560223457728
G6701,0.3121631253284325,0.14452668582470307
G2327,0.3123303170633881,-0.14248190600805014
G3041,0.3123431745072519,0.1441045649192813
G6590,0.31242029816372713,0.14503848510732079
G3034,0.3125308510632274,0.14307191603779298
G1260,0.3125369058928677,-0.14284863143970186
G1711,0.3125487028486077,0.14243174326181765
G7978,0.3126140281268828,0.14401816557541716
G841,0.3126721078536179,-0.14452496031183384
G6394,0.3127832972566629,0.14459428747907954
G1944,0.3129280191933111,-0.1422685256433104
G7371,0.3130603201752598,0.14240399287068561
G3601,0.31321087090313987,0.14287474874322198
G5631,0.3132254614629343,0.1434881325677475
G6454,0.31338354806531243,-0.14286692254901195
G2473,0.3138167266531926,0.1427477459143574
G6540,0.3141658859359331,-0.14300977661021344
G7076,0.31421926287090224,0.14368997433538588
G5821,0.3144268709147054,0.14203642207168476
G3254,0.3144283906191442,0.14152876413978005
G6027,0.31459330113226663,0.14290921090628478
G6655,0.3146844668411428,0.14205690364380563
G1404,0.31493734026361037,0.1422936200281225
G1639,0.31493995039749123,-0.14326473074759266
G1348,0.3149946331758154,-0.14266607762503047
G7009,0.31508617515479054,0.1422915935291528
G6891,0.31560039793570455,-0.1417662710414651
G1080,0.3158482136276385,-0.14324110368424903
G2513,0.3159850669308592,-0.14279637528281797
G1530,0.3161814900315934,-0.14253088779598344
G1790,0.3162856783763994,-0.14339301588028341
G5304,0.3163401134004311,0.14166882240484507
G451,0.3163516141679709,-0.14228204781681825
G2595,0.31646905003545417,0.14223745345309352
G5051,0.3165485279107769,-0.14337711183637553
G1012,0.3166523912672357,0.14212892511449693
G6991,0.3168182322303918,0.1420014231707857
G4194,0.3168200786809721,-0.14183551857094429
G7947,0.3168259924093528,0.14297061573889258
G407,0.31692509570650984,-0.1433326719598522
G2676,0.3169508782755328,0.14152788774351988
G3256,0.3171315508929179,-0.14059305050709672
G1738,0.31721624302530516,-0.14198844003960914
G31,0.3173127005762447,0.14209600294465813
G6903,0.31749607579168976,-0.1413864136221516
G5155,0.3174982123347056,0.1414085688075629
G257,0.31756960672711987,-0.14308876688303945
G7161,0.3176058025023694,0.14346471636650818
G6788,0.31785884337686515,0.14151600717245708
G7480,0.3178678071243329,0.1423749851046896
G3823,0.3178700666352962,0.14125601806816923
G5505,0.31797844515385654,-0.14112793426600956
G2686,0.3181620912425326,-0.14134857491845165
G1581,0.3183622500834972,-0.14081340206085138
G1013,0.3184172302495517,0.14279595797836603
G1550,0.31848430020622487,0.14099914595948027
G3123,0.3185789165325904,-0.14323336697059794
G6797,0.3187711313016295,-0.1411429467509488
G185,0.3188209906748275,0.1418267990326222
G4686,0.31884804408913925,-0.14221283956327863
G4278,0.31889011017532937,0.14147496317520825
G3321,0.31905011819962187,-0.14001879015641755
G4649,0.31922161450764686,-0.14030397510315404
G7910,0.31939051967719145,-0.140215601000151
G6735,0.3197743700067438,-0.14132481484621928
G6859,0.319863738190816,-0.14023502988704195
G3494,0.320052148957985,-0.14025080361134393
G4724,0.32008152601879103,0.14160858522228012
G1225,0.3201113910553482,0.14089042887687417
G5615,0.3202752222003453,0.14257681944583284
G131,0.3202991950704685,-0.1405391387932348
G1418,0.320433146421705,0.1416250055792923
G7653,0.3207064891653058,-0.1415176102667603
G7300,0.32072948287799524,0.14076037037440114
G3831,0.32084112800197273,-0.13956845635097087
G297,0.3209809307549223,0.14006017924702752
G2464,0.32104846402801795,-0.14081468036712208
G6433,0.32110810536068624,-0.14103863559187874
G2805,0.3212470473131303,-0.13987179480712186
G6596,0.321310254004404,-0.14074625175872107
G1975,0.32140953876794176,-0.14092832772475766
G969,0.3214399055899736,0.14115321575866213
G6347,0.32145246532903277,-0.14092329392521824
G71,0.32150407548319954,0.1413595059670292
G1979,0.3215170451511709,0.14197859248753306
G3062,0.3215276714751911,-0.14031488041483273
G4354,0.32168663975794143,0.14189334289607788
G181,0.32171641502012044,0.14009240404829976
G1154,0.32212031885692033,-0.1402617606845856
G5854,0.32233538535261863,0.14061708967756065
G7767,0.3223819112561326,-0.14071996887320692
G4575,0.32243947206990164,0.14021570230683156
G5368,0.32266641565958354,0.13986638077347452
G4502,0.3227049068095802,0.13931531327703192
G4796,0.3227910007610769,-0.13935991760754313
G1256,0.3228730965640494,-0.1412206628512251
G6248,0.32299900049096975,0.14103924216943425
G6096,0.3231201685701156,-0.13961709735578884
G2350,0.3231927982231704,0.1402063456710108
G5858,0.3232710633738678,0.13987433510953884
G1462,0.3233945712668068,-0.13977239355699977
G6882,0.32359544544118923,-0.1407942696200356
G3692,0.32366994123093795,-0.14001532510294115
G2878,0.32369245191373297,0.14137173495389316
G6307,0.32370397851148003,-0.14011071663823063
G3642,0.32404572115261676,-0.1407589169442054
G4721,0.32405000465421663,0.13962404112477111
G4795,0.324153524372621,0.13962590675105302
G197,0.3244633876273353,0.14026135845045504
G2707,0.3245214219977921,-0.1390845593724116
G5334,0.324688973096967,-0.14055384716989888
G4272,0.3249158702491878,0.14071117560031515
G2453,0.32506613176022914,0.13943185638506547
G2791,0.3252890251828445,0.13982878802338283
G4954,0.32537925013857816,0.138483189846959
G1772,0.3254624830048246,0.13863195466784584
G4232,0.32578756349736193,0.14074082394388515
G2021,0.32591893259680027,0.13848627827530302
G3395,0.32600568397907526,0.14017971715104846
G2136,0.32612371666492923,0.13893829448095968
G2111,0.32636288853731155,-0.13930184993304734
G7822,0.32649198304617166,-0.13823180642102179
G776,0.32652555277147344,-0.1392487097034063
G188,0.3265410233124404,0.13920598206154716
G3568,0.32662016402463034,-0.1394174406450113
G2765,0.32665587282119257,-0.1384131109821919
G243,0.32666074258949984,0.13949802354562132
G4361,0.3268167646674678,-0.1396288668380095
G7936,0.3268940544495339,0.13958714554372026
G3592,0.3270760095176165,-0.1387178958909261
G5345,0.3271015112409953,-0.13832699953229427
G7246,0.32733195625710054,-0.13906505274696293
G2970,0.3274411060845943,0.14032020800878922
G2274,0.32754624232350826,-0.1384707174673226
G3080,0.3275742895557443,0.1397478456964911
G5531,0.3276939957324201,0.13890480167391692
G6025,0.32774393088380027,-0.13825133217181818
G2243,0.3278237073375946,-0.13839111354894557
G1146,0.32794541192617,0.1405544942302657
G165,0.3280473405503399,0.13875897795029946
G6549,0.32816068464571246,0.1386248029163669
G209,0.3282295056916631,-0.13944639628834887
G4989,0.32832737740618767,0.13936829076815008
G6481,0.32843811502787,0.13791879484370168
G5231,0.32843973524294845,0.13880115124238557
G6291,0.32857785243560633,-0.13969136318150965
G6887,0.3285837986254333,-0.1389625761991321
G1508,0.3293245771525014,-0.13767584803963126
G48,0.32935455665061375,-0.13833372081492315
G3501,0.3293597744639183,0.13959080478208602
G3487,0.329386932996933,0.1386597025264812
G7799,0.3296494721907469,0.139951204423782
G7187,0.32973485673140335,0.1402505427400834
G1587,0.3297402753205396,-0.1381359969192808
G7372,0.32987692282961756,-0.13982457522577785
G1331,0.3299604163698403,-0.13907169767145797
G688,0.3299670904012163,0.13697913819022817
G5182,0.33008563228738785,0.1387054090119877
G3213,0.3300950275820784,0.13727307000611977
G5638,0.33012515965861466,0.13905655299503067
G6601,0.33014135644167486,0.13867517536167429
G5568,0.3302041827012454,-0.13807360914121747
G7958,0.33029864933291697,-0.13871572478395883
G575,0.33047332052810885,0.13826698599272613
G625,0.33050975886238054,0.13868307590349271
G7082,0.3308954041673786,-0.13788043846948306
G4684,0.3309713998048748,-0.1380305433236957
G6858,0.33108927491600515,0.13660886397841024
G4281,0.33112481888041945,0.13886519625541466
G91,0.3311905533466776,-0.1370035664514997
G5765,0.33154926983767175,0.13783026724540764
G2185,0.3315600569902374,-0.13847575851314353
G4893,0.3315672197925448,0.13812632786652174
G2213,0.33173946623398587,0.13675190369189727
G6203,0.33184253449677426,-0.1382784639970556
G7220,0.3319210400076974,-0.1370808573152135
G5230,0.33201183480927465,0.13733046207071958
G1866,0.3321932334913237,-0.13588937915527516
G7039,0.33225436766061456,0.1384159028518983
G5493,0.33250703077140054,-0.1364585830897534
G6402,0.33254870106243184,-0.1378318973981673
G6936,0.3325583004685352,-0.13772720134228805
G327,0.33257569392444275,-0.13808767752220397
G7679,0.3325793943891103,-0.13746208694206036
G6275,0.33265236557298916,-0.1366662949594031
G5526,0.3328523727009468,0.1366889035923048
G1854,0.3328736751924627,-0.1366728401616114
G580,0.3328835479160891,-0.1361851987352823
G9,0.3329844165526197,-0.13889180676073423
G7643,0.3331351745425176,0.13676388306285725
G762,0.333192008643724,0.1376711147043993
G7418,0.33322416112219044,0.1383972503981578
G2291,0.33356922960910484,-0.1385648941896536
G1765,0.3336288843333072,0.13735267862635558
G3477,0.3336728726176732,0.1379669140028889
G5974,0.3339595022505767,-0.1365119786648566
G2915,0.3339654895035219,0.13759838541618147
G2545,0.3340043578858105,0.13849574025897854
G2457,0.33417877196112966,-0.13827390911713494
G7383,0.3343208881991896,-0.13817849364903037
G7060,0.33457207103507924,0.13689865923079117
G225,0.33463754058645856,-0.13758239602569783
G7529,0.3346598838252195,-0.13817488051804416
G3066,0.3346880399124127,-0.1373388239335465
G2524,0.33482501281096133,-0.13816867213518513
G7667,0.33483531881445505,-0.13768528997120527
G2386,0.3350649568381667,-0.1363675018656228
G909,0.3351030119121752,0.13749882323580453
G2301,0.3351986483443996,0.13683151261294768
G2273,0.33549866060149347,-0.13594980153756903
G7095,0.3358854131745215,0.1377391137063958
G2539,0.33600776885971373,-0.1364667116750342
G3156,0.3360423742854197,-0.13653007253978136
G5652,0.3361276574232245,-0.1360024930386322
G7485,0.33618857923597667,-0.13659534812705132
G1725,0.33629525285468853,-0.13515307017824094
G2645,0.3363278885350375,0.1363222586757859
G4568,0.33651915113950714,-0.138046576914562
G1236,0.33661009547677256,-0.1352058250962585
G578,0.33667983901641985,0.13819331779747476
G6711,0.3366874475638394,-0.13756482620202004
G5382,0.33683033873617996,-0.13539026603283005
G2029,0.3368547070097281,-0.13545980589554749
G1039,0.336989202963879,0.13648879204950792
G686,0.3371404513691302,-0.13576626551512258
G7538,0.33720722277672277,0.13517569483153397
G2573,0.3372131939574021,0.136380365001745
G1092,0.3372243760564724,0.13693162280724575
G895,0.3372603790297597,0.1381213696228445
G6478,0.33734681297415625,-0.13724407264186456
G6921,0.33739372663318457,-0.1359531078869335
G3422,0.3375458468774235,-0.1361675455008736
G64,0.3377313064880335,0.1368608147429996
G5709,0.337803985735481,-0.13634147671710548
G4601,0.33822603667458095,-0.1363288616057398
G7398,0.3382443056537625,-0.13571621622458116
G6350,0.3383981815378613,-0.13479467988947874
G7704,0.33840251310072955,-0.13674730722283673
G7415,0.33842538642712916,-0.1347491834055584
G5005,0.33845644600919267,0.135446915750825
G4580,0.3387113721910866,-0.13652968807095095
G773,0.3391109717907229,0.13550550617802276
G7663,0.33933239087761835,0.13716989256662881
G6001,0.3393551179582357,-0.13561054679816759
G3047,0.3394436690972493,-0.13438077467530193
G5804,0.3395168559207523,0.13735388452670652
G6962,0.33952693410338786,0.13573769058078536
G4661,0.33961105981737005,0.13593775636521555
G1589,0.33982513329026454,-0.133790708012414
G262,0.3398808877735965,-0.13560681835702482
G2250,0.3401865541246998,0.1359916652074289
G6103,0.3402962872343315,0.1352119712299281
G1261,0.34077739540238683,0.13568806075348094
G764,0.340896889662611,0.1356339951849274
G5323,0.340916348363985,-0.13533532157181521
G6720,0.3410508035694847,0.13575830182584422
G2156,0.3413985440015711,-0.13552539507957867
G5474,0.34145625687850645,-0.13563480488154633
G7174,0.34145742542573776,0.13438790657229455
G586,0.3415155430750556,-0.13344943897614592
G6017,0.3415307477242574,-0.13651083941149156
G547,0.34155018524920966,0.13498241121255375
G2328,0.3416653415795734,-0.13447166060594506
G2425,0.3417728013595044,-0.13550475271953366
G261,0.34188151172085157,-0.13338179043036588
G2007,0.3420421883539566,-0.1339977684329857
G4453,0.34231908502054165,0.13486547547967737
G5066,0.3423207518036734,-0.13488170068868688
G94,0.3424233662863412,-0.13387521986828702
G1191,0.3426317771201851,-0.13573786969030846
G4010,0.3427822722108753,0.1348343338111071
G3053,0.3430736902874447,-0.13565883615645097
G6857,0.3431509130257204,0.13488642063823836
G7377,0.34335230930119276,-0.13317296601851886
G6014,0.34346599561369406,-0.13431605129306862
G5798,0.34380061195222866,-0.13517104218721968
G4478,0.3438109592175215,0.13367277581035641
G1865,0.3438327640700636,-0.13379905378094079
G1598,0.3438768857621549,0.13589734227464073
G2824,0.3438826388177739,0.1340050211594589
G3798,0.3438913179379385,0.132979671541136
G3969,0.3439745136460869,0.13553544988473662
G5726,0.34398679653599107,0.13398799494747266
G7310,0.3440175271339293,0.13421868730635605
G4042,0.3443288940005126,-0.1345310574606914
G5891,0.3443831877271174,-0.1352556570368741
G5074,0.34452641929198113,-0.13413639066562344
G349,0.34460130027204683,0.13596823889497753
G3591,0.3446727965867229,0.13372112388827945
G4024,0.34474977985049327,-0.1335168059871509
G1959,0.3448142013573553,0.13505186684179285
G2268,0.34483513429074764,-0.13424829873179236
G5024,0.34487624494325564,0.13538669693572108
G6583,0.3449901157625682,0.1334137937114249
G5699,0.34504774734167987,-0.13357209435594608
G2625,0.3451369723497162,-0.13387793457353808
G5032,0.34516888936657075,0.1347400863764735
G2533,0.34527223488538694,0.13479235953668695
G5039,0.34547701635859474,-0.13240228100808396
G1273,0.34552664270658084,0.13349420332566442
G7605,0.3457259462194143,0.1348841291116278
G1417,0.3459847074829151,-0.13307407528143003
G1396,0.3462030050237226,0.13321746756535663
G4159,0.3464415733489592,0.1342835944047125
G2986,0.3465115887648331,0.1342655330678446
G2598,0.34686326024816605,-0.13414414756594084
G7143,0.34706352619909897,0.13412772379488436
G7432,0.34709904571126626,-0.13320089584908162
G1447,0.34739914614273715,-0.1335639570466262
G2054,0.34745813049343666,0.13323164692133188
G445,0.34760991674107744,-0.13333051832877155
G18,0.34789761913189177,-0.13426276332611903
G4595,0.3479900835581575,-0.13398138503138812
G3280,0.34882713632546813,0.13470482482932758
G5171,0.3490025239809208,-0.1307212492868034
G4825,0.349121807951957,-0.1330583710915496
G6147,0.3491726972932434,-0.13310638967465183
G7932,0.3492114133374,0.13306655757372676
G787,0.34980626597213915,0.13251872936040449
G2770,0.3498436344361804,0.13355954836438602
G2104,0.34993130216575874,-0.1313908683626453
G662,0.349938977957986,0.1325770080098735
G2477,0.35008016406888687,-0.13271894705411577
G425,0.3501318182888755,0.13257696536549557
G4203,0.3501598176979632,-0.1317722990943637
G1816,0.3501847600422483,0.1335450346373121
G5515,0.35020025089907447,-0.13238781320898851
G7162,0.35027673222088473,0.13148624737178477
G7231,0.3503619362175512,-0.1333534177068172
G1047,0.35037458198997806,0.13139077262057675
G2020,0.350727683781889,0.13406761337603054
G5101,0.3509059087227602,0.13353325001326488
G4242,0.35102124674264035,0.1319444053208425
G3292,0.3512187187436445,-0.13208319546384265
G2037,0.35158864786005195,-0.13263356632176831
G2089,0.3518328496627626,-0.13348597039575744
G1805,0.3521259334652478,-0.13269476047875473
G5077,0.35216049211922984,-0.13288648504437978
G7923,0.3522383305002189,0.1308263010178945
G106,0.3522855164220796,-0.1331583651726173
G6651,0.3523387773479869,-0.13255478621569833
G1109,0.35242217906118123,0.13288251408255575
G3713,0.3524503717139519,-0.13180875147899573
G6599,0.35246153231129806,0.1313979746003502
G752,0.3526222886982572,-0.13184145697096944
G3287,0.3526571898400449,0.13173576466527154
G2581,0.3527860567902278,-0.13125273928012582
G2716,0.3529469031099719,0.1314646609886089
G2419,0.35297294455074635,-0.13323478199047567
G2940,0.35342777182366214,-0.13195368921757453
G6854,0.353513120594826,-0.1332745239005877
G4865,0.35360229478755445,0.13106246006413366
G2594,0.35360863146516774,-0.13275088782081232
G638,0.353720812012544,0.1315312654358832
G7594,0.3537359898861855,0.13124970561752627
G2314,0.35394706264373155,-0.13119249727574106
G3457,0.3542308610247934,0.13299321914628764
G6966,0.35431611107729444,0.13185735191415612
G4280,0.3543300397162866,-0.13163754455983762
G3495,0.35433394852177424,-0.13127732746023468
G6092,0.35435405540273923,0.131391090841117
G1675,0.35457354629309334,0.1308228088353175
G2074,0.3545830929820456,-0.1322046656460607
G5649,0.3548744465794378,-0.131137165692036
G3302,0.35491315097534226,0.12965865011131741
G621,0.3556562680541322,0.12962846276836062
G5025,0.3559177961538631,-0.1318962279206352
G1033,0.35613319607873306,-0.13039240688475112
G3427,0.35614132159911094,0.12981874882371985
G3530,0.35627715112234937,0.13166808358550175
G6719,0.35630937618788683,0.1305246690839626
G2173,0.3563965659699063,0.13195473884841846
G3829,0.3564242864331132,-0.1322809771128644
G505,0.35653617924584335,0.1312122593259526
G866,0.3565447821409603,0.13165577003496598
G2664,0.35683408238380476,-0.13178630376409667
G5013,0.35692512850855973,-0.13024162299054515
G2125,0.35707854456156407,-0.1307246354913041
G6542,0.357145404612789,0.1313559797261999
G4635,0.357178249011761,-0.13199691162363553
G4636,0.35723760046623554,-0.13046315716703394
G7382,0.35729665073300554,0.1305930386422255
G7376,0.35731861661001507,0.13055509421054862
G5708,0.3573701478071615,0.13011759236875836
G3803,0.3573952001524423,0.1313410309034621
G6748,0.35743601669312064,0.13215076523704827
G531,0.3575526244610139,0.13038795367070974
G6359,0.357831922826081,-0.1310792777432725
G4503,0.3579260102142464,0.12994100718854515
G6883,0.35809763838072284,0.13020465711955856
G2530,0.35833197640988756,-0.1294507666521916
G7381,0.35867773976202866,-0.131315868018008
G6522,0.35870931280716756,-0.1305364580532694
G3118,0.3587411247982385,-0.1311321313083839
G3132,0.3590371222424844,0.13069329506133504
G4011,0.35930967379309975,-0.12945364210430182
G7899,0.3593722057190212,-0.13120900189037227
G4143,0.35940141880396714,-0.13023493994708563
G2532,0.35961491987508454,0.12823073379409203
G2993,0.3596425323510527,0.1299996054371888
G4907,0.3596703408830886,-0.13095827075766658
G5967,0.35972550380354507,0.1312809832990358
G1702,0.35993932045805554,-0.13004504925331653
G2427,0.3600507085025073,-0.12980254189953377
G218,0.3601850051296901,-0.13016219872527962
G4128,0.36053090411463207,0.13001723759761305
G904,0.36066812206514876,-0.1310871563915287
G820,0.3607101794832659,-0.13076850242136345
G4269,0.3608295288035177,0.1287134521016191
G7086,0.3608971821556647,-0.13004035304704736
G5696,0.36123787014249875,0.1285776015878574
G7893,0.36135620514366784,0.12953918438592282
G6005,0.3614520843843493,0.12834353143460606
G4916,0.36168265512916487,0.13034159431109313
G3147,0.3617205271328644,-0.12989749618828772
G3528,0.3617247829506588,-0.12913114317955504
G378,0.36202574076093197,-0.12926297562575367
G2564,0.3620444301390684,0.1314982599072765
G4974,0.36210467036924276,0.12985351356599353
G2624,0.3621994418927892,0.13015813001451745
G240,0.36245205949563863,-0.12923854697055887
G4806,0.3624627796217982,0.12893569701844326
G967,0.36252065901870956,-0.12988013583717553
G1941,0.3625804335534617,-0.12917601120810474
G6288,0.3626120553920912,-0.12954765914044317
G4886,0.3626391770621964,-0.12972473471342547
G7986,0.3629214050583598,0.12874900709349227
G627,0.36294200158158263,-0.129924652927691
G5651,0.36301284342066853,-0.12934270592242303
G4840,0.36337174750987256,-0.12929306451347114
G6277,0.36355032352209227,0.12908117992144086
G3784,0.3638186256374375,0.12770266043813375
G7550,0.36407803303720443,0.12935810970573375
G2943,0.3641990455082509,-0.1285560914390776
G7828,0.3642937007668774,0.12804790359955187
G6341,0.36435004469422183,-0.12964902473175313
G2088,0.3647400891038123,-0.12922815086163275
G1182,0.36501154498383526,-0.1296584072317898
G3712,0.36505747799120414,-0.1292187862705143
G3620,0.36537421232422307,0.12845287171330264
G2069,0.36554232309506496,0.12814324286664436
G4171,0.36559513672235144,-0.12800495485049387
G924,0.3656085304769454,0.1280159015243052
G1286,0.36596605428538875,0.12817332136584814
G5885,0.3660957374292203,0.1284649196063736
G4999,0.366157671333152,0.12916694034117476
G4050,0.3664785837839778,-0.12712391078468244
G4436,0.36670160600595547,0.1274909020079906
G4367,0.36673013616604977,-0.12795129774005243
G5249,0.3669208425856617,0.12891065823370368
G4536,0.36696150888447554,-0.12791801373352005
G7233,0.36708625758894575,0.12848579356970008
G7740,0.3671262025200387,0.1274470926413705
G4581,0.36731218302127033,0.12738532190941526
G2648,0.36747077482970814,0.12879527620945935
G2755,0.36764972608793056,0.12935607258614176
G152,0.3677214090928561,-0.1277118567419534
G1815,0.36786871628885054,0.12797398659950296
G5060,0.36808229241685486,-0.12902730847979518
G4395,0.36816106176765995,0.12734394180544514
G5047,0.3681977035439449,-0.12767464621907582
G5586,0.36844138255380865,0.1279488893621206
G6839,0.3684622745832572,-0.12834772879688494
G2619,0.3684781396906953,0.12880262612991178
G5296,0.36870827231213055,-0.12779617811286267
G797,0.3687461486343888,-0.1276986317596155
G7614,0.36893569112083346,-0.12715394322372736
G65,0.3690616368157742,0.12703128107942077
G4133,0.3691278588020126,0.12787261658436708
G7294,0.3692679072634625,0.1265959712829475
G3974,0.36941245113046817,0.127371558525764
G6082,0.36949824798729636,-0.12861952885739567
G4911,0.36977325361558055,0.12676326033373966
G296,0.3698446501301689,-0.1258801461502408
G7084,0.3699301260429374,0.12781367296846252
G4370,0.37000385182730633,-0.12706098617652567
G6848,0.37015863869659305,0.12756353293416484
G1338,0.37032442519269837,-0.1280965452162779
G4490,0.3705600149871322,-0.12671648758131673
G3182,0.37067877415201755,0.12741790253136076
G90,0.3707576424713618,-0.12785151407599193
G7222,0.37084806587590735,0.12754148936152623
G5164,0.37099133646155136,0.1252174366339183
G6345,0.3710626813366693,-0.12626693341092166
G6608,0.37125508040603283,0.12731870208587542
G17,0.3713782361227518,-0.126911274839766
G5971,0.37153728582991885,-0.1265195575731614
G273,0.3716736273565814,-0.12644240068167828
G6280,0.37184712757632987,-0.128831164723217
G4342,0.3718801663146578,-0.12692318329167285
G475,0.3719449547754139,-0.12707509979262072
G1295,0.37208731447363974,-0.12732782100103068
G1860,0.3723024804769953,-0.12537894976250447
G7506,0.3726965161538771,0.12569806467042638
G7995,0.3728021490301311,-0.12820883337377403
G2257,0.3729224822102104,0.1265331815539475
G3141,0.37345337222854047,0.12750484270452828
G3824,0.3735628294741602,0.12708558331142897
G227,0.3739270011222777,0.12513410568714303
G3546,0.3739911517697895,0.12840949391086054
G7562,0.37399674503606095,-0.126678300401108
G5456,0.37406205597102093,-0.12624367687008703
G7792,0.3740797920524317,-0.12534622092619244
G5292,0.37435702979859065,-0.1282227162779556
G5690,0.3745318387200216,-0.1266870429324842
G1312,0.3745962351299704,-0.12731754589457028
G3397,0.3746045753307816,0.12529747460421586
G987,0.37489041093383324,0.1271028731064
G3711,0.3750402769069485,0.12509780523061342
G6974,0.3751134978494901,0.12652925036652757
G4961,0.37520795321446065,-0.1262274109447916
G5177,0.37522270019024306,0.12618651224492
G6192,0.37532039023146513,-0.12467254599852172
G1141,0.3753469417877541,0.1259713717080836
G3690,0.37553784779736843,0.1270785702090768
G4639,0.3756026428818874,-0.12581556480586875
G4905,0.37562358740343027,0.12488184537671704
G5191,0.3757748397452164,-0.12564218863866833
G4779,0.37581171528214696,0.1253731034546803
G5733,0.3758414361803718,0.12493688569736577
G2105,0.37590051962619986,-0.12543646846711648
G3679,0.37592183867310447,0.12618135375998973
G843,0.3760761231414703,0.12458143168379152
G3021,0.37619258740585904,-0.12532874366000765
G1345,0.3762289657378246,-0.12469382227774115
G5418,0.37623988652806994,0.12691331630349154
G761,0.37624576661817566,0.12539294437463222
G1553,0.3768930716472829,-0.12559157324701584
G2167,0.37697845855953993,-0.12451625658589788
G155,0.37700295821822516,0.12490453517590017
G1170,0.377019831762864,0.12484280487801191
G1096,0.37709426117998157,0.12666151704671208
G242,0.3772480198738052,-0.12553619304935043
G7666,0.3776625420788663,-0.1255491898318396
G2430,0.37784051933156826,-0.1254181753352953
G1186,0.37786955941771794,0.12604207408615403
G5706,0.3778901037612975,0.12597494685823907
G7810,0.3779315131153287,-0.12534624137348882
G6257,0.37802162697719166,0.1251295354465652
G2061,0.37817222235520564,0.12472329823119785
G3862,0.3782445669341232,-0.12460712807224866
G4274,0.37833325727545886,0.12436638976682947
G4720,0.37835312544424005,0.1260541491876568
G58,0.378660294043053,0.12490163434242964
G2025,0.3787421461562547,-0.1252246593960063
G7331,0.3787720039889493,-0.12430206937426015
G4702,0.3789285639157878,0.12402908907857002
G3079,0.37916076199417037,0.1245625909105745
G2567,0.37926807023683995,0.1257456181619456
G4937,0.37929320935431665,0.12490910956149272
G2938,0.3794065131720684,0.12486987451167818
G4871,0.3794221572614045,0.12616740806797178
G7556,0.37944837314324364,-0.123940010087284
G5910,0.37955911121571206,0.12394465920797018
G2352,0.3798706065877926,-0.12359266435513946
G3311,0.37990969472315006,-0.12480036488673012
G464,0.380568154718513,-0.12457201979128064
G6606,0.3805696132886699,-0.12588604121582184
G1751,0.38088415133304876,0.12530059726489062
G4259,0.38089073079762237,-0.12424155881118411
G2384,0.38116156571393134,0.12456913630249584
G1466,0.38159650886300167,0.12435666065789422
G4170,0.3817847585876336,-0.12440298187777465
G4612,0.3818944988894275,0.12332391397241965
G1054,0.38202312416347584,0.12383776817063591
G465,0.38236676819928817,0.12401611588323452
G4279,0.3824307004308316,0.12360166879676768
G2575,0.38273718909388565,0.12474374505654767
G1626,0.38278533720209895,0.1234647851204704
G7975,0.3828620914736234,-0.1235368947605481
G6761,0.38321683802584283,-0.12371910243250511
G4800,0.3833132009620176,-0.12373964965068329
G6067,0.38331743772797333,0.12518514822497706
G7075,0.38339155608006126,-0.12405291122437434
G6718,0.38348768002279277,-0.12430583427495223
G2114,0.38349857863963355,-0.12447845780050047
G5786,0.3835252018912656,0.12426167032798406
G7700,0.38365109732789393,0.12467777484000969
G5667,0.38368690868688204,0.12280578336350825
G5520,0.3837540156860396,0.12408958482709817
G4004,0.3839568679729747,-0.12292121663680317
G7945,0.3840113371024726,-0.12449685756209067
G7019,0.3842393675735284,-0.12248441003793273
G2149,0.38432778559756864,0.12359866568317651
G7248,0.38447937203280735,-0.12290787107297571
G988,0.38453881437415727,-0.12221385871172337
G3130,0.3849293666116208,0.12409926874952466
G1464,0.38507778727267816,-0.12376865602981586
G7183,0.3851536821566611,-0.12455280405312955
G5636,0.3851872467955487,-0.12322491527408153
G5459,0.3852242577652888,0.12577670252184575
G4205,0.38523936614747756,-0.12287999273159686
G4498,0.38538712269059705,-0.12462538593353212
G6531,0.38579370274867075,0.12278187389561439
G2558,0.38579691761097545,-0.12307263054873185
G6051,0.3858351063179972,0.12353588292775383
G7817,0.38584790384383005,0.12329580540865773
G6645,0.3859269542862289,0.12233873392006989
G5099,0.38598308092007116,-0.12401487048849914
G322,0.386158832134774,0.12262547627924589
G4671,0.38621058461131474,0.12255719408841084
G7684,0.38643428546575187,-0.1227413341881462
G1407,0.38650496029837234,-0.12375933459196858
G6654,0.38660226541133647,-0.1236096092061216
G3997,0.38661142018674477,-0.12385246850617201
G5184,0.38687238432707227,0.12270793700096443
G3949,0.38698855882124106,-0.12332746654972912
G1785,0.3872152963179628,0.12455685538494993
G6160,0.3874147869392093,0.12391391260902936
G6648,0.387431961805523,0.12349311383460385
G3830,0.38746802280478587,-0.12219536077429327
G7686,0.38747190976618884,0.12206585850582591
G7029,0.3875443119935482,0.1233065793912333
G642,0.3877534309107906,-0.12176452485712967
G585,0.38848047381170836,-0.1209077037546743
G336,0.38849376618299614,0.12428266955829748
G2471,0.38852217747268103,0.12281817687699534
G6772,0.38861015447848424,-0.12298260873047788
G7473,0.38887005656664675,-0.12386419571595383
G3673,0.38891345072394445,0.12171147489773088
G7735,0.3890290318752053,0.12175856110502975
G2512,0.3891519047140174,0.12267158744123441
G4682,0.38916340418062734,-0.12246816892479596
G5792,0.389182823496808,-0.12215525537533278
G1297,0.3893595189144641,0.12367839504369549
G6125,0.38960037070889897,0.12060711908977631
G3986,0.38969932083226577,-0.12259778986424073
G837,0.38991553009792945,0.12375882657017215
G1150,0.3900955781290868,0.12274857123687498
G943,0.390116570648792,0.12180236410279477
G7889,0.39015980476420264,0.12171603542929799
G991,0.39018689319006095,-0.12185610692411597
G3716,0.3901922016226599,-0.12114056466730148
G358,0.3902907560000215,-0.12191839489494607
G4551,0.39033752024373436,-0.12099995895842672
G974,0.39039856177033017,0.12112120985153976
G2570,0.390420225690143,0.12255228779941962
G577,0.390576879253529,-0.12244488262305894
G7128,0.39073372892024116,-0.12189212151771062
G1650,0.3909049343852453,-0.12175705652925146
G6075,0.391003382032995,-0.1219457792811046
G4903,0.391057066722025,-0.12152989876235196
G6750,0.39116187623792875,0.1217942150160485
G6947,0.39124298070722274,-0.12107065535737671
G1538,0.3912833165949262,0.1224222403561247
G918,0.3915316621453414,0.12143335175564055
G3772,0.3918344381041431,-0.1204728859015819
G220,0.3920994176808069,0.12098186594147597
G6222,0.39218428465209665,0.12271887128906266
G3571,0.39219857846984985,-0.12212322164756387
G6349,0.3924765000283432,0.12053376636866352
G346,0.3929545344514628,-0.12050808240449117
G3274,0.39328125764069166,-0.12064626545656183
G4938,0.3935325431831619,0.12118885092446371
G1872,0.39365254758085333,0.12088986277918985
G6567,0.39382209714576777,-0.12182315150798048
G7996,0.39422965770822316,0.11981915811411682
G767,0.39444952563222335,-0.12081960137243848
G4696,0.3946451042519802,0.12071136355094914
G5004,0.39469277987331375,0.12214993436580765
G1651,0.3949263593624963,0.12018075369882408
G2629,0.39496174166702147,-0.12097205334350361
G687,0.39508886749384853,0.12079191900660871
G779,0.39512392526547113,0.12030589866153224
G579,0.39513278927298134,0.12079804269340552
G4756,0.39516356617492343,0.12082778151914686
G2703,0.39524186582118725,-0.11955287351609795
G1616,0.39537791459035176,0.12123064168404038
G1574,0.39540095861368574,-0.12020443735527629
G5481,0.3955929087248894,0.12011297040946159
G600,0.39564501154997067,0.12015031423463757
G4335,0.39570906776997206,0.11961828784010743
G2031,0.39581640988430355,-0.12185138118868549
G4405,0.39591629338755263,0.1211589821403665
G2180,0.3960944703796201,-0.11964921778891392
G922,0.3962441678695974,-0.1220013523450674
G5037,0.3962528178408746,-0.1205881133495324
G6791,0.39629145361820317,0.12149311051041387
G5561,0.3963225076564374,-0.11939344598985804
G5457,0.39632574190185865,-0.11992728529719612
G7866,0.39644027436967866,0.11955281614692082
G254,0.3965178857164471,0.12104133635502168
G5500,0.39657639572415027,0.1208176744567733
G6992,0.3966073305968728,0.11966569922452233
G2072,0.39684635372843435,-0.11988248878748937
G5976,0.3968613773519605,-0.1204500755808917
G1082,0.39728202167710136,0.12016950558053827
G2829,0.3973265810738109,-0.1206119422248806
G6849,0.3973618135060073,0.11987625238770386
G950,0.3974154599464462,-0.11987024735143038
G4277,0.39749032856114475,0.1188671475477446
G2647,0.39770574707848905,-0.12052806142921743
G2815,0.3977601667084135,0.12038606388265446
G5290,0.3978234987730528,0.12069076250562166
G7901,0.3978285220314899,0.11822934220103043
G6333,0.39792484645088444,0.1196873266003036
G5444,0.3979654624452218,-0.11936167811126157
G5364,0.3982208997548604,-0.12031286005436838
G829,0.39888088412389744,-0.11959696536253511
G7546,0.3989849145279004,0.12032180358589356
G5496,0.39916334698311096,0.1207163081910509
G4569,0.39933997806068855,0.1186837408054972
G7309,0.39970843880314666,-0.11971998677864526
G1086,0.39985557827563434,-0.12024317481738879
G884,0.4001330947695819,0.12045982961055268
G4416,0.4001618050951442,-0.1183974271583633
G1353,0.40019127962340006,-0.11956950463419547
G7962,0.40020080149131954,-0.11874101040294555
G6736,0.4002980404563222,-0.1194081023395178
G1822,0.40036868930597236,0.11886229245944652
G2142,0.4005779133239248,0.11991639266727251
G948,0.40061286260893203,-0.11917830841476504
G3153,0.4007829767636545,-0.11920210552774685
G2872,0.40121677420162527,-0.11900092924799302
G1683,0.4012205903736793,-0.11992311828951721
G5729,0.4013884339762809,0.11899142549971661
G1673,0.40195723554250407,-0.1190545499341192
G2630,0.40207009752909606,-0.11899110366210777
G2163,0.40209159819135465,-0.12041948915252797
G1147,0.4021580027383628,0.11945844861411009
G4185,0.4023495236275859,-0.11826567211217574
G7357,0.40247752440306483,0.11909822830676442
G3108,0.4024783492360593,-0.11864081106195443
G7848,0.4025578840254175,-0.11873615208419201
G1037,0.402820307492905,0.11834573601617901
G3081,0.40283654869817376,0.11853618285846318
G4315,0.4028472218829532,-0.11918124111175322
G5662,0.4029828578939152,0.12061509973434774
G6775,0.40319761716803426,-0.11877727439724994
G1087,0.4033009110847371,0.12008847908618925
G7032,0.40339320907279586,0.11835267065268316
G5229,0.4034035333711332,-0.11821277898894796
G1548,0.4034335009495924,-0.11879950112253754
G5046,0.4034765275121448,-0.11836125991743449
G7753,0.4034921933211332,0.1190971278561555
G4347,0.40352691998474977,0.12075504334810874
G6467,0.4036136868480158,0.11863313428317777
G1756,0.40365366915196454,-0.1180690826480456
G6834,0.40368958221921447,0.11936561893736819
G7942,0.4038616413705971,-0.1190662463406544
G7166,0.4044153962225435,0.11924007847302237
G3201,0.4044801926591235,-0.11831866463638349
G982,0.404662681410081,-0.11864118131318008
G7707,0.40478347326735586,-0.11862509933011528
G7270,0.40480390983862213,0.11807582618351264
G3741,0.4049407759614332,-0.11774916345462566
G4104,0.40496775332432466,-0.11858887628062449
G4843,0.4050942145628592,-0.1183626390368471
G5365,0.40514596971907946,0.11810080919053853
G1176,0.40520390656021477,0.11895152740230597
G5947,0.40525885081045776,0.11960586791670616
G1952,0.40589146548627997,-0.11966841220288449
G2368,0.4059599066941172,-0.11775805358097116
G1254,0.4060885499909075,-0.11707222649309197
G3985,0.40611620439275886,0.11861940860406
G1929,0.40614966627138993,-0.11774297517347496
G4440,0.4062124963290218,-0.11784551242499168
G4924,0.4062861895933121,0.11741000256685447
G5546,0.4064048212434258,0.11744405842839503
G1776,0.40645021577278717,0.11805341322556484
G4922,0.4064771390792876,-0.1177908991073846
G5557,0.406550035871602,-0.11769508371442003
G1478,0.40666639756524525,-0.11917110420439468
G4276,0.40668459924739186,0.11720190152646433
G1277,0.4066926675139676,-0.11894125360223914
G3453,0.40676553941341675,0.11790318450412672
G7632,0.406802632074838,-0.11885395665638894
G6499,0.4068620638905902,0.11728626654718453
G316,0.4068900559066768,-0.11808723897378035
G3421,0.40699757096146083,-0.11838290897465992
G6605,0.40705652607759724,-0.11689166470912864
G5916,0.407099450188509,0.11701686133706371
G1238,0.40740143596307454,-0.1185465209421247
G946,0.4074326675292188,0.11792383993911534
G5470,0.4076398980198157,-0.11844805412915427
G1128,0.40795519011991876,0.11809408444071481
G4266,0.40814220774449084,-0.11743723361123122
G5116,0.4086025932288978,-0.11730936760469993
G3806,0.40868611590959414,-0.11782101785003338
G5343,0.40917018530174953,0.11767558448702753
G2733,0.4091707611349851,-0.11840578085393993
G2496,0.4094967543808612,-0.11735236121487794
G4751,0.40964842941667023,-0.1155930609994416
G4816,0.4096576647589183,0.11683120442285719
G2823,0.40970430996753315,0.11819272593043656
G7867,0.40985149879649685,0.11629646144131356
G5791,0.41005344219689144,-0.11701554738913214
G7030,0.4100558680382277,-0.11572475857378942
G1278,0.41011892171863173,0.11742287037494172
G1968,0.410133176823563,0.11731502520230136
G5759,0.41019377557078296,-0.11630418789536877
G1095,0.41027491375201475,0.11740871064308236
G4110,0.4104391854283843,-0.11728091171991012
G6496,0.41050667407851704,0.11720651681617214
G3013,0.41059423510924353,0.11683044121487207
G3407,0.41063101662412005,-0.11727644786380079
G7730,0.41071322757257767,0.1179708760261474
G2178,0.41088060060278464,-0.1171631402740991
G4853,0.410942182430145,-0.11648704181212297
G5342,0.4110986669639787,0.11533108159250507
G427,0.4111178911187494,-0.11594958445171971
G4897,0.411368963613602,-0.11566410572242325
G4767,0.4114724393996131,0.1165613695946329
G3787,0.4115153141279111,-0.11773235535284207
G4748,0.4115231550034074,0.11553638794129938
G2358,0.4115842226901947,-0.11611604206817258
G5203,0.41158540773962593,-0.11658927001991969
G454,0.411819605851784,0.11672456402127737
G6006,0.41203383746510625,0.11661635160674577
G1528,0.4120400327971797,-0.11583322683182129
G5043,0.41204711112678105,-0.11653889406761386
G1263,0.41208099592959857,0.11628181398211357
G4034,0.4123041100697378,0.11545298903476917
G5485,0.4123385224960411,0.11648294749581076
G2493,0.412366487972166,0.11584274689890138
G7907,0.4124597382951618,0.11605068138279112
G3993,0.41248356574565415,0.11669815864275437
G4549,0.412680698032333,0.11605473027662891
G661,0.4127354680246704,0.11623226030934686
G4282,0.41275604792197884,0.11573116130138561
G5888,0.4129487100899881,0.11714533695517054
G7651,0.4132645389243508,-0.116335792050584
G1804,0.413275731671376,-0.11712113955762049
G4426,0.4133103877818147,-0.11623444848902038
G435,0.41334471514201676,-0.11595611150662487
G1774,0.4135351685823917,-0.11638588906341041
G6123,0.41365376424417477,0.11594533801742007
G4599,0.4136575979615301,-0.11563457882228967
G3675,0.4138030533528645,0.11605597206665785
G736,0.41401546412194934,-0.11601864014050677
G2028,0.4140345598032502,-0.115482836346056
G2959,0.41413644642218894,-0.11646857975066749
G7177,0.41415329076205776,-0.1155040740279398
G1105,0.41434816500031835,0.11610638622132756
G3222,0.4147380156999353,-0.11637935203838384
G3055,0.4149337896861587,-0.11582643785257504
G2527,0.41501016642958477,-0.11567723100393723
G5385,0.415059226065021,0.11660032070813922
G4823,0.41515950820572967,0.11589693224420643
G2903,0.4152451772933281,-0.11631967215771674
G7414,0.41553924153468724,0.11570794319597076
G3861,0.41558540677791755,-0.11539436920645965
G1310,0.4155959800257105,0.11576585199769984
G7279,0.4156459278295065,0.11521311430689937
G5598,0.4159133828803083,-0.11521550789940192
G2863,0.4159770391478248,0.11514669751291706
G3851,0.41602490262059033,-0.11540685981559914
G1102,0.4161053691790044,-0.11514288708895956
G7453,0.41612245655840685,0.1142901252792771
G6989,0.41617083382031084,-0.11521068646153598
G2053,0.4162877848714084,0.11649291665445421
G6703,0.41628988872386274,-0.11466058463443156
G2845,0.41647237596268794,0.11488609186218582
G7825,0.41656618450774396,-0.11572746226146788
G2554,0.41658529642132813,-0.11590948808031011
G2014,0.41669155491734344,-0.11515039264419044
G3377,0.41700306397705655,0.11484013719379137
G1197,0.41740352895373434,0.11456788839491665
G4875,0.41745416980961947,0.11515154981442494
G3105,0.4176770666977462,0.11478007195019899
G6520,0.4176918299222314,0.1159710081007321
G7694,0.4178163562618207,-0.11542175733134508
G4184,0.41812852804479295,0.1158238886717379
G7766,0.4183909445577385,0.11451744869849778
G2849,0.4184537128244158,0.11579072493672785
G1638,0.4186568172105444,-0.11389459619233885
G2892,0.4187035603291327,-0.11560917669969976
G5196,0.41955813401156383,0.11358749020709724
G2284,0.41971152835052106,-0.11463230436167587
G5000,0.4197645495314736,0.11443075850716658
G925,0.41992089170218727,0.11375602039541603
G1802,0.42015979223019684,0.11450776867959853
G3906,0.42018021867534494,-0.11277374221708863
G543,0.42032215787724003,-0.11519850943284998
G7237,0.4203522499968253,-0.11299701079427643
G617,0.4203735984933872,0.11334275880959192
G2283,0.42044390937562504,-0.11459839175449159
G3372,0.4204518575714288,0.11463854861824885
G5465,0.42055433124734476,-0.11380440579832614
G5809,0.42065334930542087,-0.11362497848198025
G2896,0.4209558306355957,-0.11567228209926343
G2746,0.4210782690811252,-0.11545563398470578
G364,0.42111110376749683,0.11382699566576043
G5680,0.4211873030010749,-0.11423271125321276
G484,0.42132242418634147,0.11441274343225147
G7327,0.4214226928418522,-0.11480267774067754
G3828,0.42158181940130224,0.11343901989994701
G6672,0.4215896058529516,0.11369254990641725
G389,0.42162718130962895,0.11414806873191816
G2249,0.4223141530901904,-0.11495487150379322
G7658,0.4224534901646936,0.11466026873169446
G2800,0.4225876656782471,0.11333751942835224
G5927,0.422745191581536,0.11285661613871764
G3791,0.4228295552625154,-0.11235710877055405
G7520,0.4229147369852503,0.11445325949410345
G1268,0.4229180621696006,0.1131590046503938
G7970,0.4231205443297268,0.1132108375386954
G2952,0.42350917951134703,0.11480769039549404
G5689,0.42388469059995637,0.11246628229602096
G5629,0.423932034468001,0.11283154736081866
G2006,0.4241891404989737,-0.11511532256859444
G7931,0.4244012659502624,-0.11376508102632649
G5441,0.4245391514829835,-0.11278854051136991
G3273,0.4245720255782207,-0.1130941202926278
G2226,0.4245838018757172,0.11212982872464294
G3266,0.42461615811754616,0.11409422788568749
G6322,0.4247425524442686,0.11263819979969111
G1280,0.42481533686980666,0.11497939515105494
G612,0.4249661214030439,-0.11299101478514928
G2906,0.4258776615759665,0.11307038457411042
G3540,0.4259587611900326,0.11230222777731379
G542,0.42606630339779283,0.11384047840893363
G4349,0.4263712757080296,0.1134921735609938
G3334,0.4263733536312838,0.11276644462356501
G3935,0.42640998995858415,0.11446891306768567
G7195,0.4265624045102121,-0.11232390738158443
G1468,0.4265647631439231,0.11285254606894482
G6271,0.4267838230883877,-0.1132508948516251
G2246,0.4268327860194747,-0.1120824464491898
G4704,0.42700045232863826,-0.1128045174437041
G3218,0.4271113009144153,0.11347732787033887
G5758,0.4271281342202634,0.11304739575160888
G1734,0.4271431773812714,0.11388941055384902
G2367,0.4271621346393749,0.11196360245503678
G3460,0.42725330219042057,0.11236202251917086
G658,0.4273192745776645,-0.11267279091943797
G7044,0.42740406747908766,0.11298166624774125
G5379,0.42747450601222836,0.11249241589749832
G3200,0.4275636081465898,-0.11241769905960902
G4340,0.4276945807125181,-0.11270391718056513
G5711,0.4277038707467248,-0.11300362642997425
G4307,0.4278140255804068,-0.11224561431759938
G5227,0.42788898799210096,0.11305755590114133
G3308,0.427902503717962,-0.11308968958615098
G6759,0.4283734851969312,0.11289318612466502
G6331,0.42876458973834086,-0.11224029825849169
G4093,0.4288670763741065,-0.11405493580673381
G3731,0.4288951791395169,0.11209910783565441
G6057,0.42898559236924594,-0.11157840973047384
G5375,0.42899381850641327,0.11253902173488095
G2658,0.42900794006801835,-0.11208975685203174
G2615,0.42901317057344823,-0.11248099868735834
G7481,0.4291620479336853,-0.11320070766855854
G7862,0.42919624660607814,0.1130193608613682
G7955,0.4292364234005507,-0.11118925477485819
G7785,0.429639395762058,0.11246099123552414
G2060,0.4297737535443118,0.11202141891979722
G7465,0.4300540195013174,-0.1122496932770147
G510,0.43038432585815567,-0.1106709898462486
G7842,0.4305229085279778,0.11157285163342065
G2295,0.43067074533265726,0.11192139789910999
G5966,0.4308581211468432,0.11236050169911604
G7780,0.43112312071226355,0.11184066019306813
G5695,0.43124035081347456,0.11232214398250645
G1753,0.43129105063329376,-0.11262893888109507
G7838,0.4314565142335066,-0.11165301126734697
G3794,0.4315380561156553,-0.11150992221318623
G718,0.4316359139501248,-0.11091542640466204
G415,0.4317969284721018,-0.11241632492794001
G2010,0.4321447180126242,-0.11120877438220178
G1306,0.43219397601988196,-0.11145663782450516
G5149,0.43221033824926747,0.11271794409780969
G4360,0.43222770966068,0.1116409959950525
G5321,0.4323808329345046,-0.11065647378684844
G6980,0.43240946850193007,-0.11088096978783682
G2412,0.4324377557707665,-0.1108735220649715
G6305,0.43247411078670417,0.11007358183635274
G7739,0.4325709311392715,0.11045394908458338
G293,0.432801102490207,-0.11098862087546535
G723,0.4328770607063692,0.11145027751875539
G3653,0.43313733079484296,0.11093111221170737
G6600,0.43317615142664256,0.11101480744042015
G6162,0.43322692076384905,0.11171643982300591
G1593,0.4332414680401482,-0.11037208219514999
G3722,0.4336577615512607,-0.11149731472644125
G2749,0.43370936367199386,0.11012714429859721
G4415,0.4337119579206268,0.11093286565943963
G3466,0.4338923862371934,-0.11211524518624735
G6948,0.4339536821423664,-0.11170023354579868
G684,0.43424314617374105,-0.11110886290608005
G2394,0.43464580245099904,-0.11055751867860292
G6602,0.43473787622343907,0.11118452081674107
G1904,0.4348920494053793,-0.11060551559522197
G4385,0.4349176818525061,0.11149398207371478
G3304,0.43495057554011696,-0.11243580629550798
G1065,0.43507152460657417,-0.10998277558762859
G4935,0.43507939300092346,0.11052947048724637
G5416,0.4354610116577927,0.11084713851387201
G7570,0.43572847537234816,-0.11056004432938227
G7727,0.4357549103501749,0.11099912272636767
G1094,0.43577885490529,-0.10973940712288138
G1970,0.4358483569598727,0.11048240177665186
G6218,0.4358704938209633,0.1117978226265198
G2389,0.4358803848545243,0.10941465816640353
G1925,0.4360632431140423,0.11022711487672376
G7003,0.43606568222265096,-0.11055984414842075
G839,0.4362447474644534,-0.11069510113703934
G4831,0.43639243798807703,0.10922266762820997
G3696,0.43644210060678323,-0.10849351537741045
G3705,0.4365765625692031,-0.11115930127090001
G7743,0.4366342170097316,-0.11048948044317411
G5732,0.4366505599366781,0.1109475674185392
G1558,0.436996233121014,0.11068518108856551
G2080,0.4369991049344534,-0.10986425404783634
G5239,0.4372743935174257,-0.11077709396296437
G2469,0.4372897843089454,-0.11070518352936473
G1524,0.43739102858537104,0.10981046179934567
G2342,0.43771599085859847,-0.10978628098091575
G7765,0.437847452555604,0.1092886256133606
G5573,0.4379554462991124,-0.1103383581970807
G4681,0.4381308122645923,-0.10997960833408614
G2431,0.4384512059844988,0.11017868007281684
G4645,0.4384634567917869,-0.10952689399270081
G7559,0.43849875382298253,-0.10975068371104531
G81,0.438518902017233,-0.10975037825646505
G2832,0.4385360957302168,-0.10978773767431704
G7369,0.4387225559438951,-0.11091156954647088
G3001,0.43876870157898484,0.11107072676575216
G1425,0.4388273401737297,-0.1096926019276086
G4910,0.4389046221222519,-0.10936935139286566
G1327,0.43903507092964844,-0.11106305120218765
G3677,0.4390381823901922,0.11031050574538975
G7028,0.43918953658427407,-0.11144376243845529
G636,0.4393020432346061,0.11011128455521577
G4321,0.4393799250864906,-0.11028528309185869
G3524,0.439658344449679,0.1101308176574307
G2271,0.43976952626214716,0.10878511711157654
G7645,0.43979091320866925,0.10939738009339928
G2790,0.44007390405298463,0.10946322118743337
G5833,0.44013325522866065,-0.11043322180018786
G7599,0.4403510717768325,0.11072382104767683
G4747,0.4404887623121909,0.10900050298698857
G309,0.44060524849027316,0.11076892150465037
G5686,0.4407299164473897,0.10931080530701358
G851,0.44077726595876476,0.10903426061815599
G620,0.44090866514753047,0.10912068203933042
G5899,0.4410497238749512,-0.10993758925147923
G347,0.44105940293040646,-0.109193347961649
G6944,0.4410822679565908,0.10962180174404415
G4325,0.4412300486231767,-0.11068432650447238
G835,0.44124267208796064,0.10964978280437361
G1943,0.4412652911416043,-0.10933640800580896
G2766,0.4414051925059368,0.10920199525856109
G5140,0.4414660950626481,0.11008016867255613
G2979,0.44160841033739096,0.10977546416962124
G1139,0.44161638886284105,0.10895201347200323
G6816,0.4419652232180422,0.10903212861464213
G7358,0.4420493405523942,-0.10905209591340381
G6044,0.44214357118049863,-0.1095369767687005
G2159,0.4421831115428172,0.10790339893131579
G3276,0.4423149873800567,-0.10892443626663434
G6627,0.4423243338865763,-0.10940956744955838
G7117,0.4426138084705259,0.10840388601099554
G1471,0.44280073458311986,0.10870043678875785
G2928,0.44291292021681494,0.10866080111038087
G2818,0.4429177648923077,-0.10950938382726214
G916,0.44308296076670206,-0.1089258537764114
G6483,0.4432965828256129,0.108949059983835
G3575,0.44339070150034765,0.1094146058316015
G4120,0.4433970445002229,0.10858332230060547
G247,0.44346105702445326,-0.10929560886126359
G6417,0.44361706951803104,-0.10868029855625
G3071,0.44370185217889524,-0.10965470425489163
G4005,0.444209416003712,-0.10878240062970171
G6489,0.44434517187636313,0.10950625458308348
G5513,0.4443468742739194,0.10817128478628635
G6643,0.4443566681662131,-0.10854319475161907
G5643,0.4443738224336542,0.10805917464951759
G4168,0.4445373814701883,-0.10850416993695416
G1669,0.4449557471373269,-0.10876498950802561
G810,0.44506498778695847,-0.10975681581489166
G7260,0.4451995733645129,0.10767955694878945
G7521,0.4452172132135428,-0.10892317995135138
G5661,0.44539059153358795,-0.10707012110317553
G5569,0.4455005187465719,0.10715064358334192
G7379,0.44557403158233877,-0.10839294113818704
G3136,0.44583157116317185,-0.10847012849624454
G2344,0.44599805122067104,0.10691433987421708
G4908,0.4460811410878497,-0.10818197815437777
G4402,0.44630883203259497,-0.10866808590334562
G7130,0.4464128763672425,-0.10877898769873418
G4797,0.4464669281913771,0.11012723595481601
G7784,0.4465990299938505,0.10797754751300359
G4000,0.44663578027252404,0.10845931790234759
G7206,0.44697104655765907,-0.10883441470844284
G1662,0.4470132068459467,-0.10839135976117277
G6726,0.4471455359396195,-0.10824015287151675
G5008,0.4471591311306008,0.10823455891887834
G4424,0.4471714296463498,-0.1075005753378151
G6492,0.44726589890533264,0.1090107448427803
G619,0.4472904201540171,0.10750416134607535
G2223,0.4475110123008452,-0.10742947821917326
G2506,0.44757852376469087,-0.10773297947305122
G804,0.44762638602186033,0.10721795438930681
G2713,0.4476630583042184,-0.10644781696049083
G7061,0.4476666085344797,-0.10773056964395056
G1283,0.44769542508439786,0.1071792678024463
G7149,0.4478120216092344,0.107860016183952
G2309,0.4478223199271886,0.10780489938064064
G4901,0.4479338576755646,0.10812735004073244
G2451,0.4481021254323353,-0.10753504443239283
G2756,0.4484598171628237,0.10881257607658965
G5220,0.4485160327506711,0.10704974776271214
G395,0.44863499790184524,0.10746903295447274
G1212,0.44870313437525744,-0.10829131946562415
G2842,0.44932005200155956,0.10724281394935703
G7457,0.4493910185411192,0.10733610376850458
G4766,0.44940240299395984,-0.10820505474329184
G4563,0.4495459123062364,0.10730036901817888
G7394,0.45003470974732507,0.10609247439081372
G7188,0.4501129585516698,0.10631752946940065
G1661,0.4502672927135931,-0.10764966524045355
G6951,0.4503053080277173,0.10936094255253362
G6618,0.45039603639736814,-0.10792720046080495
G5795,0.45049112243081535,-0.10715965187212494
G5926,0.4508127454130403,0.1075146943949801
G3757,0.45082153878525866,-0.1071521948733036
G6575,0.4509964604156975,0.10686853649318812
G1856,0.4513555303884995,0.10634591987036916
G3012,0.4513771293316916,-0.1069830697566693
G3600,0.4514060815536599,0.10652426974102362
G3915,0.4514679338559259,0.10783164850292745
G6521,0.45153820986965554,-0.10595832567074864
G5479,0.45156102862560843,-0.10652245484307175
G4848,0.45186031132081983,0.10758107508370199
G2694,0.4518731864924469,0.10785125121844351
G6095,0.4518735031356331,-0.10583643539446345
G4265,0.4519340459458042,0.10709809177978383
G5538,0.4519568091869801,0.10738275204303604
G7178,0.45223536787760144,-0.10727113887907089
G7386,0.4525869488294979,0.10622924409281093
G2797,0.45259955323957335,-0.10662699473201946
G1496,0.45261542631237695,0.10622880581762713
G1731,0.4526230104012554,-0.10694552087401578
G4977,0.45264106170471297,-0.10646829776991432
G4695,0.45272596677890764,-0.1063650613692307
G4107,0.45272783230485836,-0.10567601110912525
G7879,0.4528017800187184,-0.10599191364595129
G4403,0.45283504504330363,-0.10553641774397789
G4017,0.45290964786335774,-0.10746737953975113
G6870,0.4536442991490227,0.10642096498176916
G32,0.4538373670089929,0.10778371839792822
G2078,0.45400747528521235,-0.10573269373515315
G1084,0.4540103550770883,-0.10664226408527339
G3838,0.4540561464299804,-0.1068629873596574
G7961,0.4545357418994005,-0.10522904898722214
G271,0.45454328664454036,-0.10538902469570546
G6879,0.4546244078720829,-0.10722937501775824
G4706,0.4547403810915466,-0.10665279019709348
G626,0.45487465066731303,0.10625908094780728
G6527,0.45500402093626,0.10533248111952485
G783,0.45512326541893555,-0.1052066522292005
G4703,0.45518870938810485,-0.10612645737906853
G7321,0.45538575521682656,0.10590010492861965
G1491,0.45544016989476854,0.10597989863787885
G1120,0.4557657421095589,-0.10560997443908277
G3516,0.4558173650325966,-0.10624477865156404
G132,0.45585562133351687,0.10649608112175288
G6018,0.45587581336040783,-0.10618234766917445
G5137,0.4560208596890081,0.10592529479777765
G4899,0.4560619877149744,0.1062925408362257
G5831,0.45606564637579283,0.10550543457241088
G2264,0.4563432889638227,0.10551692967664036
G3980,0.45677552440207747,0.10449881429644564
G4523,0.4567987503203884,0.10562414416046785
G7055,0.45704398837378724,0.10536942050146414
G2535,0.4570475571029108,0.10578009117225784
G2008,0.4570698367053224,-0.10527857045393901
G604,0.4574195096371907,0.1058538142163711
G60,0.4577190522172706,0.10472301696121104
G3464,0.45779992645195833,0.10648296056461201
G1976,0.4579623154752407,-0.10504247645033843
G6074,0.45799312480841203,-0.1042560071632006
G4155,0.45839617943505295,-0.10505356952971423
G6626,0.45845275984515965,-0.10560533190684845
G2864,0.45873870942730954,-0.10502230497536831
G6827,0.45896110743497964,-0.10466362993942813
G1028,0.4590898344116575,-0.1048774803606153
G54,0.45949815752574674,-0.10501910682970288
G2143,0.4595247960239063,0.10517089694495838
G365,0.4596362964817524,-0.10438372197863191
G1282,0.4596544258288834,-0.10407627617768611
G1621,0.4596629746378871,-0.10431471648535035
G4532,0.45994466071561746,-0.10556957982224006
G5212,0.4599653583497627,0.10495213500402732
G3867,0.4600025441771177,0.10434167873464546
G622,0.4600338127836495,0.10532648117150807
G4449,0.460090221830036,-0.10467927373577368
G5148,0.46014859036188516,0.10524054241902313
G5780,0.46067831725418207,-0.10397271524566688
G2416,0.4609959441631072,0.10494092403648766
G1850,0.4611292603810948,-0.10484104914214334
G2741,0.4611535045802527,-0.10470304413563451
G5110,0.46138142910924174,0.1052477017824657
G137,0.46141578885353474,0.10447079300822117
G3976,0.4615725487145085,0.10389115589873135
G2228,0.46164096331042903,-0.10656274156283412
G1316,0.46170567193276524,-0.10540078491360108
G4339,0.4621084214252109,0.10356880780063471
G3628,0.4621265019493941,0.10333303545654626
G3739,0.4621842643359556,-0.10501148056424417
G162,0.46253114810243323,-0.10387929462388981
G6896,0.46258043153845974,-0.10489175911934771
G1719,0.4626241380650373,-0.10466263164955159
G7575,0.46269083205982464,0.1047233543631256
G7768,0.4627096287661304,-0.10448687875289339
G602,0.462892175002119,-0.104128580165579
G2623,0.4629370478507888,0.10408659418132225
G7182,0.46294897627425247,0.10391904769970538
G6170,0.46299916067950186,-0.10477394526118379
G5132,0.4630684778138917,0.10418649770242722
G2304,0.4630914610508815,-0.1050280683111853
G2787,0.46326834153183283,0.10424774447565253
G1036,0.4635444225242955,-0.10445845639309664
G5388,0.46361625351032265,0.10353915480664777
G5527,0.46383670269679467,-0.1045041998964098
G6555,0.46385246391567636,0.10437348660771059
G2536,0.46408161469213915,0.10348017672051756
G2706,0.4641373792544312,-0.10370313881341134
G6509,0.4641602467776793,0.10351098325920494
G7847,0.4641605769450762,-0.10443559377359436
G7165,0.46424331284845166,0.10495984477372064
G6126,0.46426417314493484,0.10400031966034767
G5517,0.4644174717682571,0.10451913924767858
G7431,0.4644362254450298,-0.10434664906622212
G525,0.464597050841303,0.10354120899273299
G4463,0.4647498408263836,-0.1035931293445084
G3800,0.4648873487208446,-0.10272540538673973
G4923,0.4648900689069605,0.10383382160332841
G6353,0.465068467231027,0.10452869566469054
G5100,0.46510166193888136,-0.1032883799565879
G1701,0.4651638200358166,-0.1034286696690549
G5873,0.46528956245246855,0.10389054606559225
G1479,0.46550149605967206,0.10285317142369063
G3538,0.46560350871209943,0.10467799374275008
G1596,0.4657443654572915,-0.10382009073007133
G2195,0.4663329854046394,0.10398386684374314
G1755,0.4664655288886812,-0.10378849435665766
G5426,0.466644447093604,-0.10289919430567576
G5180,0.4668375138448623,-0.1038921077734058
G1419,0.4670948877339687,0.10362575731564672
G3621,0.4671925515478431,-0.103289827102497
G5357,0.46719262891232416,0.10343474137656708
G4931,0.46732056165661817,0.103067829775571
G3468,0.467400016660097,-0.10377571164860433
G363,0.467496976672354,0.10361860853701221
G5953,0.46753731924092046,0.10404330620926985
G350,0.46761455909221694,0.1030408936670525
G1153,0.4677001403667381,-0.10338064281449022
G3258,0.46779522869082557,0.10258662582454733
G844,0.46795797402794403,-0.10327392783036239
G7314,0.4680675883077433,-0.10308329454176067
G3027,0.46808427230143224,-0.10367813736199957
G7540,0.4681215600067308,-0.10356097582304637
G3461,0.4682963189681101,-0.10304974758664927
G1059,0.4684850907148165,-0.10242662351470416
G3733,0.46901091455721966,-0.10311759560880629
G3095,0.46908125644713516,-0.10272972659344609
G6998,0.4691622365610444,-0.10247834808600091
G1043,0.46918143293991044,-0.10244373169885745
G5984,0.469221701605564,0.10310594768808107
G7297,0.46926382380122467,0.10195968065300093
G4691,0.4693680220223184,-0.10400022246864771
G5745,0.4693790256909367,0.10266676410157932
G1727,0.4694623620930788,-0.10280095351713872
G4187,0.46951935067648,0.10121704839712733
G483,0.46962038908567394,0.10178210941594507
G842,0.46966536114513224,0.1032533519619887
G2231,0.4698464045469437,-0.1025121051357562
G5336,0.4698837898890881,-0.10266419224995887
G919,0.4699318665572749,0.1022814422304121
G3807,0.46999337207033376,0.10245818779326615
G495,0.47004532216322636,0.10236601887763214
G4594,0.4701857104427355,-0.10370492079734049
G4444,0.4711283802096644,0.10212649231445028
G5587,0.4712100583210831,-0.10248725370251771
G572,0.4713634919074927,0.10192108089895738
G6404,0.4714118611385876,-0.10170571904405523
G1291,0.47153031188478234,-0.10209702633436829
G3068,0.47159485980242544,0.10235117622517735
G5525,0.4716654774965776,0.10104732795302665
G2254,0.4718708244098082,0.1015590358156875
G7493,0.47190516727811593,0.10200552337093277
G2812,0.4721574031180318,0.10189998318141312
G3146,0.47228289211205154,-0.10169605056233791
G4765,0.4726216050677299,-0.1013670203386701
G3473,0.47265965340749727,-0.10357752556816419
G4095,0.4729367525430296,-0.10109939631843842
G6884,0.4729900719006399,0.10215675263952267
G86,0.47299792155207865,0.10209372518213561
G68,0.4732607591089423,-0.10317047787532008
G6282,0.47327775141236017,-0.10153890409418564
G285,0.4733047258429398,0.10231620782349096
G3291,0.4734073183286417,-0.10170830600435746
G3205,0.4736520971241629,0.1023956236056781
G7948,0.4738162966731161,-0.10112253514135613
G1775,0.4738570793577933,-0.10288823774161934
G7352,0.4739300380975595,0.10217832743321972
G1428,0.473935652982707,0.10280999381435796
G109,0.47415531087053064,0.10164517274234186
G739,0.47427739985557127,-0.10108340902826449
G2502,0.47432063913501876,-0.10114982155969854
G2063,0.4743318638612687,0.10119586316951523
G1579,0.47441938070071643,0.1021946274113584
G36,0.4744817489905534,0.10057281159997823
G968,0.47449077098614234,-0.10120589294912505
G2217,0.47453658913089714,-0.1015766427198036
G5271,0.4753249795339475,0.10120901624796395
G1900,0.47532679303174075,0.10122886169448692
G3160,0.47537974582836373,-0.10122800182696436
G1682,0.4754956488169123,0.10069094934581382
G4425,0.4755581473965478,-0.10093893055402392
G4031,0.47560474509877193,-0.10166877484143354
G53,0.4757257534210514,0.10180041503017273
G782,0.4759768175574357,-0.10213196811570327
G1265,0.4760743132345693,0.10039546363577612
G5409,0.47618844111618774,0.10150231557061183
G1237,0.47630747697641795,0.10178732075409043
G7234,0.4763109465916191,0.10052392570622232
G3886,0.4764064368474459,-0.10018841853993113
G519,0.4765313718631261,-0.10141037356315179
G5072,0.4767597353929325,0.10233624461885762
G4373,0.47698124169073386,0.10150707310580206
G1449,0.4771570449647269,0.0998572876324717
G2422,0.4772259824780496,-0.10090605012829999
G4201,0.47729924832081594,-0.10011752504566343
G1210,0.47763756154092574,0.09952962943720328
G4597,0.47770267869213034,-0.09962832721657586
G4794,0.4777758202786543,-0.1013540372253944
G830,0.47780444748018014,0.1000986156381333
G7127,0.477824539063065,0.10032572352564931
G7251,0.477847047901949,-0.09928378165237596
G6152,0.47786369958761743,0.09959666580513812
G4513,0.4779879859235362,-0.1006986411952321
G3574,0.47808685021697583,-0.10068710814378837
G214,0.47818099316438367,-0.10020817898645236
G7350,0.4782276094097442,-0.10046150860321756
G2899,0.4783513264189695,0.09953276401631414
G1671,0.4784918293823416,-0.10055986821664378
G2982,0.47852006765449373,0.100385594732947
G2474,0.47870217153394246,0.1010708368175619
G1252,0.47872113423396645,0.10108268511937384
G55,0.4788418725475292,0.10091062636495471
G906,0.47888009451687774,0.10039586585350022
G2866,0.47893044683472585,-0.10088504999296583
G5929,0.47917038326962824,-0.10055941368870838
G6830,0.4791788100801053,0.10164174786319854
G3229,0.4792858996377187,-0.10063589194305261
G1835,0.4793218599584499,0.09952299017628236
G6344,0.47954939212815906,0.1017183144896758
G7240,0.47955472182138625,0.10057412180057551
G7349,0.4800956301255722,0.0999633520361291
G7852,0.4801684292827363,0.10009841242063719
G1523,0.4805144417346582,-0.10023402765667329
G4250,0.4805455207693099,0.10096248772297027
G4629,0.4810882668059191,-0.09987262867894625
G4394,0.48117218777578974,-0.10061239610258713
G1401,0.48126854270070796,0.09975839653805926
G3841,0.48148019787189755,-0.1000703105889395
G3913,0.48168431415673896,0.1005186144785041
G4015,0.48171846397991447,-0.09920714167766603
G3616,0.4817492709767971,-0.09942732170724423
G4670,0.48183219588821735,0.09979450107624918
G228,0.4819638084557034,-0.10000490586432634
G7436,0.48207190974500735,0.09963272154211336
G396,0.48207788976550736,-0.09942256436568264
G4346,0.48211756806639694,0.10045183840855867
G4177,0.4825438163445731,-0.10019559762283775
G5242,0.4827166879629011,0.09954671040106006
G3293,0.4829429178078827,0.09866136371241818
G2066,0.4829551259971502,-0.10039718336919762
G5452,0.48300410749189127,-0.09881877417329744
G7393,0.48301898432584256,0.09964530456675984
G392,0.48313619813137365,-0.09916845618777229
G3319,0.48314204174350295,-0.09995689729281605
G4173,0.48339080256095723,0.09906263329236265
G5252,0.483642120721797,0.09961898935776503
G4461,0.4838576781791992,0.09908911436078688
G2935,0.48394195036467935,0.0990481362463299
G1517,0.48403414024960967,0.09960997569002766
G6266,0.48404870351584617,0.09834812546308375
G4225,0.48413477572968744,-0.09864927290089003
G5980,0.4841678089187602,0.09982323131204075
G92,0.4842490280913825,0.09934157948035374
G6327,0.4844886254558731,-0.09959540150751099
G7981,0.48469111198072246,0.10012422020685269
G5718,0.48469247177301455,-0.1008465902438565
G4804,0.48478143629254167,-0.0998576206348622
G7872,0.4850296676325868,0.09978276782401634
G5863,0.4851502385558195,0.09857061847997131
G5278,0.48524056983030506,-0.09860409662449302
G4957,0.4852576046618945,0.09894539071587405
G2492,0.485364045379322,-0.09981390460121273
G539,0.4856403270873483,-0.09796226596894465
G5355,0.4857259105397793,-0.100879332627404
G3278,0.485797644954869,-0.098132800513056
G6636,0.4858813870386346,-0.09908164174988959
G886,0.48589064564590445,0.09925087548704994
G3802,0.48601543284339854,-0.09914607862031997
G2603,0.4861404688212009,-0.09936464494131161
G6503,0.48632919360812066,0.09877971498867387
G4255,0.486401163046542,0.09828414059630278
G6856,0.4867294453351281,-0.0984839947924363
G4483,0.4867557760051434,-0.09957188903160757
G5434,0.48692923344534167,-0.09872969854136893
G330,0.48695394916070656,-0.09884367360222011
G7680,0.48696286165946123,-0.09770705767555832
G972,0.48697301868638654,0.099018221890463
G34,0.4871845848517681,-0.09878703551955878
G6199,0.487184745163073,-0.09893786097880691
G6501,0.4872234653091354,-0.09967777494521482
G5530,0.4876494671019944,0.0987411643182704
G418,0.48820683201820536,0.09827890918604182
G3164,0.48829251026544773,-0.09772051473919091
G4971,0.48841379003059227,-0.09908171481903212
G4460,0.48855779020057044,-0.09898961984808248
G874,0.48857500852760927,-0.09946753000460139
G46,0.4886341352017124,0.09806684915743391
G1535,0.48870410062470326,-0.09818736705920661
G789,0.4890070225895309,0.09691214664508671
G1794,0.48905235684977466,0.0981297390871847
G4740,0.48907036656432745,-0.09777272840573971
G905,0.4891376820564196,-0.09901474732631199
G3050,0.48932082171349645,-0.09955039181511863
G517,0.48948975789934046,0.09815319099378914
G2118,0.48949924914184617,0.099112438954849
G5394,0.48955368587672987,-0.098020810914411
G6698,0.4896671885309114,-0.09798182836417096
G5201,0.4897262116683774,-0.09807960888508521
G4174,0.49015026926199834,0.09814697047456566
G1402,0.49016693412393453,-0.09913319962225431
G311,0.49069900730403426,0.09768454483442779
G6422,0.490848876471338,0.09887416668193245
G7539,0.4909751638824771,0.09802018519641453
G6128,0.49100696543328204,-0.0983240837388534
G7969,0.4910205004335948,-0.09750876337138945
G3203,0.49115315993495257,0.09762349623784683
G769,0.49140458469363757,-0.0977853683095708
G2261,0.491476332895477,-0.0981920779557223
G7844,0.49178153303815797,0.09777867964503627
G3836,0.49198019288321104,0.09821887972913419
G7035,0.49205043052375097,0.09754218494839278
G3476,0.49219202921764316,0.09748930384001829
G4736,0.49223889139050214,-0.0981760326112186
G1985,0.49227800832009305,0.09720804010939715
G1824,0.49232402636566786,-0.09744021447296317
G5265,0.4923986430655042,0.09707496525910608
G6892,0.49258469300222374,0.09755579348838062
G6841,0.49289143829735793,-0.09699007177137903
G3962,0.4929552344249709,-0.09793115462246604
G3197,0.4932486074464685,-0.09680925828771456
G4516,0.49326213668423446,-0.09623812899709111
G2910,0.49329075404914047,-0.09729714248651065
G5214,0.4935494289155976,0.09680247337364142
G4919,0.49360883360330676,-0.09677635787980515
G554,0.4937705778010466,0.0970767235876728
G1640,0.49383776248649314,0.095531809641573
G4970,0.4939619620232867,0.09651261980344163
G3439,0.4940291649528795,-0.09724351647406745
G640,0.4940774840203568,-0.09709445346805563
G118,0.4941406022463014,0.09732388067451284
G1149,0.4941741714430625,-0.09738089542257547
G7217,0.4942796217879838,0.09676860648912528
G3052,0.4943092988339456,0.09687477774515241
G6381,0.4944194570583884,0.09659064701794282
G4959,0.49447692219676964,0.09686284236166465
G611,0.4945381910496489,-0.09745417961068341
G7549,0.49459529351794873,0.09700751906052213
G1085,0.49461527810137706,-0.09837633452514091
G538,0.4946328389141247,0.09652796395863006
G3264,0.4948448932692333,0.09697496626995897
G7429,0.4948785011761525,-0.09782735123007696
G3745,0.49508396345741057,-0.09671413780293814
G598,0.4952734506226544,-0.09688386278409059
G2335,0.4953344707490974,0.09792731490804221
G1133,0.4953371367704398,-0.09731650579539002
G2191,0.4954504115814561,0.09654792076067686
G6716,0.4955026245260633,-0.0968465766807926
G7267,0.49562318807220107,-0.0962539845611719
G2553,0.4959669719383014,-0.09746149626627805
G5855,0.49597812504468497,-0.0971932642764832
G7470,0.4960110375030117,0.09710668888219076
G1485,0.4963641636146918,-0.0968120596535435
G5022,0.4965046706562426,-0.09616572963811645
G2859,0.49652131052618154,0.09584407495837588
G5769,0.4967364789246276,-0.0977933339207683
G5844,0.4968044358085414,-0.09564601718294491
G5682,0.4969719430452614,-0.09615852998032605
G1172,0.4971440258320766,-0.09593784709098535
G1159,0.4973048899570728,-0.09689259770917097
G5715,0.49737029091884977,0.09622663982278729
G3938,0.4978085527514273,-0.0959108724417751
G5160,0.4979433420930889,-0.09638877157680233
G5519,0.49796123706922624,0.09612035791037438
G3979,0.4979675856808763,0.09649978684414257
G1556,0.4979941948532287,-0.09518314568419994
G5297,0.498061267594194,0.09618402461453232
G431,0.49822048355111226,0.09571447178207204
G1983,0.49831405880504986,-0.09487930915340104
G4984,0.4983873582247217,-0.09545086314969808
G1206,0.498418066343169,-0.09459698797155296
G2362,0.4984971236075951,-0.09650039280075814
G413,0.4985088041976684,0.0962608763558207
G5755,0.4985953708304879,-0.0963446397408689
G4063,0.4987888235386492,0.09625548973553968
G7318,0.4990583998883036,-0.09647507598931498
G7107,0.4992851935838005,-0.09615128918762128
G2559,0.49960081935148815,-0.09625330570740451
G1577,0.49973810554944387,0.09726838982739994
G5017,0.49977523807248836,0.09496717009396297
G695,0.4999229200646934,-0.09598947020050358
G6901,0.4999654060591714,-0.09530165906500518
G7387,0.49998578560129636,0.0963530741921776
G6893,0.5003056843293988,-0.09632634435402662
G7725,0.5003662621769399,0.09651005911850835
G2606,0.5004657425721576,-0.09570711247666332
G7346,0.500736723062909,-0.09596308355449397
G7228,0.5007963553807718,-0.09543767987545834
G5837,0.5008283436424039,-0.09656655981421741
G4764,0.5010623993099543,0.09528329357721203
G653,0.5013751945214039,0.09623323728721492
G7698,0.5016058454335118,0.09422942353566685
G2946,0.5019712543554904,0.09490771792261202
G6538,0.5020438772044633,0.0944250462138476
G4391,0.5021096351763964,-0.09504391674768511
G5401,0.5025280082159356,-0.09569165502131935
G6145,0.5028690834864338,0.09536564984701545
G3708,0.5032356008238844,-0.0945988374747532
G6940,0.5032648701076801,0.09594008465047954
G1145,0.5034751246507807,-0.09513991937957215
G1,0.5037546656861732,0.0938930710835483
G208,0.5038693739504292,-0.09562327755283861
G5305,0.5039223103610913,0.09477342093724406
G3513,0.5040816100254089,0.09601897155733252
G6224,0.5040850081748105,0.09480565151568049
G4190,0.5041170498467186,0.0947321593661283
G3455,0.504208723082835,-0.09455152272282683
G6260,0.5042304109873321,-0.09500381610659867
G3402,0.5043669328251361,0.09550855878396888
G1969,0.5046644402828362,-0.09599525764213954
G3312,0.5048523871193432,0.09504513041617046
G6343,0.504995201052503,0.09503044441333527
G5107,0.5050228931133333,-0.0939769217802339
G7010,0.5050561528567556,0.09552146275299234
G4075,0.5052746121586889,0.09423400823360063
G4918,0.5054057423327525,0.0929620954385104
G5874,0.5055507834412454,-0.09441693155270514
G1722,0.5056715443375264,-0.09445034189535702
G1843,0.5057486942097532,0.09469067633313827
G7710,0.5057577453605406,0.09449205627328161
G3009,0.5058934557579687,-0.0952489724752607
G4517,0.5061795836255383,0.09341683909175211
G7449,0.5061970481056066,0.09456156261425774
G5730,0.5064341541189541,0.09429777780535162
G3387,0.5066780046062377,-0.09521928420897402
G13,0.5068300551818071,-0.09327805390257954
G3553,0.506919762510027,-0.09391433059865326
G1784,0.5069558232417015,0.09479600116340339
G5383,0.5069843722849507,-0.09499995642311496
G3099,0.5071435535829607,-0.09468582903656489
G7744,0.5071668243335233,-0.09431433530528248
G4290,0.5075388043499154,0.09432196252640702
G3214,0.5075840384940473,-0.09408309812980895
G4889,0.5075894675073234,-0.09410290871661095
G7092,0.5078286914964558,0.09458960853241283
G6634,0.5080360266533137,0.09456524750429612
G5244,0.5081565041649447,-0.09438693948859977
G7409,0.5082167958464886,-0.09307901263676936
G7953,0.5084907900765112,0.09434832273131996
G2038,0.5085222188620544,0.09288800693684278
G2850,0.5088854326477334,0.09406995136796623
G7022,0.5091956694561816,0.09353934918733482
G6223,0.5092690807215766,-0.0949698488727643
G7048,0.5094195234214767,-0.09516751975023625
G22,0.5095038233649773,-0.09399315881917857
G3097,0.5096042296547726,-0.09490053093969338
G5226,0.5096142438762059,-0.09469341874250756
G275,0.5096631987855268,-0.094828662652869
G2772,0.5097625120407496,-0.09356916444405386
G892,0.5097757842081171,-0.09342911264942959
G2905,0.5097918988698136,-0.09292933129522331
G6624,0.50981352520272,-0.09224384248008397
G5724,0.5098792501722146,0.0937013461701869
G4025,0.5098868958323652,0.09324604606639939
G1693,0.5099537881900285,-0.09436521094593338
G4219,0.5100745744044224,-0.0937088750267371
G2844,0.5101488890833297,-0.0921935837949313
G5014,0.5101664648127039,-0.09321747835680683
G7795,0.5101769343228325,0.09334525559331328
G59,0.510215087249164,0.09443037749076733
G2160,0.5102254786383935,0.09291222705050578
G1668,0.5103434745399774,0.09315244390722044
G2000,0.5104841477025297,-0.0936824908943725
G4655,0.510570220874863,-0.0935920464013836
G2728,0.5108499464579292,0.0931357084486304
G2345,0.5110970336699436,0.09426804213284044
G3070,0.5112597987861032,-0.0925139500345254
G5701,0.5113442930250671,-0.09285299730467968
G7098,0.5116001019621939,0.09373334468989501
G5103,0.5116251134663758,-0.09342887218160034
G4881,0.5119165665064382,-0.09315558704091187
G3226,0.5119631921503707,0.09450408723929851
G482,0.5126340001294377,-0.09270549266799563
G489,0.5126607099831264,0.09292170895335145
G4334,0.5126689729137561,-0.09293064440149387
G158,0.5127038961901148,0.09364878793739456
G6470,0.5127936473965581,0.09136065641302277
G4246,0.51285235084501,-0.09292104741810225
G6787,0.5130781287807015,0.0924826857263471
G4012,0.5131216372887519,-0.09316613740978694
G7167,0.5131499056514761,0.09211201221933324
G4051,0.5132845496836729,0.09309635409165487
G2168,0.5133944447672502,-0.09285425111997843
G4439,0.5134195902251248,0.09253947856054617
G707,0.5134819458644775,-0.0930993861530601
G3198,0.5136997629239175,-0.09236428528410723
G3139,0.5138397417162914,0.09213932361566902
G917,0.5138861215593782,0.09288222940081667
G7723,0.5142409029063818,0.09172790269177497
G4218,0.5142571708768062,0.09186945214872355
G3930,0.5142693012934689,-0.09194239658702337
G5943,0.514273952095748,-0.0923537154029537
G4885,0.5146924325447119,0.09246486103495305
G146,0.514778507507933,-0.09259903293420278
G7850,0.5152103791658509,-0.09304303625658453
G7994,0.5153441212503794,-0.09342157465095076
G5281,0.5154363978117527,-0.09151517420553748
G3415,0.5154555732331176,0.09202326121318456
G4694,0.5159476770343794,-0.09255814341673241
G3779,0.5160628179106486,0.09195646891270179
G5049,0.516098273751775,0.09223762647886394
G6552,0.5161022234243493,0.09299574673012834
G4183,0.5162965137551822,-0.09245639067087907
G3864,0.5164309917652274,-0.09200514233772769
G5484,0.5165010079339785,-0.09294192164415473
G7578,0.5166210670435889,-0.09180093804135861
G2631,0.5168101470202999,0.09224216935022966
G5163,0.516851179571332,0.09272483771187526
G1400,0.51694505584175,0.09234897449274995
G5532,0.5170446823936771,0.09289018784518863
G4841,0.5170787154392513,0.09195654585741905
G7542,0.5171419000012267,-0.09167956795255833
G2578,0.51772859511542,0.0920589329783208
G7890,0.5178491398677028,0.09298045004013691
G3127,0.5179943516814733,-0.09168563999462001
G2683,0.5182757859266143,-0.09073611932626272
G2491,0.5182984324007016,-0.09130684348241874
G2544,0.5183449811839917,-0.09200579129313421
G232,0.518616821153079,-0.09062260568846496
G7728,0.5187935964773656,0.09192762126189397
G6270,0.5188248175674378,-0.0918831541033973
G1367,0.5195230894885505,0.09184306335293016
G5922,0.5195431062426276,0.09114419080689021
G1285,0.5197682539476479,0.09157780976861557
G1741,0.5198235153897304,0.09160783822863164
G4596,0.5198400805438043,-0.09221267289615129
G1708,0.5198467487819891,-0.09046608061626972
G5112,0.5198747765317624,-0.09107721334021446
G7324,0.5202029872963438,-0.09284026214818827
G3299,0.5203863042213484,0.09228839310070708
G3577,0.5204157239598146,-0.09067193273509541
G3211,0.5204708843811434,-0.09079280197048906
G6366,0.5205030086335316,-0.09176805744474587
G401,0.5206298447023536,-0.09092161933143764
G6564,0.5207221543738525,0.09146348765756887
G3625,0.5207565813792143,0.09055883395089775
G2912,0.5208278665596011,-0.09128479743518998
G2238,0.5212270693172527,0.09152039652241978
G3241,0.5213569804426703,0.09129110356318268
G3958,0.5214310865458758,0.09150541458935885
G7417,0.5215595807880755,0.09149747210847564
G4579,0.5216251198442112,-0.09142166800878215
G2813,0.5217240325706611,-0.09163662194004868
G6743,0.5219054585699378,0.09058153639019212
G1115,0.5220792399593087,-0.0909183036369987
G453,0.5221733305842072,-0.0906471528934428
G1826,0.5222726740215056,-0.09062074918752681
G823,0.5222919281346069,-0.09075006150982927
G2119,0.5227272632262221,-0.0906028215862474
G563,0.5229361635456766,-0.09076564976220508
G1901,0.5230765815124723,0.09070895446209988
G4417,0.5231437727685068,0.09031018553746997
G7772,0.5234548216502748,-0.09118035167940863
G57,0.5234992514463346,-0.09137260274622025
G2882,0.5235368043257383,0.09066455585913635
G5553,0.5237753582735722,-0.09097918807037673
G6463,0.5241557406173283,-0.0896991496777968
G4689,0.5241824011144971,0.08981659622213853
G7249,0.5243034195668395,-0.09067142495577044
G6469,0.5243110121680518,0.09076535063459379
G368,0.5243235254211402,-0.08981992286935767
G219,0.5243348274699091,-0.09051577345763549
G3014,0.5243612947510506,0.09042078970619816
G2343,0.5244841161779475,-0.09104761506215509
G6660,0.5245169592334589,0.09175315912797218
G6813,0.5247820016584903,-0.09050138577174774
G4782,0.5249338919027395,0.09021928815942562
G7476,0.5249889242465319,0.09097181196878257
G2177,0.5249968285633055,-0.0911373109939152
G6111,0.5250005210804443,-0.09060544388087488
G3946,0.5250707480049298,-0.08996593628175086
G4757,0.5250741549701865,-0.09133451456067863
G3054,0.525171072893817,0.09019973556859123
G3617,0.5254571668460497,0.08952269560072502
G7657,0.5257443847847271,0.08991877774019216
G5023,0.5259286453747587,0.08969076759008474
G1647,0.526002914359037,-0.08967256490828365
G6241,0.5261304695317599,-0.09029646970912308
G4508,0.5262328936968366,0.0901982059444437
G5328,0.5263101308907114,0.08934065072701522
G574,0.5263259034154211,-0.09028778058657688
G4719,0.5263263099456714,0.08978846225225125
G5794,0.5265338748992932,0.09001514461926169
G3638,0.5266837847720651,0.09052836746073414
G6416,0.5267960017483174,0.09007985266029128
G4418,0.5268207287193227,-0.09088603034189033
G1848,0.5269550119279246,0.0895538869808285
G1044,0.5269704395967297,-0.08993109627421741
G3835,0.5270116471535196,0.090030212567181
G6585,0.5270154820597822,-0.09017463503809384
G540,0.5270765979856271,-0.08917131872224972
G4630,0.5271105975269583,-0.0894342706329829
G4727,0.527173044096162,-0.0907243159694138
G5407,0.5272572731202569,-0.0898839619612582
G7625,0.5274732204904407,0.08943931533698754
G5251,0.5276930829124417,-0.08873227455414767
G270,0.5280253417506284,-0.08981322540823061
G5270,0.5282521206977812,-0.09049514260296222
G5376,0.5282773811223634,0.08901904604041702
G6898,0.5285105198692169,0.08883630513582122
G7255,0.5285193911254367,-0.08926335040831185
G7210,0.5291260732727938,-0.08962085173544002
G4680,0.5291613556914602,0.08908360994526429
G4283,0.5291669061774853,-0.08919561277920329
G7185,0.529258063165251,0.08888664862722742
G2628,0.5294010163927321,0.08906709509444286
G5839,0.529428515462079,0.09007920785774973
G7602,0.5295212131713303,-0.08919347869920992
G1744,0.5295367998296409,-0.08827724052379067
G1337,0.5295596842890151,0.08889346771565532
G812,0.5297886054811007,0.08899214370133257
G5391,0.5298524977064024,0.08946579218124252
G4566,0.5300447857368276,0.0895465942584493
G342,0.5300717638735286,-0.08899799909065598
G1897,0.5302752486952906,-0.08942299271582799
G840,0.5303858897145265,0.0901283060795604
G2779,0.5305672433768982,-0.08951479378546319
G5207,0.530672265553261,0.0898949398779722
G1061,0.5307180710541839,0.0888179017254967
G2436,0.5308171875813772,-0.08923750642797729
G4267,0.5310242741057846,-0.08897884111717665
G2580,0.5312938786853283,0.08815986657157818
G4213,0.5313137139845774,0.08978342990758605
G5576,0.5316037891372976,-0.08984346332572583
G4683,0.5316429605082174,-0.08862607192129948
G7690,0.5317790682312318,-0.08892754272000591
G6911,0.5318213579256297,0.08903353661335862
G7554,0.5318769227994367,-0.08932760030770212
G2093,0.5322954470982744,-0.08856269163687111
G596,0.5324715776503828,-0.08847179923011397
G5944,0.5326066811926429,-0.08962982940655131
G4291,0.5327162852791304,-0.08893877131647174
G2353,0.5327890678546602,-0.08800074543834077
G334,0.5329099287478398,0.08827433044326846
G5498,0.5329525178169355,0.08787109615277947
G7650,0.5330083584304972,-0.08948708850211796
G6028,0.5331116702565217,-0.08854743042888619
G1434,0.5332807326326207,0.08793197427784508
G7158,0.5337848742895555,-0.08802409256801993
G4801,0.5337887253257705,-0.08811569529567864
G7159,0.5340707071467202,-0.08809932021853749
G2148,0.53420500779081,0.08811449363208265
G4769,0.5343879905398856,0.08733177829559571
G6644,0.5344989852676044,-0.0886108228892378
G836,0.5345055633581788,0.08788856107286569
G6782,0.5346171563201871,0.08803550523845563
G1629,0.5347215841603776,-0.087678947146859
G7693,0.5349586038791421,0.08825458412229434
G416,0.535054550049777,0.08811490488357163
G62,0.5350657203503346,-0.08860903755663888
G6374,0.5353565676663681,-0.08877995902716454
G5734,0.535378477951899,-0.08717608453806663
G1341,0.5356064282445681,0.08820887965628635
G6395,0.5356091138880468,-0.08869887689062866
G7748,0.5356286662002017,0.08764891748708953
G7661,0.5357393542442748,0.08799175502201088
G5075,0.535806064924966,0.08834966778910626
G5653,0.5359953302961586,-0.08822220162225203
G4972,0.5360011416282351,-0.0878630028175014
G514,0.5360379900538994,0.08781594308478487
G2227,0.5360528505936439,0.08731994008893357
G3024,0.5360593708738479,0.08696931687964687
G6185,0.5361704215074381,-0.08813156365143908
G128,0.5364354987779045,0.08913898083177982
G5849,0.5366424294942691,-0.0883468469030224
G2366,0.5367772896828014,0.0881784659954991
G4264,0.5368666587302897,-0.08844451171314463
G477,0.5369910175926234,0.08758130662552208
G508,0.5373507666824476,-0.08845252278301395
G5254,0.5375014245366065,-0.0877554295931176
G4465,0.5375496180587893,-0.08789989823552843
G2121,0.5375935398598639,0.08875062509986817
G6214,0.537983537453443,0.08687453807521742
G2781,0.5380237131907899,0.0878078105641025
G587,0.5380770037933039,0.08793932560235722
G3294,0.5381057721271826,-0.08811679894604023
G3809,0.5381555058457659,0.08755515886783968
G876,0.5384160431132892,-0.08747845206325433
G5719,0.5385251629103195,0.08794868708204805
G5134,0.5386257422035166,-0.08693756004788598
G5397,0.5386853809646418,-0.0866653435701385
G6572,0.5388686405485084,0.0878407700853641
G7435,0.5388701062274215,0.08692431645542176
G6444,0.5388797731906538,0.08760579070768698
G5200,0.5389529429177142,-0.08702401661033199
G7079,0.5390071668097646,0.0869179851598244
G1369,0.5391127087550865,0.08684398250669725
G3120,0.5391659693668185,-0.08826832099413294
G4552,0.5393511395702674,-0.08740547164734708
G7868,0.5394080729633554,-0.08724902140113105
G3362,0.5395845911896503,0.08674642825031975
G6777,0.5396424913937148,-0.0873424599242236
G3322,0.5397099490182109,-0.08728912660713545
G7274,0.5399134581162977,0.08673399493974607
G5596,0.539945254376615,0.0866290916705126
G7152,0.5399453138104513,-0.0870972811955236
G3135,0.5401156819586352,-0.08664452115599558
G7021,0.5402715218227724,-0.08743548136642561
G6961,0.5403641106351815,-0.0873529123095989
G3768,0.54048566621542,-0.08652118442650068
G511,0.5405299788681195,0.08680886231005927
G7164,0.5405379564276378,-0.08741598157792482
G7427,0.5405787101787212,-0.08676279502261297
G7906,0.5409205642252308,0.0871754499756584
G1215,0.5410754509112011,-0.08651147009299848
G7446,0.5411067941096135,-0.08707381233244826
G75,0.5411178629563005,-0.08791097101578922
G134,0.5411724135888911,0.08774256236297559
G6801,0.541217003163539,0.08663463312957465
G2480,0.5413172134066364,-0.08602571698727954
G6315,0.5413457157467402,0.08631014176326338
G6641,0.5415690419266739,0.0867894457550078
G1837,0.5417706792898233,-0.08643885125432091
G2983,0.5417807176797462,0.08651749493762859
G3491,0.541822201008781,0.08683202629474504
G4500,0.5422459599872334,-0.08621842457333773
G2476,0.5423231934905844,0.08644587374670992
G3192,0.5424510845600741,0.0866671919207882
G2064,0.5424800530321658,0.08606857901033846
G902,0.5425920411335026,0.08696480535286322
G1175,0.5427451859062661,-0.08641202061023359
G6188,0.5432560094027882,-0.08644634039512084
G7375,0.5433419699626303,-0.08563931952586129
G913,0.5433668317059077,-0.08668868277082363
G1918,0.5434142688197081,-0.08612254761780166
G2867,0.5434657367160199,0.08512537189700045
G7423,0.54353193189287,-0.08698720438675517
G4430,0.5436246676946689,-0.08729754410184601
G4494,0.543935195706991,-0.08625814572534997
G3929,0.5442993682372081,-0.08705942323078342
G1962,0.5444596635570358,0.08506138040997344
G5965,0.5446059014371567,0.0866762521213962
G4497,0.5448496420066719,0.08600238435612151
G5939,0.5450257013108037,0.08602989332256869
G4234,0.5454199554743773,-0.08528808668058298
G5901,0.54548933479685,-0.08605627794616044
G5744,0.5454972682358514,-0.08509419371589086
G672,0.5455698261066609,0.08566367522684729
G2305,0.5456578138111019,0.08547406135750589
G6959,0.5458414939063874,-0.08599061052586825
G1223,0.5458454173869116,0.08501605657408481
G2130,0.5459383407662337,0.08580675652961291
G1676,0.5460429952247705,-0.08561478178213566
G5823,0.546154107577782,-0.08530328932612796
G1797,0.5463125188195603,0.08585931278650127
G7242,0.5463415423910984,-0.08473320152563388
G1936,0.5465491579870954,0.08439513575680448
G6490,0.5466208904265086,-0.08600351025882985
G2122,0.5466350438029538,0.08470058679278422
G7775,0.5467058307923536,-0.08524209825805595
G7990,0.5468134016200787,-0.08515432819789062
G3676,0.5471756252526122,-0.08599531917460412
G2902,0.5475657478915501,0.08522352265791258
G3117,0.547575327414635,0.08566107436732458
G5275,0.5476160855371801,-0.08586624680442353
G26,0.5477137418046167,-0.08601429009697198
G2538,0.5477162110103817,-0.0857280155308058
G4374,0.5480089908569459,0.08492964508653021
G927,0.548251985083044,-0.08613734445492995
G3414,0.5483532151524838,0.08427176093190374
G3953,0.548526055108921,-0.08637725479999206
G7295,0.5485571603312767,-0.0847313066019169
G4785,0.5486207704145432,0.08499062706432556
G3923,0.5487813495344618,0.08557918139672939
G1537,0.5496753835198042,-0.08542230595554029
G4295,0.54997088092782,-0.08531513482139538
G2200,0.5502172163089897,-0.08482997449614355
G7456,0.5505136058899636,0.08556948174302328
G7678,0.5505636010688277,0.08537663157232468
G6030,0.5508653658703417,0.0849596562205504
G7064,0.5511578148381187,-0.08445725224361758
G424,0.5511655445914598,-0.08469826508263367
G7068,0.5513787426884857,0.0848925608140402
G2332,0.55146082446193,-0.08407465400273435
G6913,0.5514822851858091,-0.0846431638447363
G385,0.5516912255061708,0.08489790661561163
G2399,0.5517548217223748,-0.08381192974179144
G5954,0.552308281860915,-0.08405759079504987
G2740,0.5524886097346262,0.08539510849308293
G1974,0.5525200420440337,0.08516933999217055
G1333,0.5525944183411402,0.0841919871219858
G159,0.5526876302139422,0.08374593199992719
G1340,0.5526904884130333,0.08464806469259387
G3246,0.5529549615342864,-0.08524543328843884
G1183,0.5530341717808824,-0.08416879352657869
G2604,0.5530497302467514,0.08468062281223189
G115,0.5533243295486835,-0.08404415013305894
G2498,0.5537376343196829,0.08344187016414353
G535,0.5538647066825666,-0.08402584099427803
G5306,0.5540607865474563,0.08372611573297198
G3037,0.5541220116568162,0.08425477184418606
G7504,0.5542360370885673,-0.08501879214486124
G2050,0.5545099787565513,-0.08359233886863857
G6363,0.5546959748518535,-0.08310575130916628
G639,0.5547533736526016,-0.08347422055544028
G4657,0.5547787673163287,0.08334540911598232
G5436,0.5548001682658167,0.08424731357845935
G7829,0.555080045056954,-0.08441690141722559
G3508,0.5551844922564011,-0.08504759772310791
G784,0.5553039286807246,0.08330789984102763
G7071,0.5553293319775188,-0.08461133539492535
G2077,0.5556149107665651,-0.08348554732862451
G2340,0.5556393973064215,-0.08395057768937714
G7501,0.5557439928520487,-0.08307559321467192
G4140,0.5558734256419522,0.08393330628342013
G89,0.5559579714946234,-0.08388820154538772
G3781,0.5560254490789808,0.08345384840974027
G7584,0.5560396214554029,0.08357996066869289
G1420,0.556056679030518,0.08365558176782842
G6122,0.5560851461199947,0.0841494216039325
G3654,0.5566183336671207,0.08462750573890203
G1229,0.5570272214007475,0.08321786084277083
G2377,0.5570999439237392,0.08411342802153557
G885,0.5571017133202121,0.08384963060073311
G4950,0.5571054934187696,-0.08312154591412954
G1672,0.5571239233031211,-0.08345323265355023
G6081,0.5572194602529452,-0.08363169148174515
G3131,0.5572301512087913,-0.08296055301537875
G3042,0.5573886977881921,-0.0832432610144497
G2759,0.5575397138681266,0.0836033461818548
G7198,0.5575667749445177,-0.08327332171386839
G3282,0.5575882241652588,0.08339762921934088
G7118,0.5580268492810785,-0.08335093654983865
G518,0.5583071883762347,-0.08336975266673916
G7261,0.5584815212030255,-0.08405904559832122
G2319,0.5584851153283201,0.08334054620654119
G5340,0.5585124101400883,-0.08291926343289477
G3519,0.5585841562716025,0.08316683430113302
G5173,0.5591711589435666,0.08393172632240313
G7702,0.5593640940993017,0.0835315348173106
G7036,0.5595107199328084,0.08365818510752145
G1321,0.5597137755837442,0.0826370917269189
G2924,0.5599396145287495,-0.08292569324329153
G4856,0.5602164370686848,0.08265320384565245
G383,0.5602769818921856,-0.08311979661965269
G1366,0.5607739057685653,-0.08281276476103341
G2677,0.5607891894704415,0.08261647625143109
G6448,0.560888338760543,0.0827634844218983
G6377,0.560932749418623,0.08291492628996444
G2981,0.5610723528328845,0.08197015316062059
G5509,0.5613169341756656,0.08253789952055479
G1121,0.5617979669812625,-0.08213678122191366
G3155,0.5618957598064209,0.08217106766895543
G7654,0.5619018053239252,0.08289180228768162
G5826,0.5619866983798522,0.0817085075628054
G1877,0.5620016501474168,0.0823531054980552
G5071,0.5622872904371572,-0.08251064851412131
G7285,0.562419681940282,0.08245669638137637
G1241,0.5625460015939874,0.08272210798889917
G6247,0.5627447917561386,-0.08272461167891912
G4752,0.562759619191349,-0.08212430751325321
G564,0.5631111099973405,0.082113852958429
G6674,0.5631358378890639,0.0824236481828192
G571,0.5631863518834279,-0.08174545222648766
G306,0.5632329096066138,0.08163120348327974
G6628,0.5635591620565176,-0.08197210198571972
G1002,0.5636964614369826,-0.08133990539409057
G868,0.563737949971052,-0.08274578813054043
G633,0.5639274856802137,0.08191259040221098
G7876,0.5643979598945481,0.08119188401696065
G7788,0.5647197574930731,-0.0825557236082894
G3454,0.564870002900376,-0.08178871635698945
G6161,0.5650308795323795,-0.0810001163680682
G2448,0.5651243334439795,0.0818208807810718
G2073,0.5654435146706746,-0.08282746928802771
G2483,0.5657016523768128,-0.08146744855261552
G4732,0.5657482183474214,0.08153269898994134
G7400,0.5657547082415231,-0.0811433412345339
G1365,0.5660975688046246,0.08120268407759829
G1628,0.5662303382865693,-0.08129402423943621
G5582,0.5662412079345194,0.08153789707633954
G3587,0.5664630156027757,-0.08253608568582621
G7714,0.566471540299481,0.08178444579139146
G1801,0.5665492458392889,-0.08106254818858169
G6177,0.5666634758583489,-0.08241097827662815
G1830,0.5666967165708738,-0.08090129431918217
G353,0.5668763561184531,0.08129974021586717
G7243,0.5668860609180432,0.08178482078484922
G7116,0.5669039068956889,-0.08100787637861778
G1198,0.5669701243171081,-0.08151155905908429
G903,0.5669906774855635,0.08040047377446076
G141,0.5670843987242756,-0.08135700060289691
G252,0.5675553602161131,0.08115393242042893
G5130,0.5675789479797607,-0.08081190909439598
G6968,0.5678050122959444,0.08243160753855794
G5678,0.5678223714754882,0.0813269507452644
G1026,0.5679413738599479,0.08217964830863857
G5016,0.5679934502244182,-0.08135218448043957
G5655,0.5681070207999961,0.08183849145805885
G471,0.5681970702179295,0.0809518014218945
G872,0.5682450081331385,-0.08170858095198257
G301,0.5684053816967731,0.0795963084503176
G6762,0.5685734552352366,0.08016143620620551
G2447,0.5686054784310625,0.08097661338923243
G5994,0.5686069854917679,0.081377320493037
G6843,0.5687528744181097,0.08061297609929408
G7277,0.5687552243161779,-0.08090612010199463
G6664,0.5687649258847065,0.08006397053185918
G5743,0.5689749193483384,0.07995906378921545
G6534,0.5690396491670096,-0.08075113680064926
G2303,0.5692807916955134,-0.08140555795332075
G7062,0.5695812625429544,0.08140619071834096
G6580,0.5700376855377044,0.0801680817289327
G1905,0.5700632396678584,0.08204021725981557
G6906,0.570274611275738,0.08113385136819781
G1541,0.5704708204839831,-0.08061655392286976
G2081,0.5706058295471373,-0.08110582100215995
G5086,0.5706656054072734,-0.08068355607578163
G7544,0.5706746919673933,0.08039897552895056
G6355,0.5707917928807607,0.08013775919476337
G5186,0.5708874965261508,-0.0803353875668236
G7864,0.5709620134199904,-0.08171191588331289
G5094,0.5711768218058044,-0.08035432324172938
G2868,0.5713852685623547,-0.08044419686162352
G5851,0.5715692448232133,-0.08056114713011031
G2155,0.5716322263516984,0.08050636388589397
G2719,0.5718386030781781,0.0803601542212925
G1116,0.5719321406919722,0.08068980148655913
G6629,0.5719547606936155,0.07937821686015853
G2671,0.571957872729207,-0.08056861467813414
G6778,0.5722205456890677,-0.08000860592433387
G2655,0.5726377804680755,-0.08048903828212647
G7555,0.5727829978107615,0.08003018538010477
G6620,0.5728973385350951,-0.07943504851903317
G4728,0.5730722571079658,0.07947374228478324
G1554,0.5731201251464784,-0.0805977558250323
G4921,0.5731642579682354,0.07912109890423243
G2816,0.5732096200436609,-0.07961264536185396
G3816,0.5732254032152271,0.08089290047359679
G2278,0.5733149348860807,0.0797788133170961
G7909,0.5733559090510563,-0.07980298167025104
G121,0.5734212327439521,0.08126195044710051
G373,0.5734522661991037,0.08099478337896854
G3389,0.5737029449405762,-0.08033833837689053
G5620,0.5737489884203284,0.08059824133854845
G1472,0.5738513051680172,-0.08005535300546535
G7937,0.5741724228502383,0.07978461597147968
G4697,0.5743124293353764,-0.07885544082719351
G4485,0.5743558593792019,-0.07946684402517765
G5633,0.5743752007602358,-0.07922250143881995
G7147,0.5744104553876539,0.08027058156120273
G2851,0.5744466445400095,0.08006605756173993
G2674,0.574659415328459,-0.0796107271392742
G941,0.5746952140699553,0.08025276926582689
G3558,0.5747973417213575,-0.0797685182266866
G3880,0.5748096635171802,-0.07952960158919192
G7934,0.5748993814200309,-0.080170828541455
G4941,0.5749499946637118,0.08018697215034107
G3443,0.5749939477046558,0.07931952061591169
G1470,0.5750346011617608,-0.07918805709924304
G7105,0.575073359597067,0.07936025628490259
G7317,0.5751554508084451,0.07955665624267245
G831,0.5753996422821078,0.07937939316679755
G4906,0.5754438665784863,0.07996619869124623
G4787,0.5755943825630135,0.07915279699276945
G1027,0.5757209945589464,0.07925442152391962
G7343,0.5757832009785294,-0.07934602810473515
G6071,0.5759300598812972,0.07986036792162987
G4256,0.5760642912585009,-0.07947160316869878
G5544,0.5760988860292715,-0.07969626550804557
G2236,0.5761866638592881,-0.07906263890093616
G1476,0.5761894535958326,-0.07979507042379753
G5773,0.5762230344308593,0.0800008019820665
G5818,0.5762504249855017,-0.07888504625861083
G7122,0.5762950636033047,-0.0798208146127497
G6724,0.5763344800106052,0.07909467941096646
G529,0.5764197378600899,0.07900671664636147
G4096,0.5765287853152299,-0.07867129058570936
G7123,0.57715150480604,0.07894211640589126
G3863,0.5772252425834412,-0.0795573449636089
G5448,0.5777477862787375,0.07893350456579909
G1356,0.5780631022825042,-0.07929734496089033
G1152,0.5782549499070029,0.0791561126409406
G6318,0.5787787204647661,0.07921241918325717
G6026,0.5788499516320813,-0.07903015898359275
G3091,0.5789888618841603,-0.07883990674531269
G1611,0.5790208909756152,-0.0787721619374151
G8,0.57936910518335,-0.07799011549193119
G1575,0.5794549048756994,0.07870673680097043
G5367,0.5795053287212705,-0.07870240845179256
G7532,0.5795100791068284,0.07802119103846814
G76,0.5795160360671161,0.07892253755830195
G6002,0.5797343377428763,-0.07845973010403406
G7142,0.579747547820231,-0.07943124700438402
G2027,0.5797964895978888,0.07916964329878218
G6656,0.5798030576172339,0.07793207764557578
G4960,0.5803006597036896,-0.0791857782391552
G2614,0.5803221841946438,0.07828979203078336
G1632,0.5803494553843491,0.07854688131360078
G911,0.5804215949989251,-0.07913087015448048
G6205,0.5804432805257855,0.07849915233283111
G727,0.5806001390348482,-0.0789522696382855
G2978,0.58108124670436,-0.07861345033363497
G5872,0.5811865632742539,-0.07821852036404733
G1766,0.5811879793307968,0.07864747797159313
G5443,0.5813462487974597,-0.07790105837371475
G6196,0.5814876822960404,-0.07859282071228715
G6808,0.5816857564462152,-0.07781578381306928
G3688,0.581923096671694,0.07865078647469842
G3479,0.5819751228229066,0.0781833447360022
G5029,0.5820285164600327,0.07815179228087225
G3921,0.5822513843951732,-0.07920390279114908
G7344,0.5823571837999144,-0.07821983317665998
G4351,0.582467026826725,-0.0777588111623678
G778,0.5825657255573591,0.07855461569428701
G1563,0.5827435930279647,0.07839387427690597
G304,0.5829264566818142,0.07755423764609737
G1509,0.583006109031275,0.07784031904516305
G2224,0.583090537063722,-0.0782719427394207
G6729,0.5833575487310878,0.07750254148247092
G6230,0.5834536944866111,0.07816552074987217
G7434,0.5835982522028131,0.07798229325091025
G1986,0.5837435147516361,-0.07867680610660849
G5259,0.5838221842001974,0.07751270268372681
G1746,0.5839830585670843,-0.07765210529294381
G7875,0.5840626267841712,0.07773190107532471
G2068,0.5845216975780188,-0.07795042674643746
G6151,0.5848759084915127,0.07781031449104972
G1618,0.5848944850475355,0.07717333188165451
G5813,0.5851129592468562,-0.0778748051688961
G2687,0.58542404768463,0.07783036371684433
G3087,0.5854514409115574,-0.07797241756906782
G690,0.5855175403520745,0.07846180455180266
G4094,0.5855349629578805,-0.07789917498413643
G4252,0.5858233492522709,-0.07840608974425975
G6104,0.5859571638786296,0.07667701808407867
G1624,0.5862029234921158,0.0768526353651022
G1171,0.5862957945308142,0.07705607635767803
G280,0.5864773642891021,0.07734107526169591
G6529,0.5865932984344102,0.07751003365868128
G6604,0.5866675362916149,-0.07713762094809448
G3399,0.586716382758861,-0.07726107756869416
G5352,0.5867723186833598,-0.07742690791437866
G5205,0.5868832203833301,0.07702213874598479
G3028,0.5868939682112024,-0.07781637494244543
G7397,0.5871071389102522,-0.0768501482990809
G5784,0.5873781909332709,0.0778603442313138
G877,0.58738878873532,0.07707915953754932
G1006,0.5873981760341938,0.07738375206022849
G2835,0.5876150754163583,0.07697915435722721
G5835,0.5876764387506268,0.07710615609474264
G6577,0.5878464585183624,0.07744717873697601
G5073,0.5878789993590734,-0.07744091481742976
G4040,0.587963260536797,-0.07662049965849337
G6043,0.5882429686210231,-0.07659826144038942
G7463,0.5882568020146245,0.07751172037298652
G6800,0.5882755095918377,0.07624451621208339
G7259,0.5883073194649701,-0.07675803684786725
G521,0.588427217974167,0.07694577544143014
G6746,0.5885740691892791,0.07631343755549913
G5467,0.5886083690359458,-0.07722375768899868
G1435,0.5886324002420495,0.07707103472290047
G4715,0.5886345932189646,0.07722173022616075
G4309,0.5886501437337784,0.07659356651908669
G6180,0.5887248687369553,0.07661344164145895
G4046,0.589090029368862,0.0775527517637875
G6191,0.589167560361813,0.07635758944503529
G7528,0.5892498461415074,0.07590759788987236
G5483,0.5894525471099765,0.07636440274171324
G2585,0.5894603891233351,0.07740584339405995
G2709,0.5894797730559314,-0.07605289792214182
G3858,0.5895019047848316,0.07686497202751316
G3660,0.5895369141037076,-0.07627954529750405
G2315,0.5896805750195616,-0.07704128178911712
G4874,0.5897637161079781,0.07650560123451727
G49,0.5899774566318707,0.07672548693828632
G43,0.5899986760713811,0.0766495187717822
G2701,0.5901356060157291,-0.07613572469268788
G2675,0.5901479135793368,-0.07663806090169523
G2145,0.5901589954645481,0.07657958297040943
G6915,0.5902143222678302,0.07685462300563639
G6390,0.5902729302879679,0.07600392859524141
G2894,0.5902837496527182,-0.07628292851144737
G6923,0.5903951558509477,-0.07658510336279306
G2401,0.5904384451469274,-0.07741704226002438
G3489,0.5906219260972907,-0.07679990136006692
G6479,0.5914861664460769,-0.076292991254789
G201,0.5914955126112174,-0.07609026115491821
G5921,0.5915156749877166,-0.07605154995316851
G5613,0.5917290895348128,-0.07678810667724392
G2417,0.5919798427250587,0.07639654782473518
G5197,0.5920671540539488,-0.0765387791389329
G1559,0.5920796072560681,0.07648428350992528
G7580,0.5923842587068593,0.07519762177627945
G4857,0.5923886395324724,-0.07584690952248521
G302,0.592389568478081,-0.07657784176923069
G4772,0.5924508223275542,-0.07579170569991742
G2067,0.5925275567946124,-0.0763176359420176
G6838,0.5926790282624572,-0.07655330676333563
G7770,0.5927159995343039,-0.07603191656348451
G3431,0.5928062580038547,0.07591697462650826
G3173,0.5928269831284025,-0.07577998904892339
G2839,0.593173160356406,0.0754815804481658
G3107,0.5932223976576407,0.07543170826025741
G5387,0.5934048821543736,-0.07589527959273026
G3354,0.5935152997531314,-0.07515884470922823
G774,0.5935799304176892,-0.07550626425968943
G3759,0.5936317730329282,-0.07636391606303895
G5722,0.5941281805157574,0.07496446641550922
G5095,0.5941366902939582,0.07553075424322145
G5946,0.594316160890852,-0.07586479704832855
G7801,0.5944069801374798,0.07564964309697747
G7673,0.5947176641181757,-0.07584948073230738
G2592,0.5947805159152126,-0.07515399440664883
G1387,0.5948406087474434,-0.07568268967757541
G5512,0.5948640385702041,-0.07550536486149129
G393,0.5950060104977624,-0.0755830869323766
G4336,0.5951500331844117,-0.07590882974773111
G3544,0.5952060751789809,-0.07575360939780176
G7499,0.595335254878762,0.07498437421271559
G2830,0.5954992549130559,0.0750199995265807
G6912,0.5955831532990968,-0.07642735025379963
G7926,0.5956807458153592,-0.07620559420110451
G7815,0.59586102000043,0.07548503510902328
G7512,0.5958791064781845,0.0755372239776637
G5283,0.5959781545637817,0.07552050726207775
G2587,0.5961983341834388,0.07511165631410609
G1871,0.5961987150584442,0.07543016444460762
G5956,0.5962219874311585,-0.07573662818856139
G207,0.5962661895679469,-0.07611999038657577
G3603,0.5965652700236224,0.07535421370156946
G2811,0.5967594230521509,0.07584845170193975
G7169,0.5971383674331892,0.07559454657934792
G869,0.5971390816172726,-0.07526940527572007
G404,0.5971552381211624,0.07606243689712827
G5198,0.597238879625527,-0.07470889726509786
G5128,0.5973032602995103,0.07509883510759913
G6956,0.5973200832244698,0.07489537775502568
G5816,0.5974449054168334,-0.07481524152392768
G790,0.5975827351244971,0.07527641089452156
G3738,0.5978543269746719,0.0751802091526822
G5540,0.5978900847654982,0.0756146354470672
G7223,0.5980602960826223,-0.0751623652069919
G6574,0.598060516653316,0.07455984383440692
G183,0.598224108987468,-0.074407491934501
G3260,0.5985842228364513,0.07541263115848906
G5920,0.5989234823365446,-0.0736683980568568
G1728,0.5991376699539533,0.0744723662614464
G3641,0.5991542781127654,0.07437855146733541
G1916,0.5993085408271142,0.07415502888324324
G6597,0.5994426246577536,-0.07447909798653453
G2380,0.599589536185607,0.07475613124976276
G3506,0.5997296563581342,0.07420476503751333
G7993,0.5998225334985509,0.07533585126016643
G6242,0.5998867578486513,-0.07419366517444924
G6250,0.5999624601073181,0.07381742805802147
G2684,0.6002325311938312,-0.07366865677549525
G730,0.6003307100168,0.07470587505852339
G5127,0.6003743445202478,-0.0749482052812543
G6389,0.6005330736543801,-0.07479187878515124
G6753,0.6006369740244928,-0.07389224596305907
G6581,0.6008344083172239,-0.07476136727703167
G4073,0.6013580692141178,-0.0739834521346979
G6130,0.6014990056845413,-0.07500779713774583
G4061,0.6015102981239704,0.07418313119282294
G4705,0.6018091970013517,0.07416125220584248
G1358,0.6018883685110208,-0.07370587262042619
G178,0.6019320802274921,0.073841929540514
G6016,0.6019523607990043,-0.07399772872077903
G2788,0.6019768681413195,-0.07560134609103741
G7325,0.6020302066533861,-0.07398142906861305
G4249,0.6020451150031834,0.07366187951381833
G1324,0.6020726690349838,-0.07427620423045214
G1107,0.6021188283596843,0.07376766751616573
G456,0.6021492748505892,0.07386154025602584
G1020,0.6022269281576595,-0.07431888408258187
G5881,0.6023668581722593,0.07410789627386458
G4637,0.6024032683881988,-0.0740477446298756
G6927,0.6024263927925761,-0.0739846794539406
G153,0.60244795186294,0.0736757593851513
G712,0.6024804093059937,-0.07368781508324618
G4588,0.6025064722549224,-0.07397555683687976
G3814,0.6025488991251885,-0.07361683605281444
G7621,0.6027162234723615,-0.07500091056364061
G1791,0.6029925870178259,0.0739085463626481
G7672,0.6030401066851474,0.07435660050583197
G3893,0.6032818786473266,0.0735517714393642
G7292,0.6033016594083851,0.07335917230251068
G2941,0.6036102963422691,0.07519243373510874
G187,0.6036595225927379,-0.07381665456334488
G6806,0.603771252380318,-0.07363671122995799
G7660,0.6043077720864138,-0.07335415284834304
G2062,0.6046306781091647,-0.07320978677049725
G2057,0.6047555898107808,-0.07369852327714056
G961,0.6052811285023741,-0.0728238638955166
G595,0.6054442062858671,-0.07357945614618415
G6458,0.6056483322290991,0.07338103175870357
G750,0.6057592640647728,0.07379538386138934
G1413,0.6061071852570715,0.07340815202593699
G6195,0.6063555407992653,0.07329818557450449
G5832,0.6064859595040022,-0.0738754827147626
G5584,0.6064864222234595,-0.07330350196041395
G7104,0.6065235916117775,-0.07304837052898361
G1190,0.6066729564411797,-0.07233469249809323
G1781,0.6067831720255011,-0.07417078291022583
G6127,0.606791644648343,0.07347643995818534
G4380,0.6069845151586473,-0.0726385626295985
G5262,0.6071841832556872,-0.07341185827146038
G1615,0.6074257125366728,0.07299426318071048
G5123,0.6074807221708285,0.07318283018259689
G6693,0.6075097256209328,0.0738525345364579
G6815,0.6078127126147173,-0.07397015373880084
G260,0.6078382894205219,0.07347741169171496
G7269,0.6078793349534162,-0.07276856486618745
G6524,0.6079908404704777,-0.07261238434745027
G2076,0.6083626404637709,0.07213732906797465
G6059,0.6083971441396785,0.07206588280529352
G5766,0.6084204458026509,0.0724666324887835
G3298,0.6085124268828521,0.0729132012749379
G6431,0.6087077585408582,-0.07331485080556979
G5406,0.608826498642127,-0.07312405955709722
G7145,0.6089311416120643,-0.0724141166791279
G3761,0.6093188047894905,0.07242393250130028
G2413,0.6093462195184485,-0.07261257209131755
G1299,0.609475311241605,0.07302191496087607
G3404,0.609914156182483,-0.07285086986143775
G4648,0.6100113237405066,0.07255075836889122
G4557,0.6101893626410149,-0.07168987139804806
G6296,0.6105946615045497,0.07254987668888521
G421,0.6107859307063294,0.07229577583099703
G6033,0.6109042940661997,-0.07180723136109644
G976,0.6109542884874962,0.07216810971466224
G7458,0.6110037423422614,0.07199258042708548
G7671,0.6110059438091202,0.07183956387598711
G4202,0.611016075073791,0.07187329070943249
G4627,0.6110383092723946,-0.07242389385295277
G5850,0.6110604145509895,-0.0724578549117473
G6907,0.6110996756044464,0.07252834047623663
G2003,0.6111285019069889,0.07163714293340934
G5856,0.6111316756302327,-0.07179616698662225
G5395,0.611148302231753,0.07282542012575022
G1118,0.611160909670377,0.07152096617185177
G5884,0.6112589088305074,-0.07242067042439321
G4163,0.6113288918930793,-0.07202708479713904
G5007,0.61137070720461,0.07184586483769236
G1021,0.6115442838045362,-0.07200005065043
G6560,0.6117271878266088,-0.07195793115744858
G7747,0.61182695839268,0.07230102397552628
G2129,0.6121556169735501,0.07208104408578656
G194,0.6121733730893901,-0.07240116953338624
G423,0.6122527444964547,-0.07285086373609462
G2262,0.6125607693128272,-0.07217485545652352
G2965,0.6127904257350171,0.07231603812746301
G1063,0.6128493460793771,-0.07133174899042635
G4098,0.6130421994875235,-0.07230656072120556
G7496,0.6132932755012472,-0.07105157167271337
G4898,0.6134761853264905,0.07209304922903949
G3263,0.6136360393704261,-0.07192820088961469
G6678,0.6138829472464389,0.07241281522970143
G6784,0.6140022950468051,-0.07152495409202747
G691,0.614099750878613,0.07178528907712671
G4713,0.6141147278543867,-0.07182211222430761
G7593,0.6141241403516948,0.0723181323663657
G6269,0.6141398362932882,0.07186463682901376
G1008,0.6144515180109333,0.0715523613708951
G4663,0.6147001009527504,0.07172787659574792
G7245,0.614724350663169,-0.07230877314297904
G1052,0.6147257450921848,0.07124968964354725
G6571,0.6147290964933638,0.07108419640171812
G4745,0.6148057261844178,0.07220887945878057
G1696,0.6149189325104563,0.07160818319570242
G4062,0.6151665397458355,0.07098326410185332
G3507,0.6151783117269728,-0.07104713229835069
G6685,0.6152131073102235,-0.07186182093015553
G3482,0.6152158231946417,0.07136288664090443
G3664,0.6153381495676286,-0.0715542607442269
G4240,0.6154452811750903,0.07133596035018688
G7124,0.6154809688419736,0.0712404254825065
G4165,0.6154915954474436,-0.07118382124796238
G2547,0.6164087135341603,-0.071348225631421
G5312,0.6165227307019665,-0.0709660665816337
G3820,0.6168643974692781,0.07098019888586336
G7141,0.6171961889598405,-0.07150497553359168
G2117,0.6172507476209305,0.07106278065372952
G1224,0.6173191354371241,-0.07092283609772058
G3347,0.6177426061568615,0.07147326574621143
G7264,0.6177630238341365,0.07072827414224873
G4047,0.6177899949774304,-0.07090997295808549
G532,0.6179090190224807,-0.07145244027247596
G2891,0.6181355615614825,0.07094383165149355
G1423,0.6182541298103066,0.07117963855690561
G1949,0.6185977349492005,0.07075777816730591
G2317,0.61901261027195,0.0711056243660902
G4054,0.6190443790123519,-0.0708560470725803
G2441,0.6190588999436759,0.0709705061096905
G780,0.6191218758434434,-0.07078333800255257
G369,0.6192289175220924,0.07080798298196299
G2138,0.6193717495730622,0.07008568747215502
G4297,0.6194437433777731,-0.07022598255287607
G3245,0.6194638762568625,0.07037103089351629
G2757,0.6194985170049465,0.07122868779538918
G7721,0.619529544524765,0.07076736642413178
G3678,0.6195605421688806,0.07056300437885324
G7834,0.6196268548402543,0.07088108525946532
G6089,0.6197529736967208,-0.07083380400517299
G3424,0.6199157581095963,0.07048238283292013
G2650,0.6199498436305653,-0.07099037642627493
G1272,0.6207798297130477,0.07031020927998673
G5285,0.6208899958417164,0.06933475012544327
G5768,0.6209163436577376,-0.07009013006781795
G1721,0.6209745267535012,0.07065845514993238
G3846,0.6211102427039534,-0.06998151735521352
G177,0.6213636926813422,0.06973190239668409
G3987,0.621406199528576,0.07093461762076264
G5945,0.6214668483946449,-0.07024761412910388
G2622,0.6216804843547128,0.070036528006434
G4310,0.6216897074283634,0.06985714100795586
G2717,0.6217151326725963,-0.06993130492769971
G6709,0.6219451818213096,-0.07043030084246724
G4358,0.6222279855032496,-0.07055807809861997
G4606,0.6222490953032862,-0.0704594618250428
G352,0.622362336136905,-0.07078468633435522
G5985,0.6226610532876822,0.07013265352849071
G5763,0.6227048367837817,-0.0696353886514858
G7125,0.622755159672098,-0.06989213967777066
G5350,0.6228091244326456,0.070246693589664
G3382,0.6228610923744796,-0.07044251964632621
G388,0.6232199273727019,0.07001019021705554
G1024,0.623455372305965,-0.06978727234516455
G4602,0.6235370076760814,-0.06969810808356468
G5879,0.6236521168062912,-0.06953793362287251
G6107,0.6239203536552463,0.06991077301395711
G2465,0.6241173885185133,-0.0694899907812342
G4676,0.6241900336326935,-0.06976323970092332
G3580,0.6244051535780455,0.07028398518000922
G2001,0.6245568499419252,0.06928016487785715
G2900,0.6247910302672535,0.06920855626053754
G4616,0.6249942013203251,0.0689392942193274
G3594,0.6251633720226502,-0.06963478167640405
G2931,0.625331811066578,0.0693001371993583
G805,0.625338900064987,-0.07018657133917229
G6313,0.6253827599598316,0.06949398961069725
G3365,0.6253902450565696,-0.06946690532044177
G6246,0.6254507356231729,0.06958112237929896
G6039,0.6255683435026314,-0.06896800778444456
G1514,0.6255838060661911,0.06921601111513731
G3529,0.625594122357849,-0.06931887684203172
G258,0.6258374570173588,0.06955992652556703
G1032,0.6259445344163468,0.06947728829889771
G1045,0.6261219784884253,-0.06919520366575743
G2975,0.626277009525238,-0.06950764540019416
G5583,0.6262951493300202,-0.0686531292671913
G2801,0.6263150078815916,0.06998087304840167
G6408,0.6264248860761319,0.06926127380768224
G6187,0.6264261391289421,-0.0689569761591165
G7041,0.6266303345923488,0.06904515080095519
G7134,0.6267858557438128,0.06865990398398683
G6141,0.6268218515053161,0.06887242239677958
G6823,0.6268458072838339,0.06850662269870475
G7253,0.6268828198639023,0.06886971967921487
G1754,0.6269141278323552,0.06878393119708467
G1739,0.6269929409070435,-0.06984965920339725
G4712,0.6270049228674665,0.06910871338938256
G4330,0.6273502527756619,0.06874682706083984
G2044,0.6274743568865946,0.06880325343218485
G102,0.6275098280749773,0.06914643348742096
G1919,0.627637615663124,0.0686788705757444
G6143,0.6279156436640161,-0.06894817420045515
G1411,0.6281563282561318,0.06888290237457514
G1759,0.6282198672180945,0.0690612074601959
G6155,0.6282910622084612,0.0689657572495451
G2196,0.6284355573189859,0.06836799384017193
G3207,0.6285888986376086,-0.06901470212092914
G3697,0.6286058685121452,0.06859411950922491
G7137,0.6289970497047671,-0.06870619923506327
G7244,0.629077774821343,0.06900238671287467
G6924,0.6291683734521445,0.06892232092182521
G2989,0.629185875391141,-0.06818824395944001
G323,0.6293102257391832,0.06840732551149918
G4501,0.6293316136662241,-0.06813536490361949
G6510,0.6294154024002596,0.06885755048122552
G4834,0.6294479623149292,0.06815313075801546
G3668,0.6294531502054829,-0.06925837391181275
G5497,0.6294825036087646,0.06876231479330235
G5728,0.629527909561731,-0.06933895257418866
G4157,0.629747779936882,-0.06849513291379816
G985,0.6300331914337556,-0.06812980574428851
G5666,0.6302070189169349,-0.06762090784694708
G5683,0.6302235524933066,-0.06838551191051256
G1201,0.6303332411979456,-0.06774064134684031
G6945,0.6304593515457637,0.06804087063491875
G5011,0.6307821738555033,-0.06739318200890335
G5767,0.630836363892114,0.06822353049124436
G4714,0.6308653712480237,0.06825532304245084
G6616,0.6309500734557081,0.06886600488503454
G7968,0.631001637688001,-0.0688911157803031
G6603,0.6311896615909316,-0.06845248687420008
G1289,0.631351180199156,-0.06847668272813225
G3067,0.6314294919063224,-0.06800302100806885
G2144,0.6314714847543672,-0.06777829162074488
G5194,0.6316140392583892,0.06840910527114694
G2488,0.6316214175719981,0.0681348903688514
G292,0.6316571395416797,-0.06808488535687157
G2434,0.6316945160352098,-0.06793589077025208
G7154,0.6319534166502496,0.06792947137124423
G590,0.6319757777207067,0.06781280846950125
G1705,0.6322794222431241,0.06862373544443885
G5645,0.6323063586310833,0.06779498863593778
G5031,0.6323250479714132,-0.06761395199878706
G4178,0.6324804566277298,-0.06788975290814003
G7078,0.6325228201583095,0.06791493208415458
G5,0.6325939890124701,-0.06817162638140604
G3026,0.6328640392857932,0.06816703614554506
G433,0.6329865742599552,0.06781232339672019
G5552,0.6334316743129893,-0.06778223221881886
G7049,0.6336075611532077,0.06761471247744691
G3966,0.6336082793832813,-0.06786949968783254
G1890,0.6336540178002203,-0.06849145224666471
G6888,0.6337375997243319,-0.06783304875627652
G7980,0.6337936321851398,0.0685347602106839
G694,0.6338840802202923,0.06767638140278887
G7618,0.6340882631107672,0.06769648752305404
G2584,0.6342918096312624,-0.06700770984352988
G439,0.6343223573126168,-0.0681922833027762
G4420,0.6344508603461183,-0.06765266681581114
G5341,0.6345478551164092,0.06722128288288298
G305,0.634908762480925,0.0678831700118239
G7252,0.6350145634817932,0.06720022870759121
G2449,0.635438118705876,0.06701771461506792
G2552,0.6357231064984117,0.06783065802675364
G6995,0.6358530217163147,-0.06719894668140267
G4411,0.6359010199472119,0.06772049584037207
G4731,0.6360252202201485,0.06763953423791459
G5688,0.6363463057866533,-0.06775083613506006
G7603,0.636409165294956,-0.06779330056464455
G5720,0.6366207859081843,-0.06682007704312729
G2127,0.6366515945283506,-0.0669265973335833
G1303,0.6366747031604096,0.06721692242932359
G3122,0.6372096189363223,-0.06634310328755358
G7790,0.6374475735862759,-0.06694472208421062
G1251,0.6374754876438014,0.06677570604442196
G3810,0.6376688093338867,-0.06780960684832577
G6220,0.6376866475782115,-0.06723253077987576
G2802,0.6377254389613041,0.06661776218955037
G1437,0.6377615759403823,-0.06748005862816758
G5814,0.6377944922617946,-0.06666882001904456
G2414,0.6378201711418506,0.06707612235505908
G3579,0.6378601030948288,0.06730406859605165
G4072,0.637970091625095,-0.06657480906363505
G5973,0.6383206089247231,0.0669365133950201
G4408,0.6383817026192384,-0.06660870909426439
G1029,0.6383892293597682,0.06652058450531116
G4084,0.6385075190334613,0.06659281198791538
G6554,0.6385759769857513,-0.06690104876269533
G6158,0.6388714729854306,-0.06725441960509368
G215,0.6389359727737791,-0.06670236808351597
G850,0.6389978566860295,-0.06638826880607766
G898,0.6390455069720522,0.06749211506513567
G3084,0.6391261581888366,-0.06668581280122426
G770,0.6392115030318659,0.06684930169671151
G7928,0.6396761300365259,0.06620627071117222
G4944,0.6397881468640394,0.06716211787446888
G6486,0.6398542068698514,-0.06661272631551332
G4917,0.6400249302774188,0.06674816262095434
G7873,0.6400397389684744,-0.06601364231155088
G7786,0.6400572102131247,0.06710309844983424
G6539,0.6402155322755592,0.06569516354038682
G3983,0.6402480889885046,0.06615202371759185
G4333,0.6403559632294964,-0.06595074794657335
G426,0.6403839743987405,0.06648418524631514
G7754,0.6405001738752378,-0.06624557315665648
G5548,0.640516722058081,0.06606690419189178
G1156,0.6407821968708878,0.06645176860253971
G3909,0.6408380437834893,0.06640067797706245
G854,0.6417281625673088,-0.06608720476376387
G1578,0.641747642982925,-0.06575135324873857
G3481,0.6417517340180723,0.06586704478993599
G4345,0.6419671856955746,0.06573056657079254
G2862,0.6420986255758762,0.06545547792302972
G2361,0.642107220529166,-0.06554130932789826
G7665,0.6422118418772884,0.0662681979188653
G607,0.6422652636597941,-0.06652230520408878
G3144,0.6422947237235255,-0.06647219418219197
G3691,0.6423192847833008,0.06673687916056134
G6821,0.6423253721993871,-0.06600136665655781
G1814,0.642391306860456,-0.06641688270626134
G2873,0.6424777733276013,0.06644832591145708
G4947,0.6425855911776367,0.06579693133442234
G6032,0.6426957036576492,0.06547331674343063
G2806,0.6427516025395722,0.06628780539900603
G7114,0.643096831615264,0.06639452538740398
G366,0.6433198114962084,0.06571438355118966
G2307,0.6437089570115835,0.06593644169483603
G3238,0.6438376426629946,0.06612461562260552
G7045,0.6438696619525706,-0.06561139991384954
G3436,0.6439438632151202,0.06596085183534856
G2890,0.6440750594965603,0.06611017601936786
G5091,0.6443436325369707,0.06576497166168221
G6334,0.6445845278824218,0.06519472935017226
G827,0.6445909770841751,0.06624215394016292
G5829,0.6447185256378047,0.06459110177307834
G520,0.6447185466451157,0.06595321816465977
G5934,0.6447326083102947,0.06603410416553195
G4573,0.6451694403434196,0.06494373872173471
G5510,0.6455366856081991,-0.06471817465270316
G7257,0.64602812216764,0.06438759501671404
G5772,0.6461347300279519,-0.06533682880241448
G5392,0.6462429307241134,-0.06489404822658938
G737,0.6462507824024994,0.06470250890762193
G526,0.646282072720124,0.06491234903553486
G1403,0.6462825237362068,-0.06473367737688002
G7212,0.6462878293354561,-0.06527667105311419
G7268,0.6463052094466402,0.06548775974585952
G1620,0.6463879438005435,0.06502421525672863
G3623,0.6465636010439869,-0.0654264040831053
G3898,0.6466207948149321,-0.06544632411494439
G4985,0.6466828547649235,0.065009075954156
G3176,0.646807719454858,-0.06474224643878196
G7898,0.6468246233735079,-0.06489367759756488
G5170,0.6470607004462842,-0.06513514426800911
G6996,0.6471869253265856,-0.06479316348715895
G3361,0.6475157427961266,-0.06529993755210514
G5852,0.6477276486030208,-0.06461283763447646
G6498,0.6480776774350041,0.06519129012072057
G2306,0.6482086562556193,0.06444566140005815
G5853,0.6482696303529689,0.0652173590942968
G1710,0.6484196051438966,0.06461068908640773
G734,0.6484347897190438,-0.0647037603506872
G101,0.6484348068028849,-0.06504810459386848
G5141,0.6484870662752211,0.06468141145278763
G2049,0.6485246030147769,-0.0648493157398804
G544,0.6486812633726822,0.0650743026751065
G7908,0.6487444761422823,-0.06473677910867677
G3204,0.6489502560429097,0.06474949056068441
G3243,0.6490208807771422,-0.06503836729855444
G7586,0.6492665351166016,0.06473092788022267
G7783,0.6493223865818911,-0.06501657627640582
G4519,0.649394445320971,-0.06473609393852939
G7153,0.6494674865020396,0.0646523416766287
G1270,0.6495446959517703,0.06512647352686861
G3210,0.6495647269233207,0.06400685006045917
G1704,0.6495810309084307,-0.06410637177158719
G2994,0.6496008049897618,0.06435201416606975
G7146,0.6497614915034633,0.06459778335503133
G7545,0.649862898062701,-0.06465577078440578
G6804,0.6500420611751905,-0.06476897735550731
G5810,0.6502226817410021,-0.06440681656046611
G6519,0.6502238561419467,0.06414761621074674
G7218,0.6506529134947494,0.06389342522608299
G28,0.6506714511408236,-0.06451158542992641
G428,0.6509024541166695,-0.06444828729423209
G2260,0.6509522119484914,-0.06447839926823634
G1565,0.650977763894159,-0.06446692703763443
G105,0.6511073473523492,-0.06451607234712284
G6326,0.6512009182574117,0.06395353085937308
G7589,0.6512133225087375,-0.0638422965640624
G3999,0.6516022573982225,0.06473137539916143
G1910,0.6517036475977158,0.06335634745057996
G7442,0.6517384537260722,-0.06359633716141531
G5030,0.6519030463564761,-0.06385160154158002
G1580,0.6519798434890289,-0.06379960378798438
G7,0.6520557161112291,-0.06428096858449486
G6410,0.6522160120629155,0.06435903911367215
G2523,0.6523376199031512,0.06436455244884356
G811,0.6523437528217476,0.0638472027346201
G3140,0.6524517656617175,-0.0634230645562896
G4353,0.6526066677887811,-0.06435869119890171
G3743,0.6527950085627263,0.06374287091801883
G6640,0.6530541915398795,-0.06335791484510168
G382,0.6534740629492077,0.06374411153757677
G3043,0.6535306802959157,-0.06405325432997921
G230,0.6536302209685261,0.0637428490089299
G3614,0.6536627435612109,0.0637176585423361
G5625,0.6536765984830479,-0.0640979356871247
G1334,0.653851349162573,0.06370562677682154
G1933,0.6538676556321568,0.06412580629907301
G7391,0.6539764151104435,-0.06385855624300761
G2551,0.6539994033613845,-0.06373657055660056
G7171,0.6542251357402334,0.0627738251694514
G660,0.6542943019907037,0.06347102059311438
G2316,0.654363329211469,-0.06351029663455729
G4863,0.6545261031253722,0.06358658219462407
G3941,0.6546390767513164,0.0634619952967943
G7424,0.654752548130091,-0.06354842929153975
G5723,0.6551102493716865,-0.06356907671170536
G110,0.6552842822020051,0.06386835331327476
G6461,0.6558067073650812,0.06360283132805183
G2680,0.6558270844402021,-0.062832726624631
G721,0.6558279086456649,-0.06336202096624045
G2101,0.6558405792536421,0.06321020642741138
G343,0.655879697420096,-0.0632630123449201
G4592,0.656044982459913,0.06396798233831921
G6447,0.6560460456920375,0.0633424977546443
G461,0.6560650236513033,0.0635017514494116
G3563,0.6562266741773375,-0.06302609234611972
G3535,0.6564856534785556,-0.06361578809268571
G2934,0.6568900673725957,-0.06331706781818361
G2456,0.6569583435731652,0.06348082343790583
G2992,0.657077996603781,-0.06310740772484415
G4658,0.6570983430844308,0.06260059989293591
G2778,0.6571436269959493,0.0627589166211445
G1370,0.6571665287354266,0.06272164327137744
G1887,0.6573469421211444,-0.0630563171332407
G6914,0.6573955812855443,-0.06306065638472022
G6358,0.6576513166133675,-0.062438136076983675
G7623,0.6577520045037533,0.06302683293123514
G2285,0.6577931801088944,0.06296695603191979
G7536,0.6577957286910104,0.06360443094165982
G7337,0.6578550022106167,-0.06288080177365991
G4789,0.6582057730792096,0.06295815815117708
G7886,0.6582659739308865,0.06215372020580415
G6473,0.6582793258667156,0.06280275346944648
G7216,0.6584928740161884,-0.06310636680091347
G1205,0.6586108974731333,-0.06300680775165798
G1950,0.6586278022426246,0.06242458723004557
G3709,0.6588817862509511,-0.06302489749196719
G3590,0.658992810192339,0.06339707879696518
G2017,0.6590793461503816,-0.06331472128902176
G2956,0.6591066067423015,-0.06316546690071954
G2593,0.6592445675298496,-0.06273617762366461
G4708,0.6593888316722527,0.06285624914514143
G3355,0.6594909317315036,0.06281299459463024
G4023,0.6594957501638745,0.06261774485306798
G2208,0.6597065562572856,-0.06267749257433272
G7689,0.6598797426945797,-0.06244307485309816
G2011,0.6599927442091136,-0.06283384421232485
G7553,0.6606150196241797,-0.062273676809039474
G7074,0.6611185100880186,-0.06207235395535188
G5303,0.6611699848935686,0.062128756267548824
G390,0.6612338742926579,0.06155814538686194
G3607,0.6612935377138269,0.06285948818199799
G7921,0.661322005582712,-0.062293894375081614
G6536,0.6613334944797944,-0.06246702634471349
G2140,0.6614077589094187,-0.062049709183197785
G4210,0.661830266345917,0.061550085515148956
G2052,0.6618585938987362,0.06251155721278834
G6441,0.6622146188699343,0.0628122336648402
G7870,0.6622996647939734,-0.06251060819266305
G4123,0.6623187380151667,0.06191691041247927
G3891,0.6624751023744367,-0.061374978861411904
G2495,0.6626703362353572,0.06228976967910434
G6268,0.6627775302189323,-0.061884138709065006
G3542,0.6628554712322907,-0.06206647586490898
G3269,0.6630379431187554,-0.06188268210542608
G5986,0.6637531610438243,-0.06216916265283125
G975,0.6638194444114655,0.06216342292180073
G4613,0.6638307412587241,0.06187676065842635
G1501,0.6638774778796891,-0.06273919961721378
G5868,0.6638782661158613,-0.06179033922713288
G281,0.6639462855259064,0.061486522594242074
G1051,0.6640381676134193,0.06146633998607297
G5070,0.6641948012694144,0.06245335684581487
G1397,0.6642268858679494,-0.06159688441565588
G3350,0.6645201123361733,0.061386444295614774
G2642,0.6647332045878953,-0.06209904420112749
G1562,0.664901288751371,0.06215691931783213
G2588,0.6650732849682797,-0.06157176974618171
G5390,0.6657467014523624,0.061119202335518916
G856,0.6658450826086086,0.06109218642712547
G1457,0.6659818753029192,0.061486753080247786
G7081,0.6660286999116072,-0.060432173718752064
G2490,0.6660408069243299,-0.06107660236094717
G2033,0.6661112944704966,-0.06132763164346462
G606,0.6661626336331254,0.061556130884795224
G1885,0.6662513601510088,0.06130111702185508
G5514,0.6663404760079998,0.06117011193918398
G615,0.6663569849288368,-0.06106841275306289
G6069,0.6665767606592585,-0.06158821243986811
G7571,0.666683821317686,0.060423025830400434
G5237,0.6668869872059837,-0.06130201251366893
G7585,0.6670217541468653,-0.06186457966824425
G7560,0.6672429140756396,-0.060884502582357954
G3502,0.667269289085274,-0.060531034192570034
G6186,0.6674098840725906,-0.061113581834239095
G6290,0.667430999860739,0.06170823480167083
G3937,0.6674863884478442,-0.06122537521355283
G7798,0.6676029499546325,0.061098933882433995
G5948,0.6679915455361729,0.06073332321528477
G1433,0.6680787103452868,-0.0613406532387306
G3720,0.6681080559245286,0.06091970331052606
G52,0.6682574732007092,0.06051336370181337
G656,0.6686194014107709,0.0610986993325974
G5600,0.6687161522781222,0.06068503520638495
G5327,0.6687969006650628,-0.061044456056911486
G4872,0.6693949625863062,0.061023056173518164
G865,0.66953977099248,0.06117961518050538
G5080,0.6696505002326572,-0.060763259865244085
G524,0.6696678728763661,0.06115229153186612
G3927,0.6696924103571891,-0.060136359829599986
G6298,0.6699406199428468,0.060664203017258174
G6579,0.6700122668875739,-0.06017862972418664
G63,0.6700179783994373,-0.060339974922832426
G1590,0.6703836192255717,0.05996276172820478
G6100,0.6707131257028613,0.06056956054710233
G5092,0.6709105985357909,0.059454583773764835
G4781,0.6710343503786096,0.06001071330200544
G7887,0.6710961741576693,-0.06012935161166065
G3149,0.6711292906227286,0.060629907565248234
G1907,0.6711422089889219,0.060630724180514996
G996,0.6712066439207436,-0.06050177153926621
G3126,0.6713807584754923,-0.05990142166577528
G6015,0.6713830976537845,0.06052529581916949
G1762,0.6714338942100102,0.05967907497392845
G2828,0.6715641689226047,-0.0604336392763574
G1603,0.6715718065674632,0.06000312855841071
G6338,0.6716736478961671,-0.05999110793366471
G3327,0.671721685556635,-0.06053981066023495
G7738,0.6720187687904683,0.06084364941392663
G50,0.6724322606123904,-0.05981926044897473
G6286,0.6725619826091479,-0.06031633001863557
G6943,0.6725822093582745,0.06017707110219402
G6511,0.6726806235812013,0.05991655919715133
G7670,0.6726923662671036,0.059477086942863605
G2792,0.6728031149849252,0.05973576748994726
G4565,0.672935939590092,-0.06025579019744253
G2373,0.6730092509871077,0.06017833743747791
G7197,0.6731338226939572,0.05937739893145057
G4285,0.6733699251187164,-0.05929836992846733
G3124,0.6735611315216847,-0.06026568466016592
G6134,0.673625190234834,0.06033907914306794
G3470,0.6737943580672381,0.0600370288840849
G1376,0.6738997937802453,-0.059757785626913765
G4709,0.674021383358982,0.059764844639345394
G5992,0.6740420444048084,0.05968384603592157
G3729,0.6740969645839874,-0.059627372551717905
G3658,0.6741267449594316,0.05964814196591815
G4268,0.6741556967336519,0.059048297108590775
G1328,0.6743518420577814,0.059354991293420464
G7510,0.6744570133002497,-0.05912881227886796
G5411,0.6750503829235689,0.05975754358763674
G7751,0.6756640806418746,0.05928831256578081
G2108,0.6757406464886204,-0.059353536137667987
G7090,0.675755030792845,0.0594878135034853
G2654,0.6763743553027763,0.05977188910000018
G6086,0.6765309230371459,0.059158911060884445
G154,0.6766394726996805,0.058615273734731035
G4488,0.6766673843228942,-0.05914807147044329
G609,0.6767793297193485,0.0598134943404807
G504,0.6769407808322314,0.05958169713246958
G5634,0.676964815383438,0.05894239151502316
G476,0.6772927558727149,0.058621264382997966
G47,0.6772948898212712,0.05926894407893858
G30,0.6773198024911714,0.059440571881093994
G3305,0.6773583157618189,0.05898405180933482
G5824,0.6775439368649155,0.05914317448835106
G2398,0.6775485065462576,-0.05920249585855315
G3610,0.6775853383744984,-0.05936263355470224
G3734,0.6776756098951541,-0.05920268636975304
G2705,0.677720675458374,0.059099927054264104
G2901,0.6778026244593923,0.0591436227820199
G1119,0.6780360757315853,0.05917504603029103
G3634,0.6780687878178105,0.05890423410081032
G896,0.6781273515566482,0.059173730700330836
G2775,0.6782941557640458,0.058633502903858256
G5981,0.6783008236198733,-0.05911801244761208
G1199,0.6784433703712743,-0.05843819312237179
G6852,0.6784891820940919,-0.05863856586928795
G3684,0.6785085879033139,-0.059366062141644915
G7925,0.6785826129476722,0.05888352834697859
G6436,0.6786290970977245,-0.058862139797097424
G2784,0.6786404477073903,-0.058648246717223726
G4305,0.6788296760980932,0.05864360632030917
G2886,0.678984816024506,0.05867394736067361
G6673,0.67911146801748,-0.05909550169565201
G5860,0.6792480016337301,0.05890108286626147
G1302,0.6792705319704351,0.05836787464872646
G3329,0.679348986962974,-0.058277605271043184
G5322,0.6793659230590785,-0.0589549226486859
G6142,0.6793736557109964,0.058462140455394745
G2531,0.6795077643366723,-0.058706149775794844
G1091,0.6798546231275973,-0.05871536851710252
G7851,0.6798612965655348,-0.05950349932625846
G2403,0.6799971236740059,-0.058846048196801594
G2265,0.6800466364480273,-0.05832333610964996
G5668,0.6801211863748802,0.05856486745607535
G7316,0.680179518777871,-0.05866830951834958
G6212,0.6805338794724017,0.059398261281911904
G6251,0.6805579865426812,-0.05867252884464922
G4220,0.6808195839331983,-0.05858420757761029
G3168,0.6809604397901037,-0.05875910834066256
G4236,0.6812092010399298,-0.058261963585865814
G4388,0.6814819901265554,-0.058312345715990345
G2881,0.6816554793431993,0.057663777774228014
G6439,0.6818214120465116,0.058591223469404624
G748,0.6818302745395565,0.058159312717947984
G1148,0.6824988293431532,0.05851298328358602
G5778,0.6828847614308835,0.0583520001125344
G5202,0.6829339778124118,0.05772104207748018
G3232,0.6830990973626239,-0.05798165249077956
G4112,0.6831868514033694,-0.05819063971565275
G1777,0.6831960805198989,-0.05732775158176779
G7558,0.6833346243852501,0.05808752675597234
G7378,0.6838113427547803,0.05776483157369751
G4343,0.6838337178393128,-0.05794970816118187
G4525,0.6838971379603314,-0.05837348944542429
G771,0.6840102031757034,0.05797951821496545
G45,0.6840633746442502,-0.05756249800748726
G5463,0.6843067112073287,-0.058601013053825216
G5549,0.6845184787274396,0.05825940479988272
G4384,0.6845224429701384,0.058289828998981025
G597,0.6845402752426243,-0.05783227784940206
G7353,0.684619488768287,-0.057894749702992146
G6237,0.6848534585246239,-0.05775313524965246
G6062,0.6848782074912205,-0.057174392932152096
G3837,0.6849090297566935,0.057361657018926385
G2944,0.6850540979945123,-0.057911714866737116
G760,0.6854032717937237,0.05708332093584274
G7221,0.685567576338558,-0.05812055809214309
G2369,0.6856287543789448,-0.05798804745703037
G4838,0.6856769648405799,0.05766836455376864
G3778,0.6858517613791284,0.05751158025942124
G753,0.6860665929465463,0.057165921993240984
G3896,0.6860990176481573,-0.057817576890457405
G3547,0.686149153530282,-0.05775409828300652
G4198,0.6863928792402442,0.057659255806846596
G4869,0.6869335252102242,-0.057623080311376904
G7831,0.6871946164072276,-0.05736997109462873
G3990,0.6873174669369426,-0.05758372654293126
G7405,0.6877678831868873,-0.057457691011081294
G4819,0.6879053527388137,-0.057236680879708554
G2661,0.6880809101365148,0.05717822193659915
G3842,0.6881125716566452,0.057316924835159815
G2289,0.6883657739698115,-0.05676895636830624
G250,0.688377838734278,0.0573730608051637
G3672,0.6883888011899013,0.05685459265670202
G4693,0.6884877722743752,0.05725988460663241
G756,0.6887054142832524,0.057124928261327645
G7283,0.6888669886535593,-0.056861922682805724
G3325,0.6888853571042082,-0.057239797384898865
G7952,0.6889447465994458,-0.056838387395914305
G7579,0.6889932713165132,-0.0564252218607176
G7615,0.6892644945111133,-0.05681505547882501
G713,0.6893931065429728,-0.05642734835041762
G4760,0.6896150992913909,0.05685936110333975
G1189,0.6896638400673506,0.056313032012623054
G6279,0.689697318399078,-0.05673377123474782
G7616,0.6897770199379394,-0.05680634897317829
G5825,0.6898464369569951,0.05706419501777213
G4876,0.6899261639375451,0.057026841999034475
G3289,0.689928363001735,0.05630042528414038
G3469,0.6900372651538186,-0.05673418514188153
G6639,0.6901274871941068,0.056718677623630476
G3874,0.6901527542387564,-0.05626949060746265
G6687,0.6902715985559398,0.05696058507670017
G3444,0.6907013800544375,0.056296798797987824
G7380,0.6907068100276003,-0.05641573869033061
G7762,0.6907378931593653,-0.05697341344253747
G1840,0.690764632329727,0.056913464764083106
G4022,0.6908071867802688,0.05689228831671157
G7001,0.6908183705052023,0.05652059445797478
G7186,0.6908846312707381,-0.05672991617915753
G130,0.6908905698719887,0.0568274996156756
G6805,0.6912667630230813,0.05604422976065534
G1980,0.6913008228576274,0.056575216934891606
G4526,0.6914210920934826,-0.056010552988058
G4487,0.6915624651349714,-0.056286075326880014
G3531,0.6916906841938807,0.05674863500742808
G7736,0.6917076189714728,0.05585632920231022
G2883,0.6917367310307393,0.056195814153906606
G5473,0.6917841627802351,-0.055705437746285086
G7563,0.6918288273702236,-0.0568278737276514
G4539,0.6919945942104228,-0.05593914320591522
G3693,0.6920304809045004,0.056675446663746076
G3805,0.6921162126443985,0.056465926116905554
G6434,0.6921343853217715,0.056277240723467695
G4400,0.6922634454904507,0.056594421041060994
G1429,0.6923622797825704,-0.05593633913743304
G2529,0.6923831219969092,-0.05633043596048104
G5915,0.6924526238375159,-0.05637407929500077
G7138,0.692460593742705,-0.05626912625023063
G6551,0.6924716126980598,0.05639728537596235
G7566,0.69247519683198,-0.05632120712223831
G5669,0.6925526790130563,0.05650089888783631
G3423,0.6928141451805632,-0.05648606517513635
G6480,0.6929636168919981,0.05566410791650407
G4257,0.6930816736982686,0.056420305498999054
G3766,0.6931498698814891,-0.056364159698910454
G864,0.6932532973159123,0.05595085697401056
G6052,0.6932606577911105,0.055934271688422424
G2731,0.6932862863107995,0.056487352277510026
G2481,0.6933360384046405,-0.055964809827990514
G4962,0.6934724030167247,-0.05634725171391687
G5503,0.6935468358174521,-0.05640422340389592
G2673,0.6938603723371807,-0.055780166271157616
G1151,0.6939120557196023,0.05609957278614634
G1017,0.6939523912497739,0.05637556885814542
G4964,0.6939851197750865,-0.05501336293188154
G4902,0.6942227033016677,0.056319337707374045
G3963,0.6942441220446315,0.05554192122209112
G446,0.6943640148039539,-0.05592058476366567
G3853,0.6943641487799308,-0.05615136237127988
G679,0.6944486206642275,-0.05617918677075521
G6779,0.6947285806041859,0.05593431991061974
G7859,0.694737288349654,0.05551987538996212
G485,0.694902735431575,0.05566286261902004
G1584,0.6951767701636478,0.05502029040444913
G4229,0.6952935846408903,-0.055514450099212104
G4518,0.6954283378390107,0.055956989439608924
G635,0.6954597362231809,-0.05527271129640858
G593,0.6954906009407378,-0.05540372667511252
G7826,0.6954992852213515,-0.05532521190744365
G190,0.695505121419433,-0.05577614195439215
G4362,0.6955073721425065,0.05517799340350832
G7659,0.695537262331457,0.05614418897130001
G4932,0.6955440210651193,-0.05514638140413804
G4506,0.6955778900579133,-0.05597723208920454
G3493,0.695942499070728,-0.055586682709761595
G1617,0.6960471451184711,-0.055357380445100295
G3448,0.6960860479150079,-0.05578404769665852
G3375,0.6962534251198105,0.055347293479697135
G4860,0.6962557797856302,0.05519138012780987
G2215,0.6962877325763681,-0.05485632340253882
G1633,0.6963787287559835,0.055262889717899555
G6819,0.6964581180662468,-0.054866787740058334
G1373,0.6965109273123937,-0.05495967906849211
G1208,0.6965388455717454,0.055775803652954106
G894,0.6965748069582849,0.055246866979000456
G2708,0.6969858621387688,-0.05611058484754097
G1730,0.6971027640639281,0.05493531018730696
G3413,0.6972001156007428,0.055382116118463595
G5450,0.6975817944657359,0.054876371350684364
G726,0.6976396094898453,-0.05508052577868438
G7355,0.6976737130694439,-0.05471014871085425
G6528,0.697940347230875,-0.055598548375149354
G1703,0.6980177487728696,-0.055541796453196096
G5109,0.6980902236381862,0.055542574300332666
G3728,0.6981336410181901,0.05503001251474364
G3857,0.6981520863818929,0.05559055590029785
G7741,0.6981891308835997,-0.05435356582395909
G3847,0.6982138178982096,-0.055168569486266375
G217,0.6985325696881223,-0.055106704780069474
G5211,0.6986002793778474,-0.0546626488895277
G5902,0.6986114945055037,-0.054628550836760686
G3815,0.6988158664878825,-0.054884694108809896
G7168,0.6992564384684032,0.0557043666462301
G3378,0.6992645897536949,-0.05516074582219918
G5157,0.6992974060249337,0.054932466530286495
G3152,0.6993611210600235,0.054642046736803986
G7342,0.6995003180480718,-0.054869392893939384
G104,0.6997510455678695,-0.05448741050770038
G1594,0.6997526299574921,0.05550606362334071
G3074,0.6999235191521613,0.05496267285108336
G6881,0.6999966393784736,-0.05458474226735366
G7606,0.7002005205137534,-0.05532528014791762
G6171,0.7003419097688073,-0.05470417483252591
G6836,0.7004997583436596,0.05469913537441477
G2409,0.7006094362347247,-0.05495862983947858
G7301,0.7007282615945806,-0.05469151980983869
G4929,0.7007494708124953,0.05474251726210996
G1081,0.7007728834589115,-0.054449731336395045
G5941,0.7008302301288818,0.05436107417321792
G6963,0.7008443074645987,-0.054570397083268773
G2947,0.7008723636706709,0.05425482980188247
G1022,0.7011552638548204,-0.05424087602033549
G7997,0.7011729733862122,-0.05438251855366995
G1058,0.7013046916400926,-0.05508537755748108
G6013,0.701379059621237,-0.05503441912804308
G5977,0.7015105140392487,-0.05469750144466178
G704,0.7015401067364313,0.05386209235929972
G5979,0.7019569651616735,-0.05469397281446534
G1602,0.7019945687781721,-0.054101055207968776
G7115,0.7020574188500708,0.0547000093733364
G4776,0.7022817398133265,-0.054336228488791743
G6348,0.7023189051606462,0.05401505033144463
G6405,0.702323421089657,0.054763410593428125
G4698,0.702435291149458,-0.05419314030984436
G6388,0.7024388328314699,0.054411081878067806
G1992,0.7025248097063164,-0.05414715754723076
G6677,0.7025322490845247,0.05428499732259196
G5796,0.7025754807414788,-0.05451119018408146
G3882,0.702819976640819,-0.05431911330973551
G6723,0.7031454073427443,-0.054152993119333415
G6106,0.7031784337470386,-0.05493480083746657
G1142,0.7032927815470617,-0.05408502850133212
G3315,0.703450078175696,0.05355335981348485
G3753,0.7036843676312179,-0.05382968576864473
G3589,0.7036868319038667,-0.054241044327096186
G1839,0.7037626729635216,0.05434616439903449
G7900,0.7037922540055896,-0.05371927825475309
G970,0.7039128602218989,-0.054459647205281604
G2678,0.7039310557374749,0.05435258495058573
G298,0.703944432799538,-0.05424385092334678
G6766,0.7039870516156769,0.05414498920961
G681,0.7040692544193727,-0.053600682273002645
G7345,0.704396937889934,-0.05384009506991226
G4294,0.7045207374447999,0.053974098623200024
G751,0.7045785571767482,-0.05401176998677684
G7696,0.7046580871807621,0.053627947171938375
G5599,0.7047938026138094,-0.0540250855443383
G3233,0.7049374874759365,0.053983286739815534
G3903,0.7051054079283722,0.05326260561313406
G3330,0.7051940111919526,0.053348178447555
G592,0.7052247436990233,-0.05381368759762116
G6118,0.7056004809574946,0.0537932023968707
G6047,0.7056739664815479,0.05358723704374357
G859,0.7057378466364972,-0.05379204260842878
G6000,0.7057791579841315,-0.05356842102844377
G3209,0.7057869032068536,-0.053465004737595176
G1000,0.7058924684779346,-0.053934151581622125
G4389,0.7059111339750553,-0.0538924930692927
G1293,0.7060507741623665,-0.05390053600917651
G4262,0.7061562088570836,0.05377964757085354
G1680,0.7062481570812558,0.05355894320785803
G1923,0.7067582360515914,0.053543748483897785
G5896,0.7069061095259903,-0.05357706041735752
G5838,0.7069407768671624,0.053389153123603
G2663,0.7070554117971093,-0.053703780681747665
G6309,0.7072824598694228,-0.053609031039102056
G3585,0.7073924765064941,-0.05306143349954348
G7289,0.7074559740943812,0.05329038780303881
G2582,0.7074695429440556,0.05351551094255423
G1767,0.70748460395633,0.05334070827689057
G6372,0.7075204330556046,0.05338112228651529
G757,0.7075235203087243,0.05362270097270069
G2162,0.7076429905610265,0.05289780930798164
G6392,0.7079127065724844,-0.053131768706907785
G1319,0.7082212376647363,-0.05343625107839075
G5747,0.708564023503762,0.053368330372593586
G2743,0.7088379915630897,-0.053383905177619026
G5420,0.7088494424168904,-0.053250976839422974
G0,0.7088716105421142,-0.053547098815885916
G2132,0.708929245256747,-0.053259270011921475
G7705,0.708991185031896,-0.05308397142298914
G2487,0.7091022872631283,-0.0528808990871003
G629,0.7091084823134466,0.052696191532741535
G5623,0.7092537439104465,-0.05305093438384603
G849,0.7093671985244265,0.052901657687407164
G3369,0.7094698571749583,-0.053053530272124186
G6909,0.7094899291699592,-0.053436700386919785
G6568,0.7096934812219178,-0.05379270977573622
G7537,0.7099820443925143,-0.0530147735804597
G5209,0.7102721573214281,-0.0535026648347277
G3128,0.7104431885310614,0.052274186365727414
G1873,0.7105408064298235,0.052801189678441315
G7569,0.7110514327934345,-0.05283253933723173
G3694,0.7110851889121115,-0.052814943514467555
G5422,0.711147816688515,-0.05300916713200036
G4955,0.7113609035656683,-0.05275567513088252
G114,0.7115981613155793,-0.052663402791977246
G5003,0.7118573597126433,-0.05279796969523884
G2933,0.7122792110959844,0.05277160894269339
G6285,0.7123046150582246,-0.05296257441616087
G2782,0.7123512436776029,-0.0527040915375248
G2967,0.7124588115307059,-0.052342080183820174
G1062,0.7125043510202682,-0.05270999632670789
G1066,0.7126858461995936,0.052304334120895954
G5415,0.7127221466590943,0.052779498673380026
G5878,0.7128991084327521,0.05213121402722039
G4176,0.7129254328475656,-0.05230561403258835
G2042,0.712934353785581,-0.05270273035836126
G371,0.7131446141032433,0.05238510314160885
G3657,0.7133545919604632,0.05188908017929961
G7085,0.713428285703392,-0.052522002757246083
G478,0.7134444810484727,0.0521414525684178
G3029,0.7134456433183798,-0.05253321868579168
G2953,0.7134797413255576,0.05209859369915709
G6369,0.7135137607930542,-0.05225030532553865
G3345,0.7135285001841449,0.052321314226071815
G6669,0.7135854357755239,0.052217205044494744
G6793,0.7137258695604543,-0.05228940069600964
G4768,0.7139398862017504,-0.05205174220209989
G2410,0.7140850997208925,-0.05199414853606554
G2387,0.7141261696172371,-0.05153761720933394
G7722,0.7141501734208352,-0.05211318095326663
G523,0.7142520484493138,0.052395050616358484
G3189,0.7144232119962377,0.05167840035862639
G4770,0.714468754625381,0.05198627362706696
G2616,0.7146099990433084,0.05271341663957014
G3104,0.7146798315999892,0.05213660805331541
G2406,0.7149863220611712,-0.052480215392489746
G4161,0.7151692098040694,-0.05168504509518476
G4738,0.7152170316341921,-0.052006136989628915
G319,0.7152926009024727,0.051591882946829204
G4209,0.7154460342626479,-0.05141094867176549
G6168,0.7155296595508429,0.05202262414871421
G1318,0.7157106609762144,0.05184504468684628
G2605,0.7157178151215693,0.05123637027432211
G2738,0.7157195066271149,0.05229517327310657
G7144,0.7157237699803496,0.05156247661796046
G5026,0.7157850251373048,0.051498465797688436
G2438,0.7158988285919974,-0.05199640658607467
G1055,0.7159590767167288,0.051603244816024324
G6121,0.7159724487781463,0.052200848231840964
G3756,0.7160729008208804,0.052087481425857424
G6955,0.7161287054227321,0.05159028054737934
G345,0.7162572834271803,0.05145232530381652
G747,0.7162594915423552,-0.05159561243586826
G1253,0.7163019474418019,-0.052029271965349254
G4428,0.7163369028577897,0.05147823225607773
G6457,0.7164098483629069,0.052074384584710656
G6559,0.7164712302634195,-0.052286557522670106
G5111,0.7166253550656856,0.051174019435646714
G7011,0.7169098485472407,0.05158310624348317
G5455,0.7170191450756936,0.0511317154916089
G2948,0.7170315639699751,-0.05187880684399906
G6375,0.7171518283724498,-0.051238296884276835
G6874,0.7171665932457492,0.05140041389540238
G2221,0.7175919097612165,-0.05083216742739445
G6652,0.7176801348601637,0.05098813754214207
G1503,0.7185830568246387,-0.05130317998952162
G7437,0.7186759465453757,0.0515560688642602
G6817,0.7190117258777649,-0.05093357482381297
G2175,0.7190692823996659,-0.05089326367514586
G1342,0.7192405874734147,0.051554651450521974
G2913,0.7196058461199801,-0.05115029727900883
G5876,0.7196440290859802,-0.0510426872703442
G6662,0.7197110274149552,-0.05119453639031843
G6638,0.719843605980808,-0.05103951972385681
G7189,0.7200584599954647,0.050855188600732834
G7807,0.7201376562162617,0.05106094968454153
G5972,0.7202143853517183,0.05105373624784833
G4896,0.7202549693957133,0.05073188191046072
G7518,0.7205321894948076,-0.0510869906504927
G4376,0.7205380303393791,0.05058932909944573
G6899,0.7205860268359772,0.050974638664107876
G5887,0.7206220978878514,-0.05059093927063421
G3518,0.7206768425838841,-0.05003033273207491
G3353,0.7208128517157195,0.05064073096301062
G1930,0.7209619961615101,0.05040386016320174
G7406,0.7209958017143452,-0.05092344122481157
G4189,0.7210087411981396,0.050456072818167025
G984,0.721164783806274,-0.05084925440129884
G2437,0.7212471698603407,0.0509604820682025
G3017,0.7212568901004135,0.05005083341229295
G701,0.7212629694164512,-0.050745511516401984
G4406,0.7212733320453828,-0.051402972236326866
G3859,0.7215187506658659,0.050330050219390805
G7809,0.7215646800487241,0.05087306207202792
G7250,0.7218525964992677,-0.050644036514654975
G744,0.7218737172119488,-0.05064741125947226
G2762,0.7219922198758191,-0.050742068573022554
G3916,0.7220951838717747,-0.050799699994789616
G4003,0.7223873138745365,-0.050576996847124966
G2041,0.7223918370539211,0.05044278676550827
G3007,0.7224817231229421,0.0505633274145764
G1958,0.7225468302664874,-0.050575483379651114
G5348,0.7227915284381212,0.050712073570607655
G7949,0.7228465049870247,-0.0504125665039136
G1896,0.7228945428744609,-0.05057332220977115
G3410,0.7229888182598634,0.050559950851253095
G3217,0.7230479264613597,-0.05053121482568555
G3086,0.7230784515098327,-0.05037031821393588
G1908,0.7231816770916412,-0.05050880981497123
G7708,0.7234836765935057,0.050216453644404704
G3286,0.7236975633376252,-0.050462572881575754
G5647,0.7239644873427515,-0.050336028841375856
G832,0.7239942960524333,-0.050161264238848695
G6964,0.7240496009091741,-0.05007842671240338
G3018,0.7240569501724737,0.050173600245504796
G3418,0.7244030901905183,0.05007104073524739
G1630,0.7244286433427674,0.0501411094412358
G4545,0.7244827395392852,0.049903135015127234
G1716,0.7247248763533107,-0.04979115729750021
G4879,0.724772374542074,0.0493531416518215
G1456,0.7250893482247907,0.0500603167171156
G2339,0.7250956400983106,-0.0501317659469847
G2500,0.7250973012423578,-0.05024585299082274
G326,0.7252816136143931,-0.049921311613388475
G4215,0.7254581882656388,0.050223835803732596
G4866,0.7254733450821478,0.04988591533915823
G6649,0.7254890977462815,-0.05003824085322627
G3102,0.7255409833321798,-0.050004238756167815
G821,0.7255947606642777,-0.05015152393591038
G4070,0.7256284644998294,0.04941285208536125
G112,0.7256993727013372,-0.04978724923281054
G824,0.725754942698577,0.04939929733464016
G6354,0.7259822529573743,-0.04960160550237175
G1932,0.7264067904303584,-0.049598583045643574
G2999,0.7265855267631385,-0.04937609118838087
G1637,0.7266648271118916,-0.049673374595577816
G2540,0.726711977660554,-0.049255276695788525
G1521,0.7267950044926341,0.04995628386943769
G6378,0.7271754216444466,0.05008398841736014
G287,0.7276182936680009,-0.04996731696788192
G2347,0.7276453843976454,0.04897524017136546
G2370,0.7277593368659131,0.04952545205644011
G4614,0.7277989253405367,-0.04999337981000073
G4180,0.7285239707506221,-0.04915022133917489
G3661,0.7285385442562626,-0.04991480280962507
G3795,0.7285702770324823,-0.049402836656727525
G409,0.72861923342956,-0.04902173012687755
G6319,0.7286236869193697,-0.04932657914000954
G5380,0.7287636000506756,0.04986514016780498
G3398,0.7288055854388196,0.049326939704516626
G4735,0.7288242656579165,-0.04913488118524161
G2555,0.7289665511878654,-0.04951658434729696
G3943,0.7290964694298672,0.04934380580886229
G442,0.7291778802476994,0.04958548110769355
G867,0.7292880254942831,-0.04906352545964923
G3284,0.7293158192907621,0.04910326937564824
G5451,0.7293843076692892,0.04938499543193946
G2497,0.7295010594903695,0.04882168309708387
G6517,0.7295813282202188,0.04843408884056483
G1571,0.7296013603286199,0.04923826195313774
G4195,0.7299152426744452,-0.049427753511964004
G3435,0.7299222856127621,0.04908761308740986
G3699,0.7299456980723603,0.049174914338508145
G1276,0.7299465208209248,0.04915893130663364
G1599,0.7300201365185539,-0.04911000323017889
G7483,0.7300286905051245,-0.0493203625852701
G912,0.7300533248604224,-0.04905968769642879
G1692,0.7302806911424915,0.048926866119257624
G5566,0.7303434824006689,0.04909780936669801
G129,0.7303910209430443,0.04893791038016124
G6328,0.730496561533003,-0.04890953284550098
G5389,0.7306606148424171,0.04943562227992501
G2961,0.7307821044653366,-0.048822838152171574
G5654,0.7309109849202455,-0.049188041291491354
G4578,0.7309362110336057,-0.04863394029207453
G3268,0.7310272360701962,-0.04863800546429489
G4687,0.7312763390908892,-0.04875074610793312
G138,0.7313885468040898,-0.04841215255084981
G7472,0.7315964382733827,-0.04870815719424398
G7214,0.7316983909483175,-0.04876836455677709
G6715,0.7317623543860039,-0.049049403794811146
G6475,0.7318504121988452,0.04864850635054446
G6136,0.7319222551827387,0.04799447249502595
G3459,0.7319355579904461,-0.048305103035464994
G3090,0.7321575961905298,0.048145747077006695
G6751,0.7324409020796429,-0.048534852116888336
G792,0.7325458160146525,0.04839439969182064
G3309,0.7325850119143105,0.04884586650343492
G7364,0.7326231675176532,0.04884247853573847
G199,0.7326337003808081,-0.04854135980865204
G5240,0.732728661611084,-0.04879033571928128
G6846,0.7328105736368171,-0.04853088406019611
G2024,0.7328661979607601,-0.04847626917842507
G5241,0.733231049650279,0.04839190612290353
G5842,0.7334445637843473,0.04864932123721233
G5574,0.7335210744823368,0.04845906660879262
G1654,0.7335556048412089,-0.04831077533010751
G7763,0.733873754863752,0.048657029523356175
G381,0.7341168629759922,0.047975729881890326
G3467,0.7342228577118082,-0.04876944720953119
G1388,0.7342263988649049,-0.04843606417675067
G4755,0.7342755825764571,-0.04812794493405984
G692,0.7344165252088248,0.04822294723950844
G1740,0.7344701953821193,-0.04853570750116175
G937,0.7345368954354728,-0.04848029101443752
G3006,0.7345578384920227,-0.04784953674630904
G3566,0.7346088169769647,-0.04838109862984652
G6731,0.7347412693226264,-0.04859020602593876
G6535,0.7348608431612138,0.048187742659869956
G1267,0.7348811780275872,0.04824391298586529
G5424,0.7349267562049768,-0.04779964723604686
G6732,0.7350981421656908,-0.04773053703601253
G6526,0.735260770126519,0.04785433341236785
G2808,0.7352640684727991,-0.04813318347784287
G1684,0.7352721359610093,-0.04846101524797708
G7155,0.7352826935782473,-0.04789548501362638
G6814,0.7353516879062154,-0.048066352894477686
G7869,0.7354985804827388,0.04768964823202379
G5511,0.735658393244704,-0.048127790922533706
G7091,0.7357113850256087,-0.048114244907707965
G5556,0.735786622974337,-0.048399482436770606
G2783,0.7358418681844567,-0.04793630305679501
G7359,0.7358454709218376,-0.04792585985125189
G2602,0.7360302158916312,-0.04753936582141294
G3875,0.736041840884415,-0.04777029077691092
G3505,0.7360770430047598,-0.04776856543451283
G1934,0.7365337473270313,-0.0480504814183043
G1836,0.736609760517013,0.04757635561153008
G1023,0.7367821177158937,0.047769656033193886
G3551,0.7367978248924916,0.047998514078975985
G2169,0.7368842012380186,-0.04814223367560633
G5344,0.7371576924638522,-0.04791715943961497
G468,0.7371819017052419,0.047300515868586995
G4455,0.7371975120826286,0.04772754068567131
G4409,0.7374986684551565,0.04694746912268757
G6391,0.737527736937729,0.047879432789125084
G5223,0.7377137295586595,0.047687692180378216
G2287,0.7387487887351113,0.04796806803186436
G6829,0.7388663826267765,0.04689825461469996
G4049,0.7389522464802147,-0.04726869964528334
G3619,0.7390312616914474,0.04761180666927992
G4118,0.739045296847872,-0.047685491488068305
G4058,0.7393443544224475,0.046812032222999664
G4261,0.7395161911115167,-0.04795077528454049
G1379,0.7395693944868809,-0.047474835312934775
G7729,0.7395914202433946,-0.04752161573312097
G7462,0.7396357200318184,0.04729838054029967
G3110,0.7397155981297472,0.046981847812466865
G2429,0.7399414681444256,-0.046946184698229795
G5735,0.7401383970195223,-0.04755870874056882
G2955,0.740586732261215,0.04722228564019832
G3959,0.7406837908686001,-0.0469630845754304
G3645,0.7407278326697714,0.046762822972711796
G3948,0.7409516890588691,0.046587496467075946
G2348,0.740951880042326,-0.047161219196989214
G7588,0.7411540851591527,0.04654109204615629
G5594,0.7412570906083176,0.0468814072375838
G7209,0.7412683771740967,0.04692010901087984
G6040,0.7413117361735245,-0.04716891236206356
G6999,0.7413848980857112,0.04743659601878005
G3605,0.7414963373558843,0.046943230132525327
G7919,0.741648806525927,0.04702796314595651
G4296,0.7416542651599609,0.046867134401297826
G1422,0.7417564579907012,-0.04657478867080515
G7494,0.7419662767606092,0.047009862926110674
G2556,0.742148432605519,0.04726018664120506
G822,0.7422599543507065,-0.04648443674623378
G2702,0.7425483447930186,-0.04677607575131257
G4363,0.7427730939095631,-0.04623929767213007
G766,0.7427827606809156,0.04698744780298629
G2711,0.7428227820923516,-0.04658943292243048
G3971,0.7428660781200647,-0.046740781161791034
G7065,0.743166726938502,0.04655298224272338
G4711,0.743266901642326,-0.04696684480179675
G7896,0.743274686585528,0.04672234124191646
G1717,0.7433007598504899,0.04664588152179644
G5006,0.743343828805803,0.047115401458185886
G1125,0.7433475294224567,-0.04636585574445956
G221,0.7433983912131048,-0.046435141251843316
G5174,0.7434472023484471,-0.04660540852712282
G741,0.7435522667887573,0.046741766974087676
G1763,0.7439656007042111,-0.04657821749921401
G2763,0.7440103330017338,-0.046078322178771454
G3392,0.7440276663255128,0.045983006940646734
G6172,0.7440591778163475,0.04614307820724402
G466,0.7441043573862887,0.0467585860267955
G4758,0.744195961648868,-0.04599475658169053
G1864,0.7443735938642349,-0.0459940998799704
G2082,0.7444356403484896,0.04652125107616432
G2848,0.7444384399757711,0.04659063527625251
G5359,0.7445575889330605,0.04632971391456697
G7674,0.7445631077380774,0.04597712797723866
G3158,0.7446362861272638,0.045841663656709164
G6613,0.7448531202593316,0.04633243398912966
G1089,0.7448972257140114,0.04569712422837466
G507,0.7449360269063647,0.046080270502476046
G5454,0.7452426352034187,-0.04629596814968451
G6738,0.7452471502492182,0.046317676417927334
G7595,0.7455319981346571,-0.04581501793834842
G6091,0.7457403476083013,0.045900108422989895
G2459,0.7457693313327711,0.0458759810642799
G2134,0.7457758155729479,-0.04619057401084256
G123,0.7458985796030615,-0.04626797722077979
G168,0.7459006745474561,0.04588051171896182
G1207,0.7459335921491266,0.04659028289797144
G1573,0.7459902575367333,-0.04624547600131766
G1441,0.7460334671673052,-0.04599168878434063
G1658,0.7460352656984492,0.04637570027874372
G6182,0.7460653501189614,0.04611036150346957
G5154,0.746066174502064,-0.046503649094785535
G4873,0.7461120130419387,0.04615109960049349
G5886,0.7463366957253879,0.04586951282107668
G6256,0.7464474521489175,0.045839787875689014
G7749,0.7464714561725992,-0.04555892074606451
G1300,0.74656292058247,0.046124569524276904
G7192,0.7466454859900415,-0.04567993725234626
G1487,0.7467849240905173,-0.0458753050996125
G6240,0.7469376301271162,0.04604078816445195
G4001,0.7471482502900154,0.04593165758957854
G2070,0.747526379077769,-0.045775409537107334
G348,0.7477111945164606,0.045691993456813185
G193,0.7478130596403292,0.04536220511435664
G6038,0.7478310189573556,-0.04581129124624378
G259,0.7479325707352591,0.045038714878904235
G7008,0.7479427941081287,0.04566152684811377
G5088,0.7479658176523983,0.04572213241974713
G1956,0.7480435850291532,0.04540575807578699
G7052,0.7481126249290826,-0.04567226585114637
G7208,0.7481717123641252,0.04531300036826535
G1522,0.7485156062988967,-0.045367305822943474
G1663,0.7485230457882603,0.04589566251895849
G80,0.7485571971352505,-0.045141033905941194
G2643,0.7486966220533471,0.045283972157683344
G4085,0.7488518391635476,-0.04565762971012478
G1323,0.7488972837772924,0.04530515103776872
G1309,0.7490017685598229,-0.045430740507168305
G3252,0.749041985883868,-0.04521762210101811
G1733,0.7491747710326009,-0.04546465948723262
G5477,0.7492151566206497,-0.04550018074372551
G6860,0.7493257638862725,0.045494608118109355
G2562,0.749536204957123,0.04548610033037433
G4127,0.7495965711321602,0.04586500223703843
G1158,0.7496482562170597,0.045480709637303926
G4624,0.7500813718826294,-0.04541961238271368
G4808,0.7501716998301662,-0.04508536926300101
G7015,0.7501823519433574,0.04523286432530094
G2334,0.7507257440267167,0.04512510347866518
G3023,0.7507689333104735,0.04525576143699875
G5524,0.7512666925295393,-0.04514826889862386
G357,0.7513872064121644,-0.04497920363483432
G6758,0.7514948984069263,-0.04483591769487512
G2233,0.7518600199749819,-0.04505860382726551
G6659,0.7519696157164302,0.04458557062080663
G929,0.7521507581024232,0.044827655085315075
G3417,0.7524423420863963,0.04457081965575718
G5999,0.752761109123845,0.04504686630103891
G1484,0.7528663441038448,0.044905494713875685
G2320,0.7529007074452143,0.04468165757207109
G1972,0.7529210435981429,0.04443191931304484
G7040,0.753062678162695,-0.045286430061429114
G6397,0.753124787869349,-0.04528567244759901
G2611,0.753180537626035,-0.04464933697442182
G5897,0.7531984354694692,0.04460218974397606
G4992,0.7532697371608058,-0.04454589028366648
G4577,0.7536259662201689,-0.0442467036519967
G4080,0.7537526549421002,0.0448928864409773
G1421,0.75380388113146,0.04449556770878493
G4404,0.7538351529644137,-0.04439732643338391
G463,0.7538700545719487,-0.04430581039233737
G3337,0.754008888449815,0.04431272104683033
G4216,0.7540774804655954,-0.04468714509431464
G1677,0.7543996556973191,-0.04418862396810638
G4148,0.75441913193332,0.04472990313850135
G1482,0.7545265309930218,-0.044635192956691216
G4427,0.7547176107723664,0.044151421888977097
G551,0.7548635649569583,-0.04438880616958594
G655,0.7550234794512722,0.04435426623387888
G4323,0.755065687456212,-0.04439570626875296
G5707,0.7555944055545976,0.04452345915536586
G3162,0.7557136982575977,0.0443626647586441
G6700,0.7557381170786401,-0.044242510223370335
G4284,0.7558248059769392,0.04411462528131967
G5928,0.7559304985376402,-0.044202779576300096
G5408,0.7561111152462227,0.044204020310001896
G1505,0.7562136924083152,-0.04454996288102091
G5236,0.7564472251947849,-0.04385823155235767
G7858,0.7567574936528785,0.044070415224016585
G5179,0.7568659794611527,-0.04424557055120605
G1099,0.7569874932348737,-0.04358818672847797
G7374,0.757199224862035,0.04401415972733294
G7682,0.7574297577138074,-0.04393255412849845
G4481,0.7574725875543573,-0.043325905669900765
G6184,0.757506420717707,0.044047223320186984
G594,0.7575214590067992,-0.044273972998779054
G29,0.7576483193633476,-0.043373336773067185
G6231,0.7577473253161418,-0.04370701770017067
G4227,0.7580506094521178,-0.044010621010482684
G1430,0.7583039732491985,0.04345320888276462
G5802,0.7584239664717365,-0.04366886462488841
G2091,0.7586191315147413,-0.04379304023438317
G1605,0.7591064596416077,0.043665415009098166
G5640,0.759269835403891,0.04365956611029376
G2641,0.75960567231247,-0.04365306983568194
G6482,0.7596132302538678,-0.04329313711507923
G6476,0.7598333615148458,0.0433099973557387
G4514,0.7598658164320129,0.04326788865792401
G5052,0.7600347612278933,-0.04361210842225041
G3150,0.7600566365026908,0.04349328649928027
G5828,0.7601238071629943,0.043634456939315114
G5146,0.7601975915644298,-0.043283427726840476
G3384,0.7603320837739905,-0.04328589082779885
G1455,0.7603393254123545,0.04365368807251942
G7121,0.7609336745459674,-0.043593714447669206
G3412,0.761049629025241,0.04368994913783226
G1130,0.761306906493243,0.04288561835712305
G1715,0.7616340924842926,-0.04309332593542889
G5990,0.7618091720005793,0.042735916474965274
G4818,0.7624456476940883,0.04270246973687242
G2485,0.7625720082318632,-0.04277361197468068
G6021,0.7626321447560027,-0.043034427637258274
G4056,0.7627477779544937,0.04303663296591193
G6831,0.7631974837712894,-0.04290424442136068
G3609,0.7634216236191513,-0.042723548316290605
G7170,0.7634504070699967,0.0424025190696453
G4299,0.7635448247780325,-0.04262236422545653
G5494,0.7636884894664651,0.04294567785952276
G2714,0.7636937243018086,0.04288607694041527
G1736,0.7637059080166,0.043147605919161294
G2697,0.7640886113789723,0.04293159975410072
G7516,0.7640951298322727,0.043045670594163914
G5377,0.7641562296801394,-0.04276960312480805
G2885,0.7644686827315869,-0.042507005353270844
G3379,0.7644899472895542,0.04221815811187551
G6236,0.7645197947898866,-0.04216371037594019
G1155,0.7645695469400277,0.04276231360456162
G3565,0.7646026943339517,0.042454608549238965
G3462,0.764700807392555,0.04279349622077326
G4328,0.7650419334104123,0.042833955215471
G515,0.7651023677889573,0.04256728927941577
G4398,0.7651247669831015,-0.0425467286035487
G966,0.7652708778425312,0.04293881968480352
G584,0.7654097557796876,0.04271648927928498
G6767,0.765490108546236,0.04208961755295118
G2831,0.7657540113950708,0.042278301952353284
G2321,0.7657697423460933,0.042239555168636214
G2760,0.7658001854378492,-0.04243524205755356
G2744,0.7659762360300951,-0.04261912949563627
G5554,0.7660610707258495,0.04229704048748755
G2426,0.7661024999034841,0.04199388418161279
G1597,0.7662481396377312,0.04238689128586711
G7552,0.7663140673867388,-0.04235574990519161
G6561,0.7663290189115649,-0.04209300847601355
G4131,0.7663626122200948,0.042860722254990644
G4656,0.7665714600741362,-0.04223676354827538
G1644,0.7666637020084835,-0.041805970819806366
G4377,0.7668470563630025,-0.0422065718096767
G559,0.7668581559513137,0.0424300018624775
G6217,0.7668826977746079,0.0418398081478569
G2032,0.7674652879287596,-0.04230862434959318
G6621,0.7674817759570696,0.0417213711660709
G4700,0.7675499443751442,0.041967591845505386
G1643,0.7676635030528435,-0.04142849164430941
G1382,0.7679215171307261,-0.042154086156347
G3656,0.76810785470874,-0.04164772131708812
G2194,0.7683957574339317,-0.041373019685025395
G1842,0.7685889263558188,-0.041680610459799074
G4153,0.7687518616818024,0.04199405658314432
G581,0.7687968544462107,0.04175801415947308
G3715,0.7689180192231201,-0.0420382228330086
G2182,0.7690694775927136,-0.04162546689980648
G1586,0.7690885536968286,-0.04141877281657863
G3595,0.7691073618767434,-0.04163900395538454
G11,0.7691221367359231,0.041652193981325
G7108,0.7692997202285365,0.041778150154436935
G2486,0.7693128255539949,-0.04131245587660953
G3032,0.7693388558315507,-0.041725360894960185
G35,0.7698449459055356,0.04174376378653018
G800,0.770002106338568,0.041470496605677865
G1361,0.7700668990352506,0.041587344784677176
G5393,0.7703871479125304,-0.04145084790371096
G1915,0.7705247473610515,-0.04147695671332219
G1042,0.7706900907763827,0.04156149663194916
G7881,0.7707104563479991,-0.04164220424332277
G7112,0.7708121534929817,-0.04165911402357969
G6294,0.770920492044451,0.04155680319242883
G847,0.7711338650289841,0.041418133048298604
G398,0.7712481781011853,-0.04122018238226642
G3059,0.7713193837408397,-0.04117236566640621
G6783,0.771366240768268,0.04152470244578994
G5261,0.7713849288586838,-0.04137346983547063
G7561,0.7715470097479443,0.04137973704906306
G881,0.7716226389393728,-0.04143411199240278
G5618,0.7719232845257338,-0.041005300486189604
G1038,0.771964821089148,-0.04122703366894938
G1828,0.7720753902553011,-0.04088239770953069
G1893,0.77209299212867,0.04116726714395995
G5354,0.7721770742106429,-0.04160632767928684
G7922,0.7722595903822812,0.040392656217311085
G3637,0.7722617294875123,0.041488902107947326
G6875,0.772324313752897,-0.04139501912310589
G3343,0.7723305054152386,-0.04104490097818924
G4204,0.7723479150256781,0.040698218467882
G4817,0.7724683601855437,-0.04131732530549753
G5692,0.7726544526625276,0.041029118141491974
G1942,0.7726572860014451,-0.040915624337612574
G5570,0.773039029154619,0.04091661459093582
G6064,0.7731126741046804,0.040947599101402506
G3763,0.7732233067036838,-0.04075885385940173
G5104,0.7732679432997479,0.04159729178560507
G5942,0.7733552822704776,0.041010616146342785
G1513,0.7734021287740815,-0.04091193458579527
G253,0.773502606196243,-0.040725576706426486
G6311,0.7735247449633202,0.04089440803816618
G4564,0.7737114343662038,-0.04062139702311611
G4737,0.7739095982971669,0.040797322788645035
G3437,0.7739598694845502,-0.04063926090104805
G6213,0.774037544902532,-0.040543777582511584
G4953,0.7741601853478057,-0.040756434159677765
G953,0.7741662652994465,-0.0409539573136338
G5206,0.7741895272912347,-0.040288017466183525
G6243,0.7741921094677244,-0.040468485516565074
G4434,0.7743877882727849,0.04084077032776329
G5318,0.7744262456333894,0.040688642903453184
G3121,0.7746114718022579,-0.04050149195356896
G5776,0.7746774346926761,0.040416804410774804
G5224,0.7748436036583719,-0.04062284477109471
G174,0.7750819106707661,0.040693419885466986
G6952,0.7754118772835333,0.04032886295957608
G7613,0.7754269487744262,0.04075274664970253
G3078,0.7754381042488331,0.04087401309322754
G2018,0.7754444491925369,-0.04048016973369
G2252,0.7754877407508848,-0.04051368359607746
G3588,0.7756509073993649,0.040332029091092965
G5373,0.7757396932667627,0.04071182289648871
G4862,0.7757684193685012,-0.04047233021797195
G6550,0.7757694927034609,-0.03999886179033946
G601,0.7759476953235045,-0.04071374399297667
G2926,0.7760216825911546,-0.04043526918808907
G1298,0.7760574063391588,-0.04053900836043253
G4991,0.7761612780077908,-0.04073731048698158
G7421,0.7761674999396605,-0.040556580805772555
G4555,0.7764674516842289,-0.0407492555285946
G4090,0.7764989024204563,0.040211867595364575
G6265,0.7767608833588694,-0.04040909631506216
G3527,0.7768300071261022,0.040186844162896806
G4638,0.7769707125893633,-0.040257007853910835
G125,0.7769768268961232,0.040422717474482506
G7916,0.7771541910147882,-0.04015354809633589
G4214,0.7772996228786546,-0.040414062428911914
G4332,0.7775703163719103,0.04023122482578574
G124,0.7777180658822013,-0.039885812862033715
G2515,0.7777389156561472,0.03991973021817087
G5989,0.7778077373820893,-0.039648121698843394
G546,0.7778141202301241,0.04023205074897339
G1492,0.7779057852544824,0.040070501034559045
G3212,0.7781674173165942,0.04009704137856425
G6090,0.7781798856517899,-0.040439366358603276
G202,0.7784719390193504,0.039547272949704546
G5199,0.7785087538864911,-0.04023402018547542
G6023,0.7786085709535598,-0.03978061174133997
G1909,0.7787111881349099,-0.039896043092673195
G4734,0.7790236820627447,0.03990695515139695
G3171,0.7791473812967266,-0.03982348320283105
G591,0.7792049828345318,-0.040058778967805415
G3344,0.7792085760941699,-0.03966078465599341
G2613,0.7792592688319624,0.03987257781890427
G5398,0.7792644864904511,0.03992696493370653
G6696,0.7792681508621204,-0.04002528567917721
G4484,0.7794093731745149,0.03996382664908934
G1729,0.7795214106137657,-0.039597152732375435
G6557,0.7798624686646948,-0.039738585864195486
G3825,0.7798972188951175,0.03953227007490609
G4288,0.7800505497364865,0.03945942999540666
G6384,0.7800806448640945,-0.03943965551339465
G246,0.7801370494715107,0.03938552796073168
G2445,0.7801676961284062,-0.03960655101823629
G4077,0.780346568892987,0.0397783377673111
G749,0.7807772685676134,0.039286375918857766
G3659,0.7808903286533646,-0.03959298477577347
G3089,0.7808916074239323,-0.039271794916024554
G522,0.7810990919818235,0.039848532363412806
G4524,0.7812042692633532,0.0397873966124681
G6300,0.7812570110001713,0.03964309656940241
G4365,0.7812602841238167,-0.03935571222532315
G3764,0.781525618648982,0.039698836637351256
G3700,0.7816101345502198,-0.03926174083198024
G2100,0.7816520270922066,0.03941526023271667
G3707,0.7817647424698548,0.03911189395848633
G3517,0.7819002125999208,-0.0392866455119789
G7037,0.7819014651008142,0.03931986011900287
G1707,0.7823354263421215,0.039462907672526096
G3900,0.7824945613954819,0.03918600704083179
G2051,0.7825245595428433,-0.03901147270009386
G6382,0.7825381126097699,0.039388240945362654
G1416,0.7826854391700523,0.03946280472416583
G3523,0.7828895784136932,-0.039232222391767574
G4089,0.7833077094203073,0.038860742244069615
G651,0.7833340286885431,-0.03889993303859631
G1761,0.7834711736559812,0.039563895106804414
G7299,0.7834723042632965,0.038690558376742595
G2608,0.7838452644075925,0.03866918165451909
G6714,0.7838787887101842,-0.03944952544630517
G3879,0.7844148781217493,-0.03940481560638119
G1326,0.7850023134666171,0.0388266886906551
G2837,0.7851695407143061,-0.038639292534807135
G5139,0.785206141228373,0.03876822368727236
G7646,0.7853951063766875,-0.038616296637328205
G910,0.785492524639012,-0.0389047758692254
G6591,0.7857307976056654,-0.03839098433560439
G6512,0.78577835042496,-0.038469320763613514
G1329,0.7857818580266921,0.0387767727695793
G2192,0.7858767965709871,0.03913033237183018
G1555,0.786519862163045,0.03884098148774573
G5547,0.7867326978278227,0.03785373632632548
G3926,0.7867954604690087,0.03857219929892909
G7720,0.7868191929681565,-0.038561630929297486
G211,0.7869661999775919,-0.038388265794306375
G4610,0.7869700139655378,-0.038305447126333284
G3954,0.7869918778060836,-0.0380927900960403
G5339,0.7872419495240247,0.03868077430349719
G1233,0.7872669597870336,0.03876225718786886
G2383,0.7872837971581563,-0.038174821900725055
G3179,0.787651427523826,-0.038195617340159166
G2618,0.7877505049160538,0.03838314302226612
G6174,0.7878421775294702,0.03814023387819203
G5315,0.7879680723089497,-0.038188425501215977
G4338,0.7881538782483624,-0.038281177849095
G4348,0.7885632140576427,-0.03810977798419311
G2059,0.7888798029895623,-0.038146690832454457
G7732,0.7888842779827488,-0.03824974788070869
G4473,0.7890149332254521,-0.037961416008336205
G3622,0.7890431647617162,-0.03822184949276576
G928,0.7891662624025206,-0.03783597085954241
G5892,0.7893507796496299,-0.038223907965974274
G4037,0.7895147930792434,0.03790540556233051
G6918,0.7895481189548539,0.038337663015877134
G1504,0.7897723928957039,0.0378145778642336
G4350,0.7898764518188788,-0.037981839880993254
G2443,0.7902200507214935,-0.037940409908916145
G2957,0.7903023624854534,0.03763684180127808
G3215,0.7904084984171924,-0.037497400315302756
G5307,0.7906223538123665,-0.038044042589530744
G3732,0.7906242657673832,-0.038198183650098735
G455,0.7914204978755659,-0.0371780539255292
G7803,0.7917715073229614,-0.037550581947138006
G1564,0.7921020531789018,0.0375004036234825
G932,0.7921693859784932,-0.03731337426289972
G6863,0.7922481745549828,-0.03759326983562906
G7136,0.7922885449534786,-0.037303249391959656
G7013,0.7925259525203443,0.03749499150598601
G2853,0.7925429150899164,-0.037555527347765336
G1800,0.7925799460799756,-0.037209117380960645
G6,0.7926038807289384,0.037642441434806925
G2179,0.7926221625753842,-0.03729856493611412
G96,0.7930436713468225,-0.03709453824772398
G6722,0.7931061979182805,-0.03704821601814262
G1332,0.7931726287927789,-0.03720236134394321
G4659,0.7932756414952441,0.037320934277105866
G288,0.7934871249173001,-0.03755297972360214
G846,0.7935264375772403,0.03675179703313667
G923,0.7937451268213749,0.03722819127148626
G2009,0.7938845847724704,0.03738677822581721
G4152,0.7939387781523177,-0.03736630966775689
G5319,0.7939743862048911,0.03653081125473996
G1048,0.7939816447163947,-0.03692204194363017
G4963,0.7941695448270152,-0.03722855551684846
G6917,0.7941741596223321,-0.03730624441342596
G2280,0.7943418866421849,0.037646302522832256
G4191,0.7943547097654322,-0.03733409101831217
G7320,0.7943560281373028,-0.037142678696270484
G2241,0.7944855480293691,-0.03677933550261386
G4812,0.7945105571780229,-0.036875442820102064
G6310,0.7947081003001112,-0.03681588828962355
G4833,0.794715896036347,-0.037115615753644846
G3663,0.7948145670792793,-0.037085477125158736
G7273,0.7948977646205768,0.037087816959736966
G7293,0.7950147604496063,-0.03685424768169135
G2612,0.7950881054575176,0.03690540215387671
G2423,0.7951886516563922,-0.03700446180970739
G2065,0.7952477987889989,-0.036701330593937556
G1112,0.795315001426017,0.036557138239528914
G2726,0.7957361800947129,0.03705400236988383
G5185,0.7958311060046271,0.03676583460406505
G1304,0.7959308511054715,-0.03671957878316507
G857,0.7959662180886855,0.03712633519731741
G1665,0.7961339990662961,-0.036527256596043584
G6140,0.79625024056988,-0.036833493858887505
G1737,0.79663930409211,-0.0366729739987213
G3887,0.796736360235039,0.036823964776599834
G6148,0.7967659851978551,0.03675395620644341
G3065,0.7968157517259283,0.03672999602895073
G3401,0.7968527449948705,-0.03684761594676212
G1948,0.7971385705756743,-0.03628770867385145
G7232,0.7972268881166931,-0.03628355978363549
G2188,0.7973930945628984,-0.03619455687646085
G195,0.7976738530279746,0.03635133857965624
G1352,0.7976773696706774,0.03653079191899759
G7733,0.7977128173999088,-0.03655519466187819
G3234,0.7978902463512881,0.03647723593679674
G1714,0.7979952644477352,0.03629598795909292
G2207,0.7980726677918023,-0.03639869240749313
G1339,0.7985043555772973,-0.036278742897860136
G7655,0.7986364736252135,0.035975199692016055
G203,0.7987366428244094,0.03606360179222324
G5471,0.7987630409249705,-0.03636717825136308
G2292,0.798879806939344,0.036277442141373725
G3665,0.7989299859756724,-0.03600695833771017
G6412,0.7991019738412164,0.035876455862196614
G4851,0.799305505145806,0.036665419049107945
G1549,0.7993060355118148,-0.03591011730938386
G2814,0.7994419864865178,-0.03653704298076642
G5907,0.7995291508182568,-0.03618369272999773
G3557,0.7995386176671327,0.036533607237173825
G7276,0.7996261968015246,0.03625397961699338
G19,0.7996335894035291,-0.03581895482809731
G6493,0.7997436005013968,-0.036417693582746644
G6339,0.7998407679266917,-0.035853720497465186
G825,0.7999611671554148,0.03576541472545011
G7973,0.7999647487704259,0.03570915539490112
G6933,0.7999803103610292,-0.0359121333243817
G1906,0.8001239743703026,0.03555953155907293
G3224,0.8001864786769468,0.03583927067127886
G6109,0.800312020427778,-0.03563711046421615
G3742,0.8005899363548248,0.035892076347741456
G2421,0.8006292697769133,0.036251301687987056
G5737,0.8006403783085749,-0.035835844320473154
G1965,0.8007442030173324,-0.03541114394905359
G5482,0.8008243884703625,-0.035823277180476745
G4830,0.8008675994899712,-0.03571328904397303
G978,0.8008846317420434,-0.03561361190950292
G6842,0.8010740473985214,-0.035851655469908456
G4293,0.8012267995104114,0.0355784033231918
G745,0.8012525194474265,-0.03601061468476373
G3801,0.8012855744878582,0.03568120701734281
G4144,0.8016820666745972,-0.03581561735028493
G3521,0.8017279521626551,0.03560969111416465
G5937,0.8017663491368376,-0.03557761645823175
G4864,0.8018361448644074,0.035626230024174546
G6773,0.8018382106045133,0.03562651262546006
G3598,0.8019831869905885,-0.03561679183172971
G2181,0.8020044565497303,-0.03588659576023767
G116,0.8020056939894119,0.03569035100610682
G938,0.8020781554508617,0.03564762136505777
G1279,0.8022931754504533,0.035575002937476535
G4570,0.8023032907683529,-0.035554461790138825
G4504,0.8025087619021385,-0.035791103921768465
G644,0.8025659228956518,-0.03574126596171864
G4060,0.8029519246203449,0.03581855928435311
G5302,0.8031032667396365,-0.03540325018872437
G3839,0.8031243960252145,-0.03525183874895839
G6543,0.803133063362121,-0.03531275257651213
G5637,0.8032086832456621,-0.035084762323692134
G3373,0.8032594543965452,-0.03547358998327253
G803,0.8034213403083673,-0.035422716110284
G1005,0.8035746016264496,0.03553562943410146
G4640,0.8038558528600259,-0.034983872657468426
G6776,0.8041191780638053,-0.03509157987589495
G492,0.8041795804842723,0.03529352223854926
G7487,0.8042135895920607,0.03540075824909973
G3972,0.804349385823887,-0.03510287569991166
G3137,0.8043791404160708,-0.034982271293356654
G6425,0.8044228994112415,-0.03537740345534284
G7056,0.8044399955279324,-0.03497451745528714
G3033,0.804454518610507,-0.034906605675770586
G5333,0.8045132451666813,0.03523606847937345
G2036,0.8049426235527293,-0.035196092489285916
G5035,0.8049646056361811,0.034808867112502064
G5150,0.8051985844918294,-0.03475548392467522
G136,0.8052523766909991,0.03544174391796119
G3380,0.8053873512350546,0.03519986894075519
G7488,0.8055529475173648,-0.03489010681685688
G7971,0.8057114088392909,-0.03465342562166135
G1132,0.8057742043573853,-0.03480830721775599
G5166,0.8058478895829724,-0.03495846978127056
G6890,0.8059831496694316,-0.034677067087707264
G2865,0.8060014459802176,0.03492843916985297
G1689,0.8060367248689317,0.034757818690482695
G1173,0.8062417054813096,0.034762309004076467
G3821,0.8062669838226632,0.034912901764949336
G2838,0.8063215869532664,-0.034894448551520504
G7857,0.8065386830043362,-0.034660652860378754
G3290,0.8067958202481833,0.034375285257296426
G5076,0.8068347664655294,-0.034609156146302285
G4292,0.8070196311582136,0.0343858668759262
G1311,0.8072180083257621,0.03476501221484231
G536,0.8072750599443551,-0.03451964662853424
G1832,0.8072953553211024,-0.0343552173899912
G1878,0.8075621305112964,-0.03437549113134472
G7604,0.8076421836351273,-0.03466974159780216
G1436,0.8076946107635976,-0.03458099339951558
G70,0.8077459497528584,-0.034739605158135095
G4196,0.8077911525858185,0.034649273828134826
G1129,0.8081165687556573,0.034590446808910866
G479,0.8081346573977001,-0.03424064504179976
G2222,0.8081746360555939,0.03456276709384805
G1074,0.8084887895815756,0.034704173917819534
G6633,0.808500622925522,-0.03413213686214144
G6688,0.8088024974426216,-0.03431020699748883
G1899,0.8088513416547954,-0.03432884115587426
G7631,0.8088693025972353,-0.03449680458786072
G4103,0.8088875050384438,-0.034530369045342124
G5050,0.8088875066809902,0.034717360602405836
G2572,0.8089101506664331,0.03458249975181101
G429,0.8090024219787786,-0.03405315141255327
G4145,0.8091246754364465,0.03384974594969746
G6712,0.809385640470464,0.03411565786912325
G6094,0.80959994527192,0.03415293484623086
G732,0.8096272133416995,-0.03419058349659737
G2638,0.8097599932387056,0.03413568615045773
G3931,0.8101191647271909,0.0343664068598146
G7280,0.8101955082794681,-0.03411315313956979
G2220,0.810310970027437,-0.03417486604107857
G7777,0.810387947683757,0.03425761115565139
G5997,0.8105103001094183,0.03449770440830441
G6164,0.8109734506937645,0.03410875956629316
G1808,0.8109937267781308,0.03408938889253539
G3548,0.8110366331970872,0.03367854478455119
G2390,0.8111656746009438,-0.034139226020876434
G4811,0.81125840383098,0.03381235334401717
G2521,0.8113399064545892,0.0340190170787673
G4644,0.8113776265743184,-0.03392358277427067
G2240,0.811547746077098,-0.034004369000916676
G700,0.8116274772500724,-0.03357618637430809
G1695,0.8116854702427435,0.0338238198165257
G2258,0.8120436475995194,0.03413885293203145
G2115,0.8122522311818714,0.033824801093244004
G5975,0.8122721138895681,0.033570817751405274
G3730,0.8124604830283695,0.03373102071206811
G6506,0.81257053873345,0.033862038879367576
G1140,0.8126441937684132,-0.034042786380127005
G3248,0.8129093991736056,0.033916914219702096
G2466,0.8129130795998409,-0.0337296852927463
G6969,0.8129820462346081,0.03381084300729807
G5349,0.8130741997362493,-0.033542494988498775
G3100,0.8131253155040794,-0.033439530713464255
G7600,0.813164034361391,0.03353724013770737
G3792,0.8131817597752526,0.03322064394884063
G4029,0.8134375591740172,0.03346633138120758
G3569,0.8135433635405055,0.03348744600917879
G7450,0.8135627927106261,0.033385618752026204
G4113,0.8136104926574884,-0.03350312582277141
G3,0.8136241804312827,-0.033622458258660934
G1881,0.8139571919658896,0.03331465955693795
G1834,0.8139999737790553,-0.03399359475307043
G82,0.8141041065051557,-0.03340323383421486
G7627,0.8141791443665155,-0.03368617426322779
G6975,0.8142906658549344,0.033218639069260675
G5325,0.8143148777400808,-0.033400763715902865
G2364,0.8143989016788454,-0.033634914061302396
G7288,0.8147306309594082,-0.0333207653345
G3775,0.8148003090760028,-0.033417436865162124
G1427,0.8148944804436217,0.03326287265476492
G7778,0.814911477423059,0.03326317264622859
G1296,0.8152705006533706,-0.0329060963992657
G641,0.8152933492393608,0.03345843189985395
G1349,0.815336696550222,0.033064886882878175
G6061,0.8154075578615956,0.03327960972986102
G1967,0.8154227254088338,0.03291771417975849
G983,0.8155016886947628,0.033343973017017955
G4079,0.8157263121281164,0.03281582877803665
G4158,0.815809882848898,0.03328800163443812
G6515,0.816059502697848,0.03355642856769766
G4327,0.8161153149935181,-0.03316515508105498
G7308,0.8164596575364976,0.032842988857823975
G3885,0.8165230228834877,0.03329905551894545
G5968,0.8165292992211926,0.033351367579235
G1817,0.8165800301176864,0.03299685661886696
G890,0.816643024836865,0.03321570438127034
G4032,0.8166663002102383,-0.03272624965103013
G746,0.8169086239131857,-0.03273840426909734
G5330,0.8173505696589011,-0.03299460253087934
G1136,0.8174109237156468,-0.03289620004657998
G4651,0.8178199280909947,0.03278923209719436
G3154,0.8178728511759916,-0.032764592325887805
G4701,0.8179505072259918,-0.03326295226345005
G2569,0.8181471421539983,-0.033082445337360426
G1999,0.8181972968979525,-0.032903864782424797
G5215,0.8183401708690454,-0.03265710430104032
G908,0.8183842089253137,-0.03278795996680897
G6573,0.8185656619565649,0.03265358009985937
G2424,0.8185846958962942,0.03272251376405341
G963,0.8189942587126167,-0.03250144806056251
G2914,0.8190467494554465,0.032392699556851576
G170,0.8191639171942389,-0.032591904263520446
G1678,0.8191951978344658,0.03219172122274872
G2211,0.8192375176088142,0.03253153766221681
G443,0.8193080170197217,0.03233396270150269
G3008,0.8195465977982043,-0.03235308848137715
G3680,0.8195769032740502,-0.03261128784235349
G1486,0.8195844107415808,-0.032477613369323255
G4667,0.8197333425558321,0.03236719987659427
G6811,0.8198178198481789,-0.03207827171698632
G6097,0.8200309664950122,-0.03247117772461283
G1395,0.8201030091871757,-0.03262045965732879
G1068,0.8201053346579007,-0.03271690594150409
G4685,0.8201891603857338,-0.03262548116772705
G2202,0.8202494755482805,-0.032210630688874066
G7313,0.8206960276045293,-0.03205848583328799
G7027,0.8207760632409378,-0.031940309157385334
G7007,0.8207839851899259,-0.032620505175728856
G3333,0.8211721062156975,0.0321323070157168
G534,0.821304944638942,0.031906599937420344
G4861,0.8213644028917129,0.031824809313562206
G7987,0.8215602622197452,0.03204214026828407
G4981,0.82157310187676,0.03213936440119138
G2917,0.8216035801415286,0.03222578040839059
G1405,0.821717541397857,0.032126247305487896
G196,0.8217555260437086,-0.03207460730689457
G10,0.8217640437130814,0.0320451358208418
G1386,0.8221128924292795,0.031841085006970846
G66,0.822166895234177,0.03222929808243629
G462,0.822202389149786,0.03224079528396921
G3748,0.8222854664341724,-0.03176026081530221
G7913,0.8223374388767799,-0.03191891131810838
G4053,0.8223508935380066,-0.031800609231938934
G1833,0.8224476385469545,0.031608286863756906
G5801,0.8225210043667891,-0.03179286573372439
G5932,0.8225869951888344,-0.03202320837304939
G391,0.8227416856482763,-0.0315762216265606
G1060,0.822743580370997,-0.0318871615556298
G3866,0.8228345141049203,-0.031748987691510445
G7607,0.8229057899936938,0.03186903259329926
G1317,0.8229203992812896,0.031650458745150975
G3301,0.8231447563830194,0.03170266959523398
G3316,0.8231848898248737,-0.031832849002336114
G2102,0.8232803839638893,0.03170110902717548
G4393,0.8237919680990751,0.03152015866126845
G7150,0.8238422231308602,-0.03208323901697091
G1307,0.8238564828803147,-0.03148493850161774
G6931,0.8239825121426343,0.031489172241284724
G4006,0.8240326990834104,0.031731746536355195
G4805,0.8242662517301135,0.03148530973565693
G4710,0.8242698294390498,-0.03184842697616248
G175,0.8243045861236658,-0.03141469437451554
G5213,0.8244600455404372,-0.031600351024518095
G2771,0.8244910242093222,-0.031366358292551855
G5609,0.8245149212887936,-0.0313576083557789
G2467,0.8245190865393883,0.031105185837106315
G4641,0.8247287423433602,0.03150320837607422
G7731,0.8247528343592564,-0.031204079026265347
G6474,0.8249407342143651,-0.03126552884483225
G4799,0.8252950907935949,0.03140310079891735
G5996,0.8253537898152308,-0.0315316737118073
G858,0.8255482560404268,0.03148763237015622
G3934,0.8257132627287143,-0.03119316352526754
G999,0.8257159843690711,-0.031134090920856956
G5210,0.8260009581263252,0.03145511742533101
G1841,0.8261324818027047,-0.03123755136394328
G2248,0.8261787150773212,0.031035338854959734
G7592,0.8264469910207329,0.031205880068309245
G4423,0.8266880854536852,0.03109225275013605
G7031,0.8267620263329686,0.03096159182346269
G6176,0.8270204589595651,-0.030846346748455204
G3169,0.8270725107907934,-0.031058238864058202
G7298,0.8271872796395924,-0.030787318223881397
G6749,0.8272671883714011,-0.031229535903692596
G4366,0.8272935099918518,0.030822228484818116
G7403,0.827346750614935,0.03084132823578588
G5677,0.8273621946517291,0.031142771349143804
G2374,0.827389836354967,-0.03112003127882946
G1344,0.8275386767732869,0.031180378757238537
G4471,0.8277130880368118,0.030796635346425065
G5311,0.8277380165409742,0.030751141594979964
G4368,0.8281496094797572,0.031036156736257866
G5507,0.8283226937506896,0.030764706754112837
G5579,0.8283541595774586,0.030884495178027657
G568,0.8283576817049625,0.030791888894890027
G1895,0.8284618720188754,-0.030785557139445308
G7601,0.828468903892559,-0.030880122882093408
G2432,0.8284953657709228,0.03087253672567327
G5245,0.828498203261258,0.03089454345923596
G4399,0.828589821468064,0.030776362957301413
G4441,0.8287515164968028,0.03056414369036136
G7967,0.828900063459618,0.030651584887160962
G3746,0.8289276200657321,0.03075210257603508
G4600,0.8289615034008854,0.030796160340705123
G6562,0.8290368862240722,-0.030697381278673302
G6393,0.8291504426886737,-0.030933261722997984
G4244,0.829277266183627,0.030765571908993976
G676,0.8293374952349907,0.030643637842301858
G6003,0.8294635047677535,-0.030642813383531115
G5917,0.829614936846522,-0.030595470721399676
G2656,0.8297232689144973,-0.030754394842886883
G4101,0.8299601845078157,-0.03100784425653182
G233,0.8301210015046139,-0.0302274027224963
G6537,0.8303390932620766,0.030570051390128014
G4470,0.8305135144137032,0.030349673045585522
G971,0.8305213342842752,0.03032301033393859
G5914,0.8305388872123274,-0.030358236220249413
G2239,0.8306663571371145,0.030643875374856647
G2218,0.8307646754237293,0.030440079845843713
G1576,0.8308904714798191,0.03034116591937934
G1782,0.8312602868523098,-0.03035793266557285
G4510,0.8314181750466774,-0.030272883416963686
G3261,0.8320774576039149,-0.029703115494992147
G3112,0.8322416656011744,-0.030195994683954067
G3644,0.8323163287139288,0.02982691061088899
G1228,0.832434316387735,-0.030163172703924063
G3351,0.832472307548009,-0.029718332485425943
G997,0.8324973504682998,-0.030271027487202503
G1666,0.8325031174882518,0.030390133642602728
G3083,0.8325179064501977,-0.03017372555262479
G2198,0.8325519621544285,-0.030467121068376853
G6747,0.8328515679382273,0.030035696933958654
G5993,0.8330041144698865,0.02996095565421031
G6556,0.8333678550503323,-0.029962037054071137
G5641,0.8334250491994668,-0.02986120324711889
G3314,0.8337520520283717,-0.030261162791230402
G7596,0.8338315444749442,0.029726312787038345
G4226,0.8338731226528311,0.02988942511519524
G72,0.8343772041553995,0.02944252614872309
G4167,0.8346459312293973,-0.029703797190285465
G6012,0.8348424182497766,-0.02957672462899235
G2346,0.834933877288139,0.029768091762344226
G5145,0.8349402700593329,0.029683057239287623
G4888,0.835008748568067,0.029303496151229708
G149,0.835013595546185,-0.029433232458482412
G4928,0.8350897136450086,-0.029700788743760205
G2748,0.8352617536011171,-0.02927048478191998
G7840,0.8352907788403514,0.02955429754991698
G6798,0.8354745072753225,-0.029484906011261292
G1681,0.835519819951373,0.02971238943471489
G528,0.8355507800057931,-0.029650439080754182
G6132,0.8356825136607151,0.02936307663685584
G4718,0.8357120732857116,0.029544795397580315
G5797,0.8359624897978783,-0.02955875483915657
G649,0.8361731186541355,-0.029678833590200043
G7073,0.8362046844645661,-0.029565175115868994
G6876,0.836226153029931,-0.029601890091538432
G2753,0.8364851793333358,0.029424456302560256
G85,0.8369273308034695,-0.02901945360699388
G4071,0.8369441620618479,-0.029258461061204603
G6840,0.8369453864521605,0.029230155701078356
G3754,0.8369559053794362,0.02929718608737901
G1480,0.8370822338636252,0.02955995112033297
G6533,0.8371091964465838,0.029132938852470723
G6632,0.837154830691086,0.029263009723045005
G5033,0.8374629512631099,-0.029120736073299538
G1034,0.8375122075091993,0.029014563962303862
G7513,0.8375472619783121,0.02910700038313098
G2799,0.8376447706921122,-0.029376267682711288
G2510,0.837893820203707,0.02924371571217163
G5012,0.8379112956507977,0.029030823176826794
G3650,0.8379604254898001,0.028875638552121274
G1258,0.8380364434311969,0.028775638851004114
G7230,0.838490194790925,0.02899291379265041
G403,0.8385824777658255,-0.028924338466201453
G5274,0.8385964030157537,-0.029190425689899758
G4544,0.8386350691990292,0.02884062205499208
G4890,0.8388978373775775,-0.02916256049899877
G3370,0.8392775190169459,0.02903438395932704
G1360,0.8393110247354705,0.028729283052385157
G3114,0.8394813727468852,-0.028521318065712994
G7956,0.8394977807201455,0.02853551410795511
G1445,0.8396355848038191,-0.028873885596443556
G7366,0.8396644094832675,-0.028873109553266163
G548,0.8398613468163222,-0.0287699162137693
G7119,0.8399337032104287,0.028663236778342427
G192,0.8399571702406388,-0.028825641253566524
G2199,0.8401025814336749,-0.028599153030196847
G6254,0.840112766334469,-0.028140168575984427
G6450,0.840133281237482,-0.028936285334417153
G7863,0.840178968533273,-0.028946243828328746
G5602,0.8401892858213991,0.028606645734657855
G2736,0.8402300885528551,0.028631569859286325
G4166,0.8402901970004278,-0.028595063715299254
G248,0.8406131814465204,0.028793813332702596
G1041,0.8406259133286752,-0.02874152372067763
G6239,0.8407556753826103,-0.02856509728624115
G788,0.8408755445901269,0.028478432477726717
G6683,0.8410842947795771,-0.0285316201276239
G7635,0.8412287589179247,-0.02857929030459847
G2833,0.841392383912894,-0.028065834007228237
G2887,0.8417042774032203,0.028196055426877836
G7523,0.842006224821658,0.028402527323035102
G2968,0.8426905161842881,-0.028232678103182973
G4331,0.8428088004731467,0.028181830631084804
G6139,0.8428365573962255,-0.02827074405524719
G2857,0.8429159657778051,0.028496774000223046
G4559,0.8429378574606132,0.027956940078374508
G3166,0.8429809702800227,0.028284646461744042
G299,0.8430491694037446,0.028136111643381794
G2047,0.8430794030830725,-0.028121944588495373
G3208,0.8430974711760653,0.028066781383733856
G618,0.8431271091295967,-0.02831219382422919
G3429,0.8432322592472218,0.02812285130752789
G4558,0.8433081575422741,-0.028007272186085883
G3426,0.8435101193167097,-0.027991199722596942
G4027,0.8436331310951541,0.02816465303973366
G1938,0.8437420260648094,-0.02783468767397813
G4326,0.8437977169736037,0.02809023085459523
G2234,0.843981451095818,-0.02787957819886768
G3799,0.8446340570623181,-0.027826649591216106
G7452,0.8450186569456757,-0.02765414236585311
G646,0.845099701002538,0.02787846844100668
G2391,0.8451608803695505,-0.027790918577419874
G4633,0.8451768031944836,-0.02780790730283938
G5644,0.8451913794502905,-0.027376249748726753
G4076,0.8454039707963815,-0.027664041940271118
G5783,0.8455854161184408,0.0278674102111058
G42,0.8463637912041921,0.027634893570793045
G2109,0.8463814752178903,0.027557215487923302
G6070,0.8466782727435418,0.027385948826512088
G441,0.8469969456839109,-0.027419655333774197
G947,0.84709737878203,0.027490266170066977
G6502,0.8471357281353205,0.02736460686511117
G7176,0.8472642978505261,-0.02765512500992668
G893,0.8473375890273163,0.027413369795855902
G7662,0.8473988601318441,-0.027698937798881752
G936,0.8477874620626444,-0.02729530757728029
G4421,0.8480684879056924,-0.026892314472864772
G7640,0.8482730263408149,0.02726916195800522
G2995,0.8482898261265789,-0.027206797125103606
G878,0.8483265321817346,-0.027414660456795296
G4119,0.8484802201905683,0.027459571993944866
G1912,0.8484981315248106,0.02711944487922669
G4533,0.8486386484567415,-0.02684712645447008
G2098,0.8487658974174672,-0.02689747566235845
G7199,0.8490209135214438,0.027009639812443982
G6445,0.849122511497281,-0.027015141776862088
G7573,0.84961953568026,-0.02717572208893592
G3706,0.8496327289415974,0.0268637713114867
G5279,0.8496385306029803,-0.026899947962649405
G79,0.8500539958516216,0.02706844373195157
G3048,0.8501058596945866,-0.02704102543512021
G2871,0.8501390904329725,0.026835653032021733
G1706,0.8501728044556269,0.02693301208048548
G6491,0.850242134844826,0.026775033708773897
G7256,0.8502977616305576,0.026700198451015865
G56,0.8503516415789796,-0.02719749093864477
G1398,0.8503571712078181,0.026520156403519617
G2627,0.8503698038987876,-0.026636086287147222
G863,0.8504443166602569,-0.026746202580069676
G5949,0.8504663001929108,0.027022342382076257
G2349,0.8505833412123691,0.02682225564232071
G2355,0.8511068199520085,-0.02681405203399994
G2157,0.8511797364340893,-0.026667797027843804
G4828,0.8512974414996309,-0.02650795253116868
G5258,0.8513283663765194,-0.02674887212940414
G7715,0.8513976134595568,0.026409347494202977
G1234,0.8514826235341894,-0.026569123404448374
G1886,0.8514920835196949,0.026428429837884654
G4674,0.851696824734625,-0.026387546190706324
G2534,0.8518594401034035,0.026588739478222927
G5015,0.8519137979767376,0.026572427020269632
G4289,0.8519270734192065,0.026134722449344547
G7326,0.8520029308275593,-0.02668860013764582
G949,0.852014548435496,0.026600778363309742
G2096,0.8520889180115674,-0.026523025141550242
G2773,0.8523482639895374,0.026398720979866612
G7861,0.8524425445127933,0.026262500639339333
G666,0.8526681554406459,-0.02659532702679457
G4407,0.8526806514644902,-0.02606355279439485
G5611,0.8526847696279554,0.02643715629716386
G1642,0.8527171622462282,-0.02642377707304869
G5469,0.8528595247916395,0.026217208125742984
G173,0.8529690509432485,0.026260521533051355
G1608,0.8533761032499554,-0.02624844615430609
G5883,0.8535430036281877,0.026043458087628833
G4587,0.8535834514254516,-0.02623077434307755
G3391,0.8536743028905307,0.0261738465889483
G1544,0.8537148954311629,-0.026235394231855644
G2727,0.8537599161210538,0.026126937162652047
G7823,0.853782381543885,0.026062080065805977
G5491,0.8538546944162085,-0.025967353373518447
G6415,0.8539712588312569,-0.026229429481492438
G4515,0.8540730062080937,-0.026295741921630297
G3561,0.8540842066194947,0.02617127898277017
G1723,0.8541579150220113,-0.02605082538869495
G2183,0.8541645142792811,-0.02620913846539847
G1931,0.8545718121557284,0.026152062907750906
G1685,0.8546614502517103,-0.026157470920166077
G5727,0.8547218785579821,0.02599175732366108
G69,0.854779025545015,0.02603914782166402
G5862,0.8547920288397116,-0.02622163757833609
G1375,0.8549605316961545,-0.02589578993215366
G5619,0.8550967268132206,-0.026056135109154326
G6733,0.855106248710916,0.025792852440252232
G5542,0.8554080058868663,0.025911651863169575
G1780,0.8554479658777918,0.026007791796293495
G1920,0.8554539990616454,0.025746340370784156
G7517,0.8556913726862935,0.025706867196975975
G7764,0.855783493597907,0.02580169453400026
G5361,0.8557980574747807,-0.02599712047569858
G1269,0.8561071451065361,0.025679940261163804
G7940,0.8561382371010409,-0.026044508886798608
G2852,0.8561545309868035,-0.02601401269467587
G3411,0.8562557628140992,-0.02573184922571828
G5403,0.8564310550242425,0.0255721673220074
G1813,0.8565169781094785,-0.02576640104574824
G6790,0.8565289187324131,0.025784414173600244
G4318,0.8566043395733268,0.025665866469523204
G6442,0.8566327751063217,-0.0259907457972154
G27,0.8568262825098409,0.02572286849885553
G5893,0.8568378243799886,-0.025564388452917954
G135,0.856887139421377,-0.02563610753894667
G6978,0.856895414189625,-0.02563313642266363
G6295,0.8569477460456987,-0.025375136792358727
G4175,0.8570040528714012,0.025613887897667435
G2311,0.8571761504821105,-0.02575039157027727
G4124,0.8572253571498387,-0.026009843746985645
G1855,0.8572659592508642,0.025762443918430796
G7367,0.8573403517053604,-0.02552895447402167
G7574,0.8573653440243842,-0.025680620488445376
G2724,0.8574658483669554,0.025587010143702384
G2504,0.8575271429902133,-0.025039385946035615
G6302,0.8580542315831695,0.025520241426533682
G6036,0.858225442326673,0.025290624068817075
G4967,0.8582481907336512,0.025331941698315333
G7303,0.8584666484988585,0.025407486348137803
G3683,0.8584887087288898,0.025315058241673995
G5431,0.8586338782996688,-0.025506062717910484
G4829,0.8587269107400122,0.0252956003451294
G5805,0.8588888542419468,-0.025513841587271824
G3356,0.8589009570582152,0.025016637716393043
G1917,0.8590791130988815,-0.025372823270161445
G1216,0.8591921691519357,-0.025277134763063494
G5571,0.8593138105446949,-0.02510844653688541
G5970,0.8595094369375836,0.02547579373698134
G7042,0.8598352473323879,-0.02552821402849005
G1882,0.8600114476692782,0.02513478763278818
G7644,0.8601946088914963,-0.025165545172610146
G2644,0.8603712800521651,-0.025158584776062365
G1939,0.8603785100525446,0.024947854455445354
G725,0.8604904337742061,-0.024964450894197226
G7572,0.8605007690577173,0.024938342720192304
G184,0.8608609328901022,0.025336134183329695
G6314,0.8610926400550504,-0.024837749165459454
G351,0.8611035366655757,0.024775350591128686
G7034,0.8611433546590412,-0.024650182283106198
G1249,0.8611513684830108,-0.024989378191396145
G5019,0.8612395756867292,-0.024826492366359094
G889,0.861285663532739,-0.02475568470933212
G7207,0.8615876695351399,-0.02512870574961195
G1743,0.8617616904445609,0.024818998602419283
G3109,0.8620237080655135,0.024621645394133848
G4021,0.8621037716878531,-0.02470564946299653
G5983,0.8621686210787458,-0.024387868597855508
G5961,0.8621986279607929,0.024503547225850873
G4759,0.8622588542783427,0.02481216870642959
G4239,0.8622745637337516,-0.024281536047411893
G5811,0.8623495562853429,0.024538000986199168
G7070,0.8623939745343184,-0.02470074823243603
G24,0.8624125305281072,0.024718768071186926
G7043,0.8624593397363463,-0.024592618716647557
G683,0.8624648339439281,0.02481800919860056
G1645,0.862494309071641,0.025008413343031305
G1372,0.8625595682993976,0.02440405764431175
G1634,0.8628444056025288,0.024578086013304988
G5256,0.8631424781609564,-0.02467279461490902
G6977,0.8631558354081393,0.024418094142974793
G2404,0.8640208233434619,-0.024245490791863
G4450,0.8641100564787524,0.024478359394395553
G5894,0.8642612064105631,-0.02437304598136948
G1346,0.8647705787824346,0.024331051936590534
G5673,0.8647739135597213,-0.02450703493051812
G5508,0.8649838306931504,0.024298333310207275
G1803,0.8651248527510181,-0.024208228459318255
G7664,0.8652444879772643,-0.024138652042817017
G3281,0.8655260778205961,-0.024045086312945375
G5518,0.8655342412688487,-0.024026855306118863
G3376,0.8655733175756157,0.024062247263218817
G6822,0.8656865965454962,-0.023934030302121184
G5539,0.8656975911007833,-0.024081699843336156
G7459,0.8658530955276931,0.023685081831399824
G1355,0.8660967942197171,0.024080286777942467
G4677,0.8662971472178624,-0.023965108228693414
G2789,0.8663987700515031,0.023917663360447577
G372,0.8664778064575975,-0.02393634633258364
G527,0.8666071924872876,-0.023753166964449415
G7175,0.8666394751023686,0.023879388611754652
G1551,0.8670022443767988,-0.023727900345382108
G5351,0.8670441869498465,0.02392274164986892
G5550,0.8673700961482926,-0.023977381505860068
G6497,0.8673752453843303,-0.023646073823552168
G6744,0.8674448145738785,0.023758345378813765
G1788,0.8676826064841546,0.023627814280747755
G6507,0.8679418976299536,0.023670206317286342
G5374,0.8679499504693234,-0.02360478354196879
G4802,0.8681006341232642,0.02379942300272999
G3646,0.8681035316834858,-0.023523806373778926
G4437,0.868111302408366,0.02367855922008852
G7083,0.8682909873589777,-0.023571075486754155
G5064,0.8685456709244246,-0.023552722395411972
G331,0.8686474314088269,-0.023685961300676975
G473,0.8687452536301693,-0.023506981123331494
G6321,0.869108564227651,-0.023558373336717876
G7935,0.8691839026779378,-0.02356314112459279
G2259,0.8692351612942641,0.023465105136833645
G2820,0.8696682972542015,-0.023304103519837978
G2858,0.8696721035678538,-0.023138321959985296
G2045,0.8698910241219894,0.023150126351069677
G161,0.8699051678592391,-0.02345038694570834
G6263,0.8701141538006502,-0.02327889064109476
G5930,0.8702672374099951,0.023142946184355292
G2722,0.8704038697531691,-0.02339655731234988
G3613,0.8705137307407992,0.02319441563850064
G7404,0.870570881139959,-0.023239438511979894
G1108,0.8706154093626053,0.023245272318746485
G6156,0.870698553229077,-0.02307672298773504
G5501,0.8707685676061414,0.022838707319568594
G2963,0.8708023107562536,0.023105047385023215
G480,0.870930771812647,-0.02326336271262433
G4859,0.8709778309847407,0.02302883717762666
G4067,0.8710850671774057,-0.022940762113471076
G2764,0.8713117654291397,-0.02298614729799544
G1473,0.8717903870748421,0.023015559697404736
G7503,0.871890619737111,-0.02303123543495172
G6365,0.8721410164066015,-0.022808133737399885
G7047,0.872471535846292,0.022674200967442
G5781,0.8727583109764505,-0.022779200207491912
G1227,0.8727950465756014,0.02295710340188726
G5523,0.8728790472849282,-0.022892782423616642
G4055,0.8728914078418258,-0.022927091429726154
G3451,0.8729224408616927,-0.02275600661331703
G4253,0.8730757572488351,-0.022597659077047107
G1475,0.8733404617732848,-0.02272237745282237
G1592,0.8733495329006244,0.022545244574211015
G3335,0.8734613221309211,-0.022792515496882767
G954,0.8734737569429429,0.022731298977930626
G962,0.8736443757772016,0.02259249031618399
G6166,0.8737933139048069,0.02244895289307186
G6235,0.8737962543754881,0.022631522260460037
G979,0.8738120322835612,-0.022491940576346833
G2698,0.8738127610155213,0.022696879325678314
G4048,0.8738604946328947,-0.022721511434556647
G7278,0.8743411785167118,-0.022539940119694037
G3191,0.874550152099158,-0.022352063235489265
G7069,0.8747928033639935,0.022581489855067437
G4474,0.8748029803915878,-0.02227627982149598
G2918,0.874986308654963,-0.022305968039209617
G2847,0.8750697263650354,0.022448255215550043
G940,0.8751208991749666,-0.02211646699530877
G7080,0.8752459766541358,0.02227674396500131
G7059,0.8752650983540595,0.02209557429101245
G6149,0.8754278872913828,0.022004994112495423
G3262,0.8754852036933279,-0.022332814470693976
G4585,0.8757882922750079,-0.022421188466050346
G5257,0.8758211828073884,-0.022350629187412173
G12,0.875966519472514,-0.02244550586562486
G7328,0.8761983584108747,0.02229991560619308
G6035,0.8762816437697188,0.022004523803907806
G7963,0.8766047217456026,0.02198801334449805
G3509,0.8767998765695342,-0.022326256838676038
G7000,0.8768308830416401,0.022039037675995243
G5276,0.877145530457377,0.02188271786098612
G930,0.8772413848248224,0.02189966935224933
G6413,0.8772852694327895,0.02163936077033996
G4949,0.877299293720541,0.02204182840465687
G3942,0.8775529253086894,-0.02219656211015635
G5702,0.877597660855005,0.021970945557906206
G7551,0.8778579392179184,-0.02172676373156053
G3910,0.8778589547367028,-0.02166350777115745
G1713,0.878122626792671,-0.021837166491165842
G2326,0.8781975074524099,-0.022019077827082463
G5528,0.8782066418824941,-0.021797302663149498
G1652,0.8782976293591892,0.021759437100176346
G1529,0.8785461420177012,-0.021648216301942358
G6864,0.8786357457458291,-0.021684907940752857
G7843,0.8789175342905599,0.021689519366887476
G4181,0.8789178928449346,0.021646540960434283
G2359,0.8790710388479666,-0.021544494531671954
G1568,0.8791007678869074,-0.02150717409551821
G303,0.8792882709009782,-0.021354890424508673
G3113,0.8794414796796041,-0.021590747044452616
G3932,0.8798682784562151,-0.021497597477768762
G1392,0.879905438977483,0.021392148010400652
G7687,0.8800522950765128,0.02154272812363796
G637,0.8801056429753988,0.021451569831971835
G1077,0.8801447093205916,-0.021628318977157463
G1607,0.8802108361371079,-0.021471098115076144
G1007,0.8802461357533922,0.021379365842277336
G5864,0.8804182599111426,0.021396597482150215
G4576,0.8804759864851919,0.02141881094041062
G3988,0.8806126597934482,0.021369618074316518
G4926,0.8809413866104092,0.021017876569219267
G5529,0.8811673224167982,-0.021223413948259037
G7989,0.8812801389786419,0.02134299692629437
G6406,0.881321932869831,0.020972854594813992
G6835,0.8813832005369631,-0.021214572437752918
G2137,0.8814569374240915,0.02125066689096675
G2916,0.8818710594796237,-0.0209197768688308
G3666,0.8819612018026707,0.02116953027627178
G933,0.8819776878058316,-0.021098029929869717
G140,0.8819916335796523,0.021131146245401362
G5428,0.8820606848429123,0.020858550545963583
G1011,0.8821390862128596,-0.020971471626913304
G4154,0.882200754707126,-0.02109783672013457
G5905,0.8822499487742528,-0.02094793245552749
G1134,0.8823765746530867,-0.02106952383209764
G4231,0.8823959484248463,-0.021038626831681874
G2869,0.8824055839410427,-0.02131179313432941
G2281,0.8826659353979828,-0.021045615278333086
G7583,0.8827117282237225,-0.020904073867632544
G5442,0.8827317532766767,-0.020746583378751182
G7196,0.8827907531857099,-0.02100807444256067
G7241,0.8828029813620513,0.02100295070181805
G880,0.8828580701684767,0.02123358620212442
G5090,0.8829992580739773,-0.02094358771917245
G5800,0.8830592949813638,-0.020867419960713934
G474,0.8830631944759405,0.020915108812579904
G4603,0.8831005516115742,0.020974251583930487
G2428,0.8834951871008395,-0.02087936014201327
G6102,0.8835781422296187,0.020825398417085184
G3725,0.8837192608714851,-0.02062140224254877
G6546,0.8837346880738635,-0.020850942011865655
G7833,0.88373752387029,-0.020477084217388454
G7703,0.8839981172829592,0.020922687245045708
G989,0.8840608074078293,-0.02077952667945996
G7519,0.8840787103521226,-0.020621984943142848
G670,0.884170381755992,0.020670729935268035
G6622,0.8843146334586729,0.020718423759080874
G6465,0.8843400460708102,-0.0205671810631846
G377,0.8845968423423863,-0.0205262898815637
G3196,0.884841965876353,-0.02049804013512285
G603,0.8848545394714862,0.020625974165415426
G143,0.8848606811718372,-0.020686239530605673
G7179,0.8848607817007019,0.020665758235158864
G7527,0.884884984933255,-0.020527231014401515
G4069,0.8849495504600301,-0.020509446814452895
G6721,0.88505088900255,0.020659606205734263
G2566,0.8850537035888766,-0.020557705257752676
G4973,0.8850745430399702,-0.020745374794928557
G6657,0.8851595983141813,0.020675758756223205
G1450,0.8851726363171274,-0.02080419076181317
G5846,0.8853860284015392,0.02046153200656704
G7335,0.8855053360731715,0.02062603053041425
G1384,0.8856693313042239,-0.020434130917890793
G7262,0.8858910185370844,-0.020427234703218375
G4813,0.8860457064396403,-0.020360715073210127
G5672,0.8860476429080298,0.02021418307504464
G768,0.8861263320342189,-0.020261167365354694
G1653,0.8861571370345637,0.020436855844954947
G5739,0.8861755372611333,0.02037703033055073
G6666,0.8863380634325237,-0.020118173368758967
G5314,0.8863926743795398,-0.020191010633622705
G1831,0.8863934961028022,0.020368802010271036
G3295,0.8864525962818833,0.020322767313741066
G6548,0.8865012432148628,0.020320687449921444
G7871,0.8867538348449808,0.020450038008006644
G1381,0.886852953066473,-0.020334418091203635
G7440,0.88696121994975,-0.020286339351195032
G6588,0.8871014832434422,-0.020137096444997275
G3639,0.8872572775394393,0.02026782002205923
G4952,0.8872966465660286,-0.020137841006897014
G755,0.8873277765887642,-0.020174361714838523
G5320,0.8874478478008107,-0.020139867595452693
G6544,0.8875943683857679,-0.020301013425986333
G3873,0.8877232467402946,-0.02010598560736733
G4560,0.8877268926725241,0.020063232592483965
G3442,0.8880788762700794,-0.02005456688963203
G472,0.8881567855842338,-0.020109584765528626
G7389,0.8883334208619067,0.019850121135785197
G5222,0.8883520049134876,0.020147488641805742
G3271,0.8886198154400258,0.0197373042448735
G4302,0.8889953398495093,-0.019847814144669167
G3526,0.8890782577835991,-0.01977420845693166
G5175,0.8890811633111335,0.019800243786366398
G4451,0.8891151026352593,0.019960516440736167
G3652,0.8891292554041974,-0.019939762338773925
G7474,0.8891646471846455,-0.01983245667372563
G5725,0.8891702810947736,0.019625003276977047
G95,0.8893973756782096,0.01982790801559805
G2153,0.8894241145372783,0.019751908657917948
G4773,0.8895916853351118,0.019637446651334045
G4547,0.8896482291582373,-0.01973877337274423
G6190,0.8898338980210306,-0.019842005324837382
G7281,0.8900543024144594,-0.01977646689053941
G7120,0.8900595514523799,-0.019648252605110585
G160,0.8900687752052319,0.01957867658864025
G5642,0.8902403779432188,-0.019702394125295775
G3172,0.8902707556141874,0.019538165512906436
G7451,0.8903252964475883,-0.01944656488458279
G5063,0.8904086702374322,0.019826413492338425
G3288,0.8905137425174456,0.01958898457396155
G3151,0.8906070439890558,-0.019491342181599314
G4527,0.8906943671551838,0.019521987243556364
G1884,0.8908025973535973,-0.019302189676715497
G2360,0.8908328811423314,-0.019606829644348008
G1214,0.890928634399619,0.019559977781563792
G1226,0.8912121968646994,0.019408115434714112
G4199,0.8916065391444778,-0.019501121165080577
G216,0.8916477861244203,-0.01940190711727007
G6477,0.8916680848269856,0.01924873637718516
G1354,0.8917139440190073,-0.019295696627352293
G3190,0.8919422544728696,0.019424792381806392
G4482,0.8924237353347089,-0.019298457525077403
G103,0.8929762896378568,0.019068449770765914
G2685,0.8929948860474808,0.019138837843220062
G2509,0.8933661832709046,0.01898469185100945
G4550,0.8934807872180623,0.018917998148009332
G6569,0.8936031765692362,0.018980650255984013
G4665,0.8936142286794707,0.019025117699044785
G6702,0.8936869916585781,-0.01892368455214593
G4996,0.8937314465615146,0.019038456867277776
G4604,0.8938083761070855,0.019174114212932233
G4251,0.8939039735192782,-0.0191344588974839
G1453,0.8939246106027618,0.019175185820157193
G7093,0.8944335200815544,-0.01885331095090225
G3760,0.8950621603798627,0.01871169231511672
G6728,0.8950934756476207,0.018527910548571606
G6799,0.8951589202579561,0.018607594027633484
G4275,0.8951921619252599,0.01888622217860448
G3928,0.8952078814886146,0.0188617338760537
G5027,0.8954662767535035,0.018683073704611974
G5289,0.895494095967891,0.018528576832896295
G5440,0.8956288530882868,-0.018511403165290475
G6364,0.8956723092778034,0.018699801502599908
G1928,0.8958180588925277,-0.01858996447160201
G5449,0.8960741867296692,-0.01862612027866635
G956,0.8961072547041153,-0.018417650710039785
G4300,0.896121202918328,-0.018462269308363997
G4108,0.8963859782847479,0.018419617623751036
G616,0.8964155726746105,-0.01858469584362569
G1025,0.8969930233011238,-0.01830157474835416
G4493,0.8970069864796864,-0.01834137697711076
G682,0.8970219845687295,0.018463837272352412
G2819,0.8971540004657659,-0.018276274758612397
G1857,0.8971930176719469,0.01846407259507965
G3868,0.897659279490917,-0.018440684647334733
G282,0.89770202387681,-0.018485907003254455
G4341,0.8977157363337318,-0.018494714387762012
G7816,0.8977750955067241,0.018453783122438033
G3498,0.8979827824965196,0.018227588712759625
G1921,0.8980630846405464,-0.01824764215804692
G4357,0.8980791105579786,-0.018069144718333423
G5567,0.8982875350747106,0.018193218680636513
G2632,0.8983390367087964,0.01830938602052195
G5604,0.8984373875530556,0.018089930468288665
G955,0.8984689286007682,0.018130046024610193
G438,0.8985627473370181,0.017964645811321588
G2971,0.8986217279385476,0.017801617518157634
G5188,0.8988463039659532,0.01807264682527005
G3187,0.8988788132118732,0.01818699319722244
G3279,0.8989099971159826,0.01800241254145719
G2692,0.8996314175875368,0.018154770076293736
G7384,0.8997705938685877,-0.017946800754415237
G4045,0.8998789351309879,0.018023506871195683
G1879,0.8999357665139875,-0.017881466919276248
G7163,0.9000100755102953,0.017774456379401643
G1144,0.9000834107154596,0.017906377926512895
G1795,0.900134387653612,0.017879357386598668
G667,0.9002189082143739,0.017892735768304413
G6042,0.9002574812642361,0.018000561193788907
G693,0.9004739598455468,-0.017654733979535688
G4207,0.9005167821627222,-0.01761768163642425
G3635,0.9005667098092466,-0.01782614908072731
G7215,0.9007051896169098,-0.017790584715078044
G414,0.9007118758075712,-0.017628277481637596
G402,0.9009840122019415,0.017816381777079476
G3492,0.901104342915894,0.01757517145199249
G3533,0.9011127322620185,0.017532257222180853
G7915,0.9012100269530503,0.017678263611013892
G5219,0.9013558437738481,0.01764840058283149
G3383,0.901555110616298,-0.017599842405029844
G2549,0.901871650895185,-0.01741331979288778
G1648,0.9020407379925928,0.01742833486295762
G4887,0.902137088507194,0.01731165804693593
G1922,0.9021413660686314,0.017497401154035846
G5691,0.9021684794839806,-0.017489140664729175
G722,0.9023487056298488,-0.017446716802235175
G6455,0.9024141080451933,0.017390088693230978
G5121,0.9024934706926222,0.017447011273766085
G180,0.9025368718038365,-0.017325026433166274
G6900,0.9027186504725343,-0.017505621069562258
G2649,0.902757501889067,0.017401613177982014
G2022,0.9029118851547409,0.017583515251543228
G4643,0.9029196818220794,0.017339139208410334
G6904,0.9032763553974328,-0.017127604904694237
G6063,0.9032948655426509,-0.01729604869511043
G5664,0.9033551133135217,0.0174795347412555
G5978,0.9034927378634177,0.017285978454457538
G6007,0.9035090953102702,0.017443920096029287
G3324,0.9035338048066769,0.0173061428265177
G2876,0.9035699405432178,0.017101269561981068
G3769,0.903688608615876,-0.017090336992077796
G3554,0.9037734851819996,-0.017084861180647753
G3933,0.9042878967663209,-0.017019700721459634
G1566,0.9043599780065137,0.0170399297140525
G7841,0.9043709315140596,-0.017181332936515078
G1071,0.9044533414764155,0.01722007855801968
G127,0.9047295135598616,-0.01699707251060112
G6972,0.904903263544288,0.01701509155340443
G7988,0.9049053722556957,-0.01720620067926234
G5102,0.9053353660635156,-0.016738093021511205
G5534,0.9053583496999849,0.016822218644542995
G7282,0.9053768372216457,-0.016832201801207727
G2514,0.9054062051274049,-0.0169261465064802
G6407,0.9055231673076858,-0.016630337089487544
G2494,0.9058551428633388,0.01684713888662076
G1177,0.9060347514259242,0.01694245123566673
G7718,0.9060715620102548,0.016827482053755324
G1101,0.9060832767316693,-0.016716874707341366
G6845,0.9060927730704016,0.016600839308860714
G324,0.9061135689238954,-0.016646759628655097
G3511,0.9061993344849826,0.016806374268932108
G5603,0.9063489965405012,-0.016659317375112434
G5958,0.9064805709478009,-0.016578060245847924
G5098,0.9064886812808671,0.01678555062773788
G5369,0.9065033970699689,0.016673822936306575
G5460,0.9066667142360731,-0.01656203942855551
G5036,0.9075070565935184,0.016562253528892297
G4,0.907721940389701,0.016573161223264198
G7486,0.9080093357597785,0.016382043000041174
G139,0.9081704266235808,0.016361074887686202
G2242,0.9081872410683025,0.016315990680848873
G5248,0.9086411572835691,-0.016338619652234317
G2597,0.9086726083950575,-0.01618808014820211
G6337,0.9087716643214488,-0.01618319559629748
G2825,0.9087756671385516,0.01637960540766003
G2325,0.9088545938994292,0.016199280724221752
G6216,0.9093685068796589,-0.016202547989633175
G7724,0.9096997482192455,-0.0161791625755998
G4912,0.9098065737297869,0.01623974964991168
G3783,0.9098727671750021,0.01611407973390056
G3061,0.9101328554319202,0.01615250604742522
G1106,0.9102723437153841,0.015963447211116595
G3025,0.9102772926980354,-0.0160905772702569
G3539,0.9103676701440238,-0.01588573833495436
G6446,0.9104303410103697,0.01590111841664814
G4030,0.9105445750703384,-0.01602305966741911
G6653,0.910672842954094,0.015989449827936195
G5097,0.9107713033569649,0.01593487811012999
G3776,0.9108311001886302,0.015902186411891145
G4620,0.9111435703089231,-0.015734160950557123
G4454,0.9111461266851552,0.01599204958311995
G2411,0.9112533942199397,0.01605708357329519
G708,0.9115135519746035,-0.015665417096565243
G7111,0.9115559120737127,0.015931243834775122
G6504,0.91159200333116,-0.015849556335973968
G6514,0.9116167811949749,-0.0159026505007466
G4531,0.9116880704017383,-0.015652589893515208
G2860,0.9117663484414531,-0.015888415813859313
G7302,0.9117883647881404,0.015746771044046464
G3671,0.9119310600182717,-0.015851944420993715
G7911,0.9120980839809633,-0.015617176040068875
G4433,0.9121564738716921,0.015614526003877818
G3612,0.9124352808733039,0.015681780094356425
G4150,0.9124860278638038,-0.01569069195653188
G1588,0.9125793325021767,0.015636617385279564
G3702,0.9127739664053918,-0.01572949679653597
G561,0.913248888148845,-0.015400913422859154
G1757,0.9132911672953328,0.01536371021485195
G2270,0.913503639894544,-0.015532651112302356
G5760,0.9137738351985261,0.01536380876442785
G4717,0.9137887462913973,0.015483833290064194
G2516,0.9137976253411553,0.015483277253118155
G795,0.913873858060554,-0.015094948401333807
G2798,0.9139196812692241,-0.015288827131519632
G2330,0.9140664531089484,0.015299865362705257
G6954,0.9141283447657991,-0.015249523811647632
G1330,0.9142933761896591,0.015279238470514054
G1778,0.9143590632326605,-0.015221430011768268
G576,0.9144752308931956,0.015312876206097586
G5243,0.9145839966666429,-0.015238255467638611
G5843,0.9145847195397783,-0.015314322072580228
G4535,0.9146578600155951,-0.015220234377499097
G1135,0.9147688236836393,-0.015078832864305834
G5053,0.9147802810454593,0.015117393658161728
G3303,0.9149886498920087,-0.015229777863348866
G356,0.9151913565154874,-0.015200445506208348
G7004,0.9152502026403241,-0.015052433164183577
G1698,0.9154523097498424,-0.015011829478667381
G728,0.9155333595105084,-0.015252163316065022
G2846,0.9155495620959355,-0.015165692310721793
G7455,0.91560789700889,0.014891032228353071
G1764,0.9156743818174861,-0.015171023927547898
G1440,0.9157714959516662,0.015161244713010011
G7471,0.9158410441320664,0.015022375160519042
G759,0.9158507198243324,0.014991741686270044
G6630,0.9159784653291324,-0.01480228555101792
G7443,0.9162471670186447,-0.014932876767724614
G6264,0.9163465868477535,-0.015015677006640134
G3919,0.9164508369796643,-0.014856253051713987
G6942,0.9164908660187362,0.014721984649566255
G7820,0.9166193717110422,-0.015066277304356536
G6440,0.9167299240342905,0.014816794388849482
G179,0.9171102517282078,-0.014763985192902555
G5670,0.9172967550015791,-0.014746089718948113
G853,0.9176945475151026,0.014746539504958401
G4222,0.9177006673875074,0.01469389754726667
G5845,0.917774385087825,-0.01485285676938283
G4082,0.9180045496109603,0.014662903990808013
G2889,0.918127675286235,0.014686694365981414
G1363,0.9182682738587289,-0.014565360670413629
G3069,0.9183325253230301,0.014502702798246381
G6189,0.9186093218047582,-0.014492991823959075
G3567,0.9187345653536791,0.014473091620806802
G4939,0.918832266049981,-0.014472963791936948
G4623,0.918840955301607,0.014552192915450981
G2893,0.9189424988830414,0.01436657822579386
G198,0.9190886256224724,-0.014444273019406182
G338,0.9191733325613122,-0.014456428221763351
G7676,0.9193387485654856,-0.014349599594426447
G2537,0.9195896076565431,-0.014394215940040346
G2071,0.9196515464990264,-0.014341066492917689
G3496,0.9200070505252149,-0.01419241303560851
G2187,0.9205198753060833,0.014293858309156384
G4934,0.9205533734028546,-0.013980158607606518
G6330,0.9206133673262784,0.014151197421572219
G5585,0.920676298582191,-0.014153810550766305
G267,0.920831524906776,0.014082705909647818
G882,0.9208483406822282,0.014241764639045355
G3989,0.9209682807586987,0.01408497325889399
G1927,0.9215324135421132,-0.013893686886508775
G915,0.9216496712435212,0.014179798662075626
G3484,0.9217320231024728,0.014056230106676691
G333,0.921927817445222,-0.013969185182162253
G4018,0.9219904411946558,0.01392030560121912
G5790,0.9220132203864567,-0.013760949373172772
G5437,0.9220314375587824,-0.013840696233102055
G7392,0.9220423817921084,-0.013815626771061093
G1679,0.92209915618038,-0.013902292175778156
G1122,0.9222253036018723,-0.01381752570926311
G6116,0.9222800215541298,0.013874893353894687
G1380,0.9223893772582883,0.013770322954658005
G3450,0.9224029295310152,0.013774259722579205
G2980,0.9224333514677141,0.013811540268891184
G4172,0.9224518592868463,-0.013753629291487237
G5152,0.9226163307919167,-0.013751046545442968
G7006,0.9229042062283468,-0.013981773911072335
G4617,0.9230085412268834,-0.013706822020266088
G6462,0.9234518663690452,0.013728217227660204
G4951,0.92363567404711,0.01372669703394946
G4445,0.9237038673088531,-0.013855496438953731
G2568,0.9237617058524715,0.01362159706683818
G7892,0.924157675387919,-0.013383811820515209
G2543,0.9243447262159449,0.01351589658074525
G2503,0.9243560074148192,0.01332534824268126
G5535,0.924421492111614,0.013406469224157083
G7351,0.9244746639208125,-0.013632718294646
G1569,0.9245428192910005,-0.013536806929237519
G1202,0.9246463282129769,-0.013443364433830292
G2210,0.9246500200523063,-0.013438936720049862
G3056,0.9248123613333784,-0.013405372828674357
G3011,0.9250091910845785,-0.013404234514075294
G4798,0.9250182767098207,-0.013296974489301866
G4835,0.9251067096489932,0.013400160203112105
G1691,0.9251479728630561,0.01350604015694536
G5002,0.9251679060498499,0.013296368528048006
G6233,0.9251764697690178,0.013354599772601505
G3225,0.9252499052109316,0.013308587429122637
G3416,0.925305665452937,-0.013349596024176567
G3119,0.9253298095727522,0.013221448930527843
G4790,0.9253338809397116,0.013352692183516479
G5326,0.925347118662597,0.013208215179733892
G5861,0.925531458871994,0.013338322906253704
G5555,0.9255711581429312,0.01322313751011442
G4958,0.9256783934782519,-0.013338387919649945
G6689,0.9258304581125647,0.01332430154502165
G1539,0.9258525399441823,-0.013457249696394776
G3317,0.9259654719124804,-0.01327021830202781
G4036,0.926228814426682,0.013164742074159935
G2888,0.9264996860988364,-0.013194301246316332
G2843,0.9271325639772972,0.013142291198277763
G7581,0.9271531619980027,-0.013100874242458902
G6284,0.9271668687732593,-0.012880723935105424
G3306,0.9271955464856771,-0.012962145812007188
G5630,0.9272137078191609,-0.012904140532497905
G5193,0.9273033025474577,-0.012920199978115145
G238,0.9273120299824407,0.012912035993405
G4014,0.9274880260490039,-0.013091929335987677
G1040,0.9281618512404848,-0.012846158158507169
G4486,0.928319631182671,-0.012834280749894882
G7066,0.9284036247651977,0.012775530405592567
G1031,0.9285595503033439,0.012661627303028708
G5425,0.9285717268835394,-0.012820162010851729
G4008,0.9285852738330017,-0.012684248830942595
G7132,0.9286074010255561,-0.012663217219856238
G6926,0.9287339377920751,-0.012549391448338502
G5427,0.9288144793442593,-0.012668077832000484
G7522,0.9288240667886611,-0.012618624445981969
G1220,0.9288827947573943,0.012662846951478936
G329,0.9290859831308355,0.012648143981148935
G3478,0.9292885110054194,-0.012437156016070573
G3323,0.9294545288801033,-0.0126139485418983
G3242,0.9296752467017318,-0.012541261691148239
G7012,0.9296913226185183,-0.012545544988936626
G2124,0.9296949860613327,-0.012541139519261047
G7271,0.9297093604282192,0.012366935225568414
G716,0.929976908896627,-0.012544237662039196
G2809,0.9300310680910009,-0.012537103342340672
G7360,0.9300428638817164,0.012329735952945557
G4628,0.9300521282932145,-0.012565361572077889
G5577,0.9301162524929255,0.012449872069342489
G1540,0.9302110467945159,0.012284357196330944
G2357,0.9303524489607371,0.012421713586988842
G4664,0.9304198466973115,-0.012518682914738188
G7173,0.9305551051554186,0.012429322560028133
G2669,0.9305712122661494,0.01242021322831381
G605,0.9307378485207491,-0.012402253338375623
G7805,0.931013881435107,-0.012307864593937862
G2133,0.931031574832124,-0.012324599816994408
G6708,0.9310876453054323,0.012245109816075699
G7800,0.9311162604366743,-0.012331106260943754
G4884,0.9312415983658839,-0.012188860143954414
G2737,0.9313102502246506,-0.012162475355309108
G3701,0.9313369284027567,-0.012268350979678683
G3456,0.9314301224603199,-0.012244492980254113
G458,0.9314966804320399,-0.012251799232423836
G3216,0.9315116103888214,0.012323408843785865
G6088,0.9319006998793522,0.012191151122930916
G7821,0.9319252998621583,-0.012242130323157161
G5286,0.9319563007360021,-0.012087061666926933
G3872,0.9320006449838176,0.012244790161117066
G6325,0.9320228413695231,0.01217642565294994
G4028,0.9320420378305441,0.012162279820455597
G4020,0.9320851061978299,-0.012221711215278458
G5499,0.9321940082709887,-0.012187140449342198
G5347,0.9322061285545882,-0.012041400547885838
G5591,0.932219605928815,0.012105989354645547
G5433,0.9323716905989488,-0.012210289757575453
G4476,0.9323824591220424,-0.012038716895568716
G4137,0.9323836379374897,-0.01221900513543719
G6206,0.9325859035326193,-0.011946427066688812
G4867,0.932591858054689,-0.011880392795732313
G4115,0.932596860724192,-0.011898184056143218
G6990,0.9330319983078822,-0.011979492031607591
G1179,0.9330855378788179,0.01207749903795087
G1534,0.933217184913677,-0.011778470126988185
G6851,0.9332572214594755,-0.011968457791562297
G1432,0.9332611711424871,0.011967913347064306
G5504,0.9334242108413712,0.011926176345628498
G1953,0.9336926416710728,0.011742159921123749
G3767,0.9337743428821658,-0.01179673235750784
G852,0.9337894011124419,-0.011709404741507033
G6826,0.9340146361877917,-0.011756509078089599
G4511,0.9340752347215817,0.011579385590069605
G5169,0.9342921304613352,0.011775433382307812
G5658,0.9343364910896401,-0.011701083472701133
G2821,0.934760776616883,0.011560230286010057
G3744,0.9348903405816971,0.011624669938227635
G2508,0.9349568732503597,-0.011662950983775063
G3793,0.9349774369789208,-0.011584599701974665
G164,0.9351170620757845,0.01162386126340701
G4477,0.935193820027739,0.011555064291788316
G7492,0.9353579330136724,0.011526135448136732
G6594,0.935644576472658,0.011439041855969598
G1812,0.9358281773225643,-0.011401386873821183
G3035,0.9358378514584815,0.011385568503257367
G339,0.9359885455615324,0.011380843478087847
G5612,0.936156638073903,0.0113947531450035
G680,0.9362294111368553,-0.011461185898997982
G7508,0.9364310699338123,0.011225429581460028
G5492,0.9365800010464328,0.011294270080096876
G4313,0.9365899940777466,-0.011376823106554877
G934,0.9366520096673514,-0.011363535170199241
G1748,0.9366567977056952,0.01133896162318301
G6768,0.9370535728464308,-0.0111837349430058
G6124,0.9370731223416038,-0.011258116352916485
G4431,0.937115928244588,-0.011313697534386258
G664,0.937172657261131,-0.011220928556858138
G7420,0.9371795493969262,0.011206649655517785
G7669,0.9372245926686001,-0.011266847957205766
G5657,0.9372535658380223,0.011200250689651203
G2475,0.9373376777522773,0.011139602713938115
G7225,0.9379498327548847,0.01107916393364813
G157,0.9379784326577683,0.011086186037637462
G5650,0.9380095840410864,-0.011051620750216009
G6500,0.9380331965823958,-0.011138813461518508
G1935,0.9380893091226113,0.011032874332002954
G3905,0.9384148590117878,0.010976375882857126
G3602,0.9389716399020194,0.01091390684968191
G6135,0.9390904041083433,-0.010928915681892679
G7609,0.939259641684903,-0.010885357913924486
G537,0.9392919181141413,0.010775765569148676
G4322,0.9393313399249046,-0.010791221497154696
G1955,0.9393444925879455,0.010829996404439456
G5272,0.9394150449921723,0.010825259560214788
G5291,0.9394492183864269,0.010694508717688856
G5216,0.9394686547380942,0.010858180083733912
G405,0.9396240380186609,0.010890209895356304
G3552,0.9396270595364925,-0.0107485611677146
G5774,0.9396652472817414,-0.01081385416842615
G1977,0.9398127813566782,-0.01073880658291479
G541,0.9398230459256236,-0.01076467276565998
G1232,0.9398561418725295,-0.01063229471840977
G4946,0.9398732400248483,0.01068745144343192
G6209,0.9401585859951389,0.01070667200740454
G2407,0.9404229662963084,-0.010523522822994584
G4438,0.9404252381019236,0.010587041842258362
G417,0.9404792860073559,-0.010638426797305388
G2269,0.9406593983578504,-0.0106126841173948
G1409,0.9406652971580394,-0.010455418317215826
G5189,0.9406991136184203,0.010690872652376587
G5834,0.9407567330246006,0.01056134580882092
G7531,0.9407628061995781,-0.010590141096985806
G3812,0.9408233594979505,-0.010444143586881876
G171,0.9409362130149603,0.010608261752203273
G4156,0.9409754435343707,0.01045205057564082
G419,0.941150056679463,0.010457857940468985
G2911,0.9413461596727795,-0.010506547313970212
G5731,0.9413950031217291,0.010303814040831066
G7745,0.941627097268778,-0.010358227533616447
G4057,0.9419751957142294,0.010259196581464937
G5616,0.9424434600137822,0.010391342135904699
G3359,0.9425396418810287,-0.010217315894090046
G6818,0.9425432153879153,0.01020756064777417
G6563,0.9426465228553361,-0.010202529404083248
G4435,0.9426660491898762,0.010157744293133137
G2415,0.9429243990000207,0.010282839811607606
G4456,0.9431478043457666,0.010241863582357527
G3178,0.9431647061272377,-0.010184553666132606
G4646,0.9431828826347156,-0.0101359021970727
G4582,0.9432789719644716,-0.010098829781526653
G5114,0.943288608622451,0.010159502768582174
G5991,0.9433338384664177,-0.010032650443456123
G7982,0.9434292715506638,-0.010015208286933095
G1863,0.9435044078365067,-0.010103268403063713
G1847,0.9435114320328171,0.009998053339603054
G654,0.9435262218422769,-0.01010667154910034
G3950,0.9438731956392687,0.009845563964947446
G6332,0.9442201677291135,-0.009862157588208926
G7020,0.9443193574579142,-0.010066041798457551
G3184,0.9447325791837953,0.009969482682731713
G6681,0.94504422448218,0.009779331675681374
G7356,0.9452314817278096,0.009914821114418715
G4287,0.9452391678058333,-0.009730558790575217
G4598,0.9455406792212235,-0.009676110733399966
G1157,0.9455421332326324,0.009745214795559558
G6065,0.9456012948186897,0.009661060785446696
G320,0.9457943803939307,0.00983976223391133
G6292,0.9458200441793907,0.009804902539857479
G2463,0.9458392541049381,0.009688975413930365
G6679,0.9458744069827061,0.009633702091848193
G7102,0.9459611074446803,0.009562839813375764
G7622,0.9459821035987226,-0.009655684003603473
G444,0.9459981212583292,-0.009590462754647536
G2528,0.9460470302769095,0.009699479702934825
G3777,0.9463288988583181,0.009540825749462752
G3434,0.9467252949449058,0.009545027413233806
G5458,0.9468727757355261,-0.009373277419446597
G7534,0.9468776896860743,0.009436442713250481
G6684,0.9468789396307087,-0.00945259471656887
G631,0.9472062243768954,-0.00938106160058728
G1631,0.9473764060506743,0.009418772667194125
G172,0.9473977002613693,-0.009346090356218716
G3556,0.947467572947848,-0.009348188302384146
G6642,0.9475134788839381,0.009297293850952066
G1769,0.9476205640375741,0.009299411274061453
G6244,0.9476275897503761,0.009261712246239524
G1481,0.9477120516046326,0.0093631098671284
G5578,0.9477284986952812,-0.00930778946317678
G1686,0.9477377551817763,-0.009344985565397434
G6832,0.9479931770166788,-0.009243675446049301
G506,0.9480360725529187,0.009232545117203405
G809,0.9480368051994319,0.00931793225803446
G1288,0.9481540305966143,0.009250361535157656
G599,0.9482208747479279,0.009241065003012111
G5717,0.9482415128017574,0.009294272771316907
G7296,0.9483798452401987,-0.009139290427772177
G5610,0.9484595201813873,0.009135641495671885
G3686,0.9484635572207958,-0.009213077414926194
G5779,0.9485130558736563,0.009109865897260497
G5918,0.9488516855458483,-0.009165837434782453
G5106,0.9489330592618707,0.00915597748744991
G4807,0.9489723155452883,0.00907894413336787
G1567,0.9490962704279065,-0.009054977292447405
G3326,0.9491543347496023,-0.009082389263092475
G7567,0.9492435260047541,-0.008938844510931646
G3181,0.949306881917645,0.009140556131198078
G1351,0.9493717112057537,0.00904225183297504
G6342,0.9493830292294468,-0.009058290072449068
G7856,0.9496883176016927,0.008999704339086624
G6665,0.9497807294902744,-0.00901339521906288
G6261,0.9500252189495082,-0.008917020745874506
G4237,0.9505225742069691,-0.008854405097928697
G2279,0.9506518203461995,-0.008776302693502448
G901,0.9506785570867333,-0.008846435825827451
G4994,0.9506905531092436,-0.008880903544281778
G21,0.9507119447256148,-0.008750228849622755
G2526,0.950892189105621,0.008810302411404385
G2609,0.9509444995673219,-0.00878134615930596
G3629,0.951455559366498,-0.008665520373869844
G870,0.9515998872866955,-0.008694622008601327
G1768,0.9517636403024297,0.008703614359030243
G436,0.9519763922533582,-0.008520562876364235
G6692,0.9520105100595593,-0.008619886169784034
G1248,0.9520753125252641,-0.008588995952035865
G3995,0.9521848561761586,-0.008629664117355447
G3978,0.9521887215304117,0.008559477557324401
G5263,0.9522084924008332,-0.008544220377280975
G6844,0.9523263429793875,-0.008462022070555908
G6459,0.9525427041869756,-0.008422900250314514
G1821,0.9525481202477226,-0.008534701073579603
G1989,0.952555045569579,0.008369463197667043
G703,0.9526448945219075,-0.008437701735762939
G6770,0.9527557427082305,-0.008425046378924248
G7903,0.952765507150704,-0.00837416325214069
G931,0.9527728377157971,-0.008445754979467741
G5366,0.9529415104863711,-0.00835306173017936
G920,0.9529628588995259,0.008341136123465022
G1543,0.9529694255965742,0.008312984928673328
G1322,0.9530696279092791,-0.008300972146733698
G5089,0.9534195357601892,-0.008307402879995856
G3512,0.9534301652694265,0.00836741429621438
G733,0.9534568504390275,-0.008359333126769584
G2484,0.9534871284791823,0.008411703900786703
G7524,0.9539509240316921,-0.008302620824056054
G3072,0.9540305646935607,-0.008241753557581406
G1093,0.9540738051071218,0.008151109094045615
G6745,0.9541598739834158,-0.008180567005499722
G176,0.9541640848439343,-0.008216591170940108
G5133,0.9544582148950208,-0.008100662649707276
G2875,0.9545029919670083,-0.00823844517039204
G3098,0.9546377738363099,-0.008064166992373818
G1009,0.9546885186023442,-0.008077709637103744
G3485,0.9547950642993729,0.008045625493075548
G2146,0.954829756481492,0.008021887436466393
G7509,0.954831237559643,0.008003296148192875
G828,0.9548481266699947,0.008029503197353514
G959,0.9550770778426143,0.00789782004139755
G1994,0.9552032283848435,-0.007935246885057522
G6756,0.95539618182203,0.008020481532819597
G3843,0.9554640993784528,-0.007930254563556158
G1694,0.955478180416218,0.007945763700392575
G2854,0.955480420168825,-0.007929907492996165
G3537,0.9556608419557578,0.007893796230521343
G2086,0.9556616595652802,-0.0077923864404467
G785,0.9557419952808968,0.00784315015922199
G3689,0.9557742954065036,0.007842870992253788
G1399,0.9559144441740899,0.007809687268156246
G3199,0.9559983070432381,-0.00781862464570262
G5144,0.9563288979483857,0.00786760145149942
G6368,0.9564009212408203,-0.00774267449322814
G6037,0.9564181847596869,0.007720866620080405
G7038,0.9564193764164841,-0.007704879565332653
G2075,0.9564226954432734,0.007821762318450597
G6373,0.9566026766898807,-0.007749319374925415
G3630,0.9567452278383105,-0.007705787269362481
G5085,0.9568077721912357,0.007700009240320091
G677,0.9568479885886088,0.007687983839393035
G3717,0.9569603201158192,-0.007565006177458153
G2482,0.9572406947598073,0.007626174677941858
G650,0.9573839503401368,0.0076312460655370345
G4894,0.9573890606160389,0.007585864946975502
G1583,0.9574022681623682,-0.007527180667121663
G4355,0.95749808531095,-0.0075325503390383085
G6396,0.9576257552870646,0.0075438964373748685
G6976,0.9576919323754658,-0.007502404843362584
G7699,0.9577044811666872,0.0076283362489583196
G4509,0.9583244714278913,0.007415539776785536
G4492,0.9583692832180732,0.007393861505693709
G278,0.9585423817133975,0.0073910673965777674
G2251,0.9585591316059976,0.0074912843285091235
G4512,0.9586136574860504,-0.007368406163881864
G550,0.9587278249909513,-0.007362618084167483
G6398,0.9588075883143087,0.007352886861026777
G4378,0.9590554057614479,-0.007305219559248587
G6259,0.9591299367065466,0.007228197772934443
G7677,0.9592719783702062,-0.007255583911465012
G4591,0.9593188084861846,-0.007285936956091785
G2139,0.9593833468677886,-0.007253667775476426
G3606,0.9594053926296318,0.0071355388737554815
G7497,0.9594856566484561,0.007214530874086379
G921,0.9595069823799929,-0.007253614733449093
G3704,0.9596239938788361,-0.007153783581624287
G2777,0.9596530447017961,-0.007171764818897999
G5288,0.9596760649927762,-0.007213874148134632
G4870,0.959741421048028,0.007189236571138938
G1604,0.9601191878459547,-0.007064237343471775
G370,0.9601609434532661,-0.007121495943555139
G1954,0.9602615597526107,-0.007053218188340303
G4553,0.9602679370876523,-0.007032577052628873
G3170,0.9603782555744578,0.007023206020066833
G3532,0.9607348115502377,-0.00703942694537911
G6272,0.9608202957266945,0.007053112392174396
G7291,0.9611518297696526,0.0069338429580713444
G1961,0.9612443657618,0.0068964834952785735
G6253,0.9613385301736926,-0.006947494369141702
G2400,0.9614631087012571,0.006848785577709061
G879,0.9614932311348944,0.006908458901887582
G5560,0.9615768319595182,-0.006906665621934587
G3488,0.9616827368241085,-0.006823423405843998
G4844,0.9617266138375434,0.006844031213591338
G189,0.9619453237750066,0.006868788189141958
G5771,0.9619945933234721,0.006863162028443138
G4419,0.9623527227419826,0.006747755083055185
G2116,0.9625711381549946,-0.006781587656756169
G4413,0.9626663210434797,-0.006667276161040719
G1347,0.9627648977588683,0.006652946324823967
G5742,0.962772515810781,0.006618112259706985
G944,0.9628234471924584,-0.006582632007181855
G4359,0.9630359732920999,0.006692382568833302
G4746,0.9631213111076139,0.006602621545000744
G3578,0.9633736899196378,-0.006492096140565541
G1461,0.9634993397436893,-0.006556367705552691
G4135,0.9635067945652466,0.0064570607314212835
G2945,0.9637835046180514,-0.006483096968492031
G6727,0.9641488428219509,0.006325751580601582
G6671,0.9642007259799004,0.006327191074174739
G3608,0.9642622785671635,0.006395859231986682
G3640,0.964322727917801,0.006296492221328028
G3092,0.9643622970829604,0.006382663740052865
G7464,0.964507322485324,0.006313591179429479
G3490,0.9645458026477748,-0.006352149858180426
G7938,0.9645942381250403,-0.006339172949435921
G4546,0.964663648060543,-0.0062286637297594245
G4586,0.9647406222716566,0.006310683510585205
G7633,0.964827866057846,-0.006290225042266163
G5362,0.9649536287069975,-0.006290413618028904
G715,0.9651024334789189,0.006195231738339003
G7126,0.9651914055663654,0.006189656810736174
G1391,0.9652111702030691,0.006241721513118177
G290,0.9654098549664518,0.006148613657257553
G5475,0.9654403861957457,0.006188608786000465
G1874,0.9655671233425163,0.006131472094226134
G7515,0.9657877858499883,0.0061468830804523
G7564,0.9659761072349503,0.006094001881528963
G4193,0.9660046133310336,-0.005980586674069945
G2897,0.9660151924288423,-0.00609884395979799
G5740,0.9660597155083606,-0.006009557501741538
G1996,0.966236917146605,-0.006030659952133859
G3832,0.9662673742903074,0.00599076614124539
G5462,0.9663517455549984,-0.005990056977039908
G1239,0.966704381361181,0.005880452304518432
G5982,0.9667841597362505,0.005902763129457391
G2232,0.9671941027285087,0.005863614703695381
G3328,0.9672990867936904,-0.005822111798995314
G5969,0.9673874029153622,-0.005755916191844382
G2174,0.9674660140928155,0.005804674599635145
G2090,0.9675152930166055,-0.005760421687429573
G2452,0.9677465553628273,0.005758478066803147
G4936,0.9678643808838658,-0.0057293721630242
G5181,0.9679892378581961,-0.005697408359630259
G2356,0.9680200459719448,-0.005712836408896639
G659,0.9681542939489819,-0.005720464633484908
G2583,0.9682790784244992,-0.005640692813963715
G2458,0.9684111732279665,-0.005628631151754883
G1410,0.9684160600804148,-0.005633445599599554
G6430,0.9684346798632015,0.005620097054963628
G3573,0.9684867832811886,-0.005610223574352619
G1463,0.9688499073477859,0.005557349946867055
G808,0.9689192953429129,-0.005569310830917324
G222,0.9689409847411501,0.005514699404856346
G4442,0.9692407393761555,-0.005456002151550414
G6595,0.9696116429724893,0.005400104600856767
G1793,0.9698318403628509,-0.005368826777240005
G4164,0.9698396042728747,0.005395688435627802
G3901,0.9698759198631601,-0.0054277980386443075
G7992,0.9699515978916061,-0.0053533069194216945
G566,0.9701747038547802,0.005325934333861964
G6982,0.9704081471132563,-0.005268691017302792
G6215,0.970429783943642,-0.00527023792221481
G3458,0.9705870706455049,-0.005238641345966629
G6741,0.9706886517009302,-0.005227609042554381
G665,0.9709267276140972,0.005223537940658074
G133,0.9710245109558662,0.005132121539360624
G7419,0.9711325626975752,-0.005125660453524795
G340,0.9712206463747306,0.0051735327645972395
G6289,0.9714015351473062,0.005109123438648271
G206,0.9716229312382245,0.005084702496659503
G2245,0.9716542981866253,0.005079944681004251
G5313,0.9720610770069311,-0.00503711653275817
G5736,0.9722489858610701,0.004939545140296616
G6647,0.9722688044821449,0.004923124414690163
G5660,0.9724513246964137,-0.004904031971091884
G3796,0.9726249540616667,0.004905186490671698
G1287,0.9726252123754546,0.004849937792278268
G2230,0.9726586875141869,0.004910039812209721
G4125,0.9729636703140739,-0.004836879919742689
G5787,0.9730629767675288,0.004785533528951188
G2841,0.9736711794888558,0.004674867801924787
G5034,0.9737546560693757,0.004676631213932696
G4352,0.9742385825339367,-0.004535215010643801
G5078,0.9743397955794916,-0.004599392734649689
G4729,0.9743456751081173,-0.004587420440985425
G5253,0.9743924012578836,0.004545737198161395
G3636,0.9744328027372824,0.004506668108203922
G4039,0.9745348776594258,-0.004489573871982679
G4121,0.9747252058052134,0.004563966582281835
G3952,0.9748007187412782,-0.004529948744912133
G887,0.9748456484048671,-0.004505715426724254
G4699,0.9748998028765542,0.00448048813948328
G7802,0.9752455020185161,-0.004452202013669523
G6360,0.9753023955673439,-0.004454556500865237
G957,0.975585308550754,-0.00436204665556684
G5126,0.9755933826093899,-0.004360899401399231
G6607,0.9756572958592643,0.004399953924194171
G4900,0.9756745207756783,0.0043526433174259594
G7849,0.9758654637656803,0.0042633555543070195
G4273,0.9760796370220797,0.004241917452076661
G3235,0.9761080692037657,-0.004264358027297273
G2058,0.9761174637284915,0.004233033605415777
G4397,0.9763829460412117,0.004192146777654303
G6068,0.9765581051432632,-0.004130729174224972
G2688,0.9765683834142174,-0.004131800961654867
G4892,0.9766896346886551,-0.004124111565975826
G6210,0.9767709598674026,0.004126174434119635
G714,0.9768164831630332,0.004178219636669487
G1350,0.9769475316194101,-0.004110362818610853
G3221,0.9770536674600334,-0.004112922793540916
G6228,0.9771245759313627,-0.004070897317775545
G3297,0.9771563926481474,-0.004051416503321914
G4041,0.9775736086315934,0.004017168253251461
G7026,0.977634254021325,-0.004023104022765295
G490,0.9776723509735177,0.003972022997468357
G3483,0.9777538172428075,0.0040075219863494995
G4968,0.9779013860297772,-0.003920802450121076
G3790,0.97802040629003,-0.003926803374862909
G2201,0.9780322182277882,-0.003903645746940192
G4619,0.9780578542045795,0.003916290611580049
G5346,0.9780790084040739,0.0038617088993884528
G7750,0.978104327504894,-0.0038819797140764007
G3046,0.9782497467320936,-0.0038825521658369688
G7692,0.9785327238276083,0.0038567990423206194
G4763,0.9786294746836703,0.0038053357028987626
G3010,0.9787225221333404,0.003815597070914537
G4130,0.9788886733681224,0.0037678018035047726
G4233,0.9789488463958534,-0.0037144230006208217
G99,0.9789775769048894,0.003749265565957497
G7774,0.9790086345872697,-0.0037465299872658977
G2695,0.979216592990655,0.003720988913480646
G6066,0.9792784250798492,-0.0036800583029787744
G7591,0.9796913301979754,0.003618325992672797
G1325,0.9798438470089843,0.003583323627495651
G5952,0.9798758742739548,-0.0036039628414078775
G7811,0.980543546106473,-0.003469983318132518
G4382,0.9807242745667883,-0.0034660938548838724
G7712,0.9809422980258635,-0.0034123899029825837
G3520,0.9810793037413374,-0.0033433437843844657
G556,0.981812767943127,0.0032436258809430633
G7629,0.9820689526557211,0.0031716508226217804
G2511,0.9821203389104843,0.003148884555838934
G3249,0.9821802675521585,0.0031983779906867606
G5752,0.9822012842767658,0.0031781855927129647
G3581,0.9822402695572103,0.0031491433870645177
G7448,0.9824778033107509,0.0031633942823162224
G7757,0.9826353901607334,0.0030696337937227694
G2785,0.9827555017615925,0.003084359627537438
G3808,0.9829485210243436,-0.003059665312649392
G4142,0.9830233179485109,0.0030148539060085603
G6928,0.9830529231609291,-0.003022469875359049
G3186,0.9835941333561271,-0.0029016365666587832
G1050,0.9838468147718293,-0.0028743359359019592
G980,0.9838599702165163,-0.00287706648257232
G2206,0.9839608791848637,-0.0028736300451107214
G7441,0.9844502557409822,0.0027855033628707802
G122,0.9844994930235147,0.002751871460324927
G1560,0.9845829001070046,0.002713884283827761
G952,0.9846836885704535,0.0027251269244249147
G1858,0.9848318576084092,-0.00271938701314014
G3148,0.9848760660632976,-0.0027034406916513496
G3341,0.9848776982786647,0.0026964709764228717
G2472,0.9848855207230183,-0.0026930640325045037
G156,0.9849034750273655,-0.0026951922867371764
G4311,0.9849074681757806,0.0026951325883067174
G3914,0.9850201280378496,0.002650497710389463
G1219,0.9850207356037131,0.0026762159112950334
G313,0.9852557150460683,0.0026307906260960947
G291,0.9853618697956539,0.0026016038502075277
G1408,0.9854187820797742,-0.0025845409816049134
G2276,0.9854552465662385,0.002584331726634746
G4930,0.9858035329281357,0.002512959477087384
G5808,0.9858453758561307,-0.002549021106363375
G3430,0.9859732547506717,0.0024949275034272505
G7002,0.9859845557058369,0.002470793514331514
G4654,0.9860274647703479,-0.00246474340824772
G6049,0.9861351097542429,-0.0024584468546225246
G1015,0.9862211124720174,0.0024462725947503056
G6984,0.9863612855478229,-0.002429407177746039
G3283,0.986476171869391,0.002430126683726261
G4982,0.9864964278356338,0.0023983342481108914
G5172,0.9866000792984875,0.002406182898330822
G1811,0.9867477749833505,-0.0023932115753445803
G1088,0.987021778116336,-0.0023169470704532493
G632,0.9871002748449859,-0.002284807883071143
G3115,0.9874461443330294,-0.0022319433571892145
G4122,0.9875854300570968,0.002214222970747843
G1536,0.9875951856722591,0.002199187850303094
G6971,0.9875994809897033,0.002209352528739934
G4540,0.9876476012203792,-0.0021872415382012235
G583,0.9877499296339447,0.00219867714312806
G4429,0.9877957677278952,-0.0021855673180337497
G628,0.9880608883231852,0.0021088197737017455
G6385,0.9880829421890502,0.002118009123221811
G6949,0.9882499861447183,0.0021287983071480703
G1250,0.9887457585254882,0.0020088203385377995
G2653,0.9887641805401453,0.00200942683222544
G5904,0.9887775356899495,-0.001995902604204863
G3188,0.988898430135199,0.001968032106826013
G5246,0.9891003064470556,0.0019372083779169123
G7697,0.9891168602204765,0.001941304091633191
G5865,0.9891522815083376,-0.0019121347022943414
G2563,0.9894095908826476,0.0018813008314570818
G2079,0.9894154793111329,0.0018787938559398994
G88,0.9894510720482588,0.001874252071631877
G3088,0.9902644419900619,-0.0017527741906676203
G3897,0.9903765717616173,-0.0017180993216969853
G3854,0.9903806305707716,-0.0016980434404427632
G5187,0.9905605968007368,0.0016762253388966997
G4212,0.9907423340379801,-0.0016424636211275893
G7612,0.9907553801668569,0.0016512455183444559
G3982,0.9908404895359048,-0.0016273128866022006
G697,0.9908511324958593,-0.0016280650275819698
G5908,0.9908928036926299,-0.0016204138666800296
G6200,0.9910048907625867,-0.0016083946228014363
G7507,0.9911825241282184,-0.001563749386353617
G6219,0.9912162637215254,0.001557907991945149
G960,0.9912754046989978,-0.0015383347420587475
G4914,0.9913334333397291,-0.001550151108415682
G61,0.991516991529187,-0.001503851125537066
G4679,0.9915475310431158,-0.0015054367413006565
G5685,0.9916718539854075,0.0014691126420724719
G2333,0.9918025025613819,0.0014783900102837613
G2718,0.9918468806697821,-0.0014669982623494793
G2635,0.9918601570062615,-0.0014591298203367933
G169,0.9918675305704927,-0.0014661270417813935
G7204,0.9920592818178474,0.001424987913440917
G1308,0.9925027310973147,0.001329439109525128
G2460,0.9926421795067573,-0.0013182476222908738
G2880,0.9927243758632239,-0.001288644559558212
G1997,0.9929515220868296,0.001252448945949834
G4379,0.9929669952488523,-0.0012532379238909003
G5516,0.9931595410461532,-0.0012277973502820864
G5541,0.9931834572142246,-0.0012275943403621268
G1218,0.993637349238332,0.0011269971375612647
G7017,0.9937366950959203,0.0011144472931436903
G7642,0.9937790184177064,-0.0011160084815747616
G7202,0.9939036235787352,-0.001088545170655181
G4324,0.9939534353937578,-0.0010830188327487515
G6941,0.9939623672234217,0.001090435646079137
G4064,0.9940527184156771,-0.0010573470826101996
G3452,0.99407007667484,-0.0010498497380144714
G2742,0.9943432518522295,-0.0010122357815280775
G5156,0.994399878051756,-0.000999928684190134
G6682,0.9944423048894873,-0.0009922499708919725
G3002,0.9944579689363858,0.0009780786766567847
G4117,0.9947514983095509,0.0009428992212947546
G7884,0.9949706410119448,-0.0008977994462010346
G1518,0.9953064880911175,-0.0008451639445137718
G3432,0.9954752937032816,-0.0008023361782443675
G6287,0.9956299855484878,-0.0007804638843775587
G1636,0.9956949907298918,-0.0007658337957678844
G2030,0.9960039454552352,-0.0007165908455182659
G460,0.9960819827989957,-0.0006961407915978496
G4263,0.9961354572315874,0.0006884856606121226
G1946,0.9961614415802065,0.0006808986984295504
G4081,0.996207563514087,-0.0006755459219656816
G813,0.9963281341980871,0.0006539399917321165
G213,0.9969276773686004,0.00054568348106297
G2786,0.996939242353795,-0.0005488953856173759
G6045,0.996965199137869,-0.0005440409171557998
G7024,0.9970287699653038,0.0005273269209782039
G1889,0.9973534957230965,0.00047420349332473704
G806,0.9973586757834412,0.0004714145063918691
G2691,0.9973837411060138,-0.00046111624835862487
G182,0.9973987647890632,0.0004600385923593303
G1244,0.997586001022022,-0.00043038280564878986
G503,0.9977224731862708,-0.0004076612753016673
G2794,0.9977324590599437,-0.0004061581860657286
G7347,0.9977909242200182,0.0003957937526252683
G6485,0.9978190816735233,0.0003893918556350793
G3599,0.998048310412494,0.000350232239909208
G5563,0.9983037117512261,-0.0002988253927233746
G3786,0.9985365396577075,-0.00026091255780216305
G1454,0.9986143585821486,0.0002463986358538419
G3346,0.9988425622703181,0.00020680723043319047
G7205,0.9988837389787979,-0.00019748374391269992
G6566,0.9989725005346899,-0.00018418217025115282
G6686,0.9991533370372443,-0.00015086479207847235
G2113,0.9992227995158269,0.00013791430474375795
G855,0.9993171595343697,0.00012191615823014477
G6981,0.9993189161714291,-0.00012289479834456243
G3970,0.9995047627271904,-8.849134279205004e-05
G4381,0.9996732748424514,-5.836227278902746e-05
G1667,0.9997234667381402,4.8998908961151566e-05
